question,ground_truth
ما هي تفاصيل ترشيح ممثل بشأن لعضوية لجنة تطوير مؤشرات التحول الرقمي؟,"السيد/[anonymized] المحترم/ة,

يتم ترشيح ممثل للمشاركة في لعضوية لجنة تطوير مؤشرات التحول الرقمي: سعادة مدير عام المركز الوطني لقياس أداء الأجهزة العامة  سلّمه الله    السلام عليكم ورحمة الله وبركاته،    إشارة إلى خطاب سعادتكم رقم (????) وتاريخ ?/??/????هـ، بشأن ترشيح ممثل للمشاركة في لجنة تطوير مؤشرات التحول الرقمي،    ترشح الهيئة الأستاذ/ [anonymized]، مدير مؤشرات التحول الرقمي، لتمثيل الهيئة في لجنة تطوير مؤشرات الأداء الخاصة ببرامج التحول الرقمي.    ونتطلع إلى أن تسهم مشاركته في مواءمة المؤشرات مع المعايير العالمية.    والسلام عليكم ورحمة الله وبركاته.

مع التحية، مؤسسة مسك"
ما هي تفاصيل ترشيح ممثل بشأن بشأن تحليل الخدمات الذكية؟,"السيد/[anonymized] المحترم/ة,

يتم ترشيح ممثل للمشاركة في بشأن تحليل الخدمات الذكية: سعادة وكيل وزارة العدل للتحول الرقمي  سلّمه الله    السلام عليكم ورحمة الله وبركاته،    إشارة إلى المبادرة المشتركة لتقييم فعالية الخدمات الذكية في القطاعات العدلية، أود إفادة سعادتكم بأن الهيئة ترشح الأستاذ/ [anonymized]، كبير محللي تجربة المستخدم، لتمثيل الهيئة ضمن الفريق الفني المشترك.    ويأتي هذا الترشيح في إطار التعاون المستمر بين الهيئة والوزارة لتطوير خدمات أكثر شمولًا وتحقيق معايير التحول الرقمي العدلي. وللتنسيق، يمكن التواصل معه عبر الهاتف المتنقل ([anonymized]) أو البريد الإلكتروني ([anonymized]).    والسلام عليكم ورحمة الله وبركاته.

مع التحية، مؤسسة مسك"
ما هي مستجدات إنشاء لجنة لتطوير القوانين والأنظمة التي تضمن الحد من بيع المركبات بشكل غير قانوني؟,"السيد/[anonymized] المحترم/ة,

توفر الإحاطة تحديثات حول إنشاء لجنة لتطوير القوانين والأنظمة التي تضمن الحد من بيع المركبات بشكل غير قانوني: صاحب المعالي وزير التجارة والصناعة  نسخة إلى وزارة الداخلية - نسخة إلى وزارة المالية    السلام عليكم ورحمة الله وبركاته،    لعلنا على تواصل مستمر بشأن كتابكم رقم (???/???) وتاريخ (????/??/?? هـ) بشأن ملاحظاتكم المتعلقة بالمركبات التي يتم بيعها وتسليمها بشكل غير قانوني مما يشكل خطرًا على المستخدمين والسلامة العامة.    نتفهم أن هناك حاجة ماسة لتطوير القوانين والأنظمة التي تضمن الحد من هذا السلوك وتحقيق العدالة للمستهلكين. نؤكد على ضرورة تطبيق أقصى العقوبات على من يتجاوز القوانين المعمول بها.    ولذا، فإننا نؤيد مقترحكم بإنشاء لجنة عليا لمتابعة مثل هذه الحالات ووضع التوصيات المناسبة للحد من هذه المخالفات بالتعاون مع الجهات ذات الصلة.    نأمل منكم التوجيه بما يلزم لتفعيل هذه التوصيات واتخاذ اللازم بما يحفظ حقوق المستهلكين ويضمن السلامة العامة.    مع خالص الشكر والتقدير،

مع التحية، مؤسسة مسك"
ما هي تفاصيل ترشيح ممثل بشأن خطاب ترشيح عضو في لجنة تطوير نظام الشكاوى الرقمي؟,"السيد/[anonymized] المحترم/ة,

يتم ترشيح ممثل للمشاركة في خطاب ترشيح عضو في لجنة تطوير نظام الشكاوى الرقمي: معالي وزير البيئة والمياه والزراعة حفظه الله  السلام عليكم ورحمة الله وبركاته،  إشارة إلى خطاب معاليكم رقم (????) وتاريخ ??/??/????هـ، بشأن تشكيل لجنة لتطوير النظام الرقمي الموحد لاستقبال الشكاوى البيئية.  أود إفادة معاليكم بأن الهيئة ترشح الأستاذ/ [anonymized]، مدير إدارة التطبيقات الرقمية، لتمثيل الهيئة في هذه اللجنة، لما لديه من تجربة في بناء أنظمة تفاعلية شاملة.  وللتنسيق يمكن التواصل معه عبر الهاتف المتنقل ([anonymized]) أو البريد الإلكتروني ([anonymized]).  والسلام عليكم ورحمة الله وبركاته.

مع التحية، مؤسسة مسك"
ما هي تفاصيل ترشيح ممثل بشأن للمشاركة في لجنة تنظيمية للتكامل الرقمي؟,"السيد/[anonymized] المحترم/ة,

يتم ترشيح ممثل للمشاركة في للمشاركة في لجنة تنظيمية للتكامل الرقمي: معالي رئيس الهيئة السعودية للبيانات والذكاء الاصطناعي  حفظه الله    السلام عليكم ورحمة الله وبركاته،    إشارة إلى خطاب معاليكم رقم (????) وتاريخ ??/?/????هـ، بشأن تشكيل لجنة تنظيمية معنية بتطوير آليات التكامل الرقمي بين منصات الخدمات الحكومية.    أود إفادة معاليكم بأن الهيئة ترشح الأستاذ/ [anonymized]، مدير وحدة الحلول التشاركية، لتمثيلها في اللجنة المشار إليها، لما له من خبرة عملية في ربط الأنظمة الحكومية وتعزيز الترابط المؤسسي.    وللتنسيق، يمكن التواصل مع الأستاذ/ [anonymized] على الهاتف المتنقل ([anonymized]) أو البريد الإلكتروني ([anonymized]).    والسلام عليكم ورحمة الله وبركاته.

مع التحية، مؤسسة مسك"
ما هي تفاصيل الدعوة لحضور ملتقى الحكومة الرقمية؟,"السيد/[anonymized] المحترم/ة,

يتم إرسال دعوة رسمية لحضور ملتقى الحكومة الرقمية: معالي وزير المواصلات والاتصالات  رئيس مجلس منظمة التعاون الرقمي  مملكة البحرين  حفظه الله    السلام عليكم ورحمة الله وبركاته،    تعتزم هيئة الحكومة الرقمية تنظيم ملتقى الحكومة الرقمية – النسخة الثانية، وذلك على مدى يومين خلال الفترة من 19 إلى 20 ديسمبر 2023م، بمدينة الرياض، بمشاركة عدد من الجهات الحكومية، ونخبة من الخبراء والمختصين، وصنّاع القرار في مجال الحكومة الرقمية على الصعيدين المحلي والدولي.    ويهدف الملتقى إلى إبراز إنجازات الحكومة الرقمية، واستعراض قصص النجاح محليًا ودوليًا، وتمكين اللقاء والتواصل بين أقطاب المجتمع الرقمي، وتبادل الخبرات، وبناء الشراكات، ومشاركة التجارب، ومناقشة التحديات، وبحث أفضل الممارسات التقنية الحديثة، واستعراض التوجهات المستقبلية للحكومات الرقمية.  ويسرني دعوتكم لحضور هذا الملتقى والاطلاع على تجارب المملكة والجلسات الحوارية الملهمة المصاحبة له.  آمل تأكيد حضوركم عبر البريد الإلكتروني: [anonymized]، وذلك قبل نهاية شهر سبتمبر 2023م.  ولمزيد من المعلومات، يمكنكم أيضًا التواصل عبر البريد ذاته.    وتفضلوا معاليكم بقبول خالص تحياتي.    م. [anonymized]  محافظ هيئة الحكومة الرقمية

مع التحية، مؤسسة مسك"
ما هي إجراءات تنسيق إجراءات إقامة التصفيات النهائية لمسابقة (حرف)؟,"السيد/[anonymized] المحترم/ة,

يتطلب تنسيق إجراءات إقامة التصفيات النهائية لمسابقة (حرف) التواصل مع الجهات: السادة منسوبي الهيئة العامة للمعارض والمؤتمرات  المحترمين    السلام عليكم ورحمة الله وبركاته،    نظرًا إلى استعداد مجمع الملك سلمان العالمي للغة العربية لإقامة التصفيات النهائية لمسابقة (حرف)، والتي ستُعقد في قاعة فندق بريرا – قرطبة بمدينة الرياض، وذلك يوم الثلاثاء 12 / 5 / 1446هـ الموافق 13 / 11 / 2024م،    آمل منكم التكرم بتيسير إجراءات إقامة الحفل وترتيباته حسب الأنظمة والإجراءات المتبعة،  وأن يتم التنسيق مع الشركة المنفذة التي ترونها مناسبة لهذا الحدث.    ويمكن للمختصين لديكم التواصل مع ممثل المجمع الأستاذ/ X عبر:   • الهاتف المتنقل: 0000000000   • البريد الإلكتروني: [anonymized]    وتفضلوا بقبول خالص التحية والتقدير.    أ.[anonymized]. [anonymized]  الأمين العام – مجمع الملك سلمان العالمي للغة العربية

مع التحية، مؤسسة مسك"
ما هي تفاصيل ترشيح ممثل بشأن في فريق تطوير منصة الخدمات اللوجستية؟,"السيد/[anonymized] المحترم/ة,

يتم ترشيح ممثل للمشاركة في في فريق تطوير منصة الخدمات اللوجستية: معالي وزير النقل والخدمات اللوجستية  حفظه الله    السلام عليكم ورحمة الله وبركاته،    إشارة إلى خطاب معاليكم رقم (1234) وتاريخ 10/2/1447هـ، بشأن طلب ترشيح ممثل عن الهيئة ضمن فريق العمل الفني لمشروع تطوير منصة الخدمات اللوجستية.    أود إفادة معاليكم بأن الهيئة ترشح الأستاذ/ [anonymized]، مدير إدارة الحلول الرقمية، لتمثيلها في الفريق، لما له من خبرة عملية في تطوير الأنظمة الرقمية في مجال الخدمات اللوجستية.    وللتنسيق في هذا الشأن، يمكن التواصل مع الأستاذ/ [anonymized]، بالهاتف المتنقل ([anonymized]) أو البريد الإلكتروني ([anonymized]).    والسلام عليكم ورحمة الله وبركاته.

مع التحية، مؤسسة مسك"
ما هي تفاصيل تبليغ قرار مجلس الإدارة رقم (م-10-2) بشأن التقرير السنوي لهيئة الحكومة الرقمية لعام 2024م؟,"السيد/[anonymized] المحترم/ة,

سعادة كبير الاستشاريين  سلّمه الله    السلام عليكم ورحمة الله وبركاته،    إشارة إلى محضر اجتماع مجلس الإدارة رقم (م-10) المنعقد بتاريخ 10/9/1446هـ الموافق 10/3/2025م، المتضمن مداولة المجلس حول التقرير السنوي لهيئة الحكومة الرقمية لعام 2024م، واستنادًا إلى ما يلي:   1. المادة (التاسعة والعشرون) من نظام مجلس الوزراء، الصادر بالأمر الملكي رقم (أ/13) وتاريخ 3/3/1414هـ، التي تنص على رفع الجهات الحكومية تقريرًا سنويًا لمجلس الوزراء خلال تسعين يومًا من بداية كل سنة مالية.   2. الأمر السامي الكريم رقم (26345) وتاريخ 19/12/1422هـ، القاضي بالموافقة على قواعد إعداد التقارير السنوية.   3. الفقرة (14) من المادة (السابعة) من تنظيم هيئة الحكومة الرقمية (قرار مجلس الوزراء رقم 418 وتاريخ 25/7/1442هـ) بشأن إقرار مشروع الميزانية والحساب الختامي والتقرير السنوي ورفعها حسب الإجراءات النظامية.   4. المادة (15) من التنظيم ذاته، المتعلقة برفع الحساب الختامي السنوي.   5. الفقرة (6) من المادة (الحادية عشرة) من لائحة عمل مجلس الإدارة المعتمدة بقرار المجلس رقم (1-2-2021م) وتاريخ 4/7/2021م.   6. الفقرة (14) من المادة (الثامنة) من لائحة عمل مجلس الإدارة المتعلقة بإقرار التقرير السنوي.   7. النموذج المعتمد من المركز الوطني لقياس أداء الأجهزة العامة.    وبناءً على ما تقدم، وما جرى من مناقشة في المجلس، وبعد اطلاع أصحاب المعالي على التقرير السنوي، أصدر المجلس قراره رقم (م-10-2) وتاريخ 10/9/1446هـ الموافق 10/3/2025م، القاضي بـ:    “الموافقة على التقرير السنوي لهيئة الحكومة الرقمية لعام 2024م، والرفع به لاستكمال الإجراءات النظامية.”    للاطلاع واتخاذ ما يلزم.    والسلام عليكم ورحمة الله وبركاته.    م. [anonymized]  محافظ هيئة الحكومة الرقمية

مع التحية، مؤسسة مسك"
ما هي تفاصيل ترشيح ممثل بشأن بشأن تفعيل أعمال البلاغ الرقمي؟,"السيد/[anonymized] المحترم/ة,

يتم ترشيح ممثل للمشاركة في بشأن تفعيل أعمال البلاغ الرقمي: الموضوع: بشأن تفعيل أعمال البلاغ الرقمي    معالي رئيس الهيئة السعودية للبيانات والذكاء الاصطناعي  حفظه الله    السلام عليكم ورحمة الله وبركاته    إشارة إلى قرار مجلس الوزراء رقم (418) وتاريخ 1444/7/25هـ، الصادر بالموافقة على تنظيم هيئة الحكومة الرقمية، الذي نص في مادته الثالثة على أن “الهيئة هي الجهة المختصة بكل ما يتعلق بالحكومة الرقمية، وتعد المرجع الوطني في شؤونها”، وما تضمنه في مادته الرابعة بأن تتولى الهيئة –وبالتنسيق مع الجهات ذات العلاقة– تنظيم أعمال الحكومة الرقمية، والمنصات والمواقع والخدمات الحكومية الرقمية.    أود إفادة معاليكم بأن هيئة الحكومة الرقمية أطلقت خدمة “بلّغ رقمي” عن طريق مركز “آمر”، إذ تعمل الخدمة على استقبال بلاغات المستفيدين ومتابعتها من الجهات والمنصات الحكومية، بهدف المساهمة في رفع مستويات المشاركة والتفاعل بين الجهات الحكومية والمستفيدين، وتوفير بوابة تيسيرية من الخدمات الحكومية الرقمية، وزيادة الثقة وتحسين مستويات الاستخدام لرفع كفاءة الأداء الحكومي ورضا المستفيدين، مما يساهم في تحسين مركز المملكة في المؤشرات الدولية ذات العلاقة.    كما أن خدمة البلاغ الرقمي لها عدة مسارات لتلقي بلاغات المستفيدين حول الخدمات الحكومية الرقمية، وفق منهجية عمل مؤسسية، لتمكين المستفيدين من تقديم شكواهم على نحو يليق بخدمة حكومية رقمية، أو طلب تحويل شكوى رقمية، أو اقتراح تطوير خدمة حكومية قائمة وفق اشتراطات محددة.    عليه، ونظرًا إلى أهمية الدور الفاعل لجهتكم الموقرة في الخدمات الرقمية التي تقدمها للمستفيدين، آمل تفضل معاليكم بترشيح ضابط اتصال لخدمة “بلّغ رقمي”، ليمنح الصلاحيات اللازمة لأنظمة مركز تفاعل المستفيدين لتلقي البلاغات والرد عليها وفق مؤشرات الأداء والضوابط والمعايير التي تضعها هذه الهيئة.    يمكن للمختصين التواصل في هذا الشأن مع الأستاذة/ (X)، عبر الهاتف المتنقل (0000000000) أو البريد الإلكتروني: [anonymized]    وتفضلوا معاليكم بقبول خالص تحياتي،  م. [anonymized]  محافظ هيئة الحكومة الرقمية

مع التحية، مؤسسة مسك"
ما هي تفاصيل ترشيح ممثل بشأن عن الهيئة في اللجنة التنسيقية لمبادرة الخدمات البلدية؟,"السيد/[anonymized] المحترم/ة,

يتم ترشيح ممثل للمشاركة في عن الهيئة في اللجنة التنسيقية لمبادرة الخدمات البلدية: صاحب السمو الملكي الأمير [anonymized]  أمير منطقة القصيم  حفظه الله    السلام عليكم ورحمة الله وبركاته،    إشارة إلى خطاب سموكم رقم (????) وتاريخ ??/?/????هـ، بشأن المبادرة الرقمية لتعزيز كفاءة الخدمات البلدية في المنطقة، أود إفادة سموكم بأن الهيئة ترشح الأستاذ/ [anonymized]، مدير إدارة تحسين الخدمات الرقمية، ليكون ممثلًا عنها في اللجنة التنسيقية التي تعمل على متابعة التنفيذ المرحلي للمبادرة بالتعاون مع الأمانة والجهات الأخرى ذات العلاقة.    عليه، آمل من سموكم التفضل بالموافقة على الترشيح، وتوجيه المختصين بالتنسيق مع المرشح لاستكمال الإجراءات التنظيمية.  وللتنسيق في هذا الشأن أو الحصول على مزيد من التفاصيل، يمكن التواصل مع الأستاذ/ [anonymized]، بالهاتف المتنقل ([anonymized]) أو البريد الإلكتروني ([anonymized]).    والسلام عليكم ورحمة الله وبركاته.

مع التحية، مؤسسة مسك"
ما هي متطلبات دعم لمشروع تطوير تطبيقات حكومية رقمية؟,"السيد/[anonymized] المحترم/ة,

يتطلب دعم لمشروع تطوير تطبيقات حكومية رقمية تقديم طلب رسمي مع الوثائق: معالي وزير المالية حفظه الله    السلام عليكم ورحمة الله وبركاته،    إشارة إلى مبادرة الهيئة لتطوير تطبيقات حكومية ذكية،  نرفع إلى معاليكم طلبًا لدعم مالي لتنفيذ مشروع ""تطبيقات حكومية ذكية""،  والذي يهدف إلى تسهيل الخدمات للمواطنين، وتحسين تجربة المستفيدين من خلال توفير حلول رقمية مبتكرة ترفع من كفاءة الخدمات الحكومية وتسرّع إنجاز المعاملات.    نأمل من معاليكم التكرم بالتوجيه بما يلزم لدعم المشروع واعتماده ضمن المشاريع ذات الأولوية.    والسلام عليكم ورحمة الله وبركاته.

مع التحية، مؤسسة مسك"
ما هي تفاصيل ترشيح ممثل بشأن بشأن ترشيح ضابط اتصال لمبادرة الذكاء الاصطناعي التوليدي للجميع – ICAIRE؟,"السيد/[anonymized] المحترم/ة,

يتم ترشيح ممثل للمشاركة في بشأن ترشيح ضابط اتصال لمبادرة الذكاء الاصطناعي التوليدي للجميع – ICAIRE: معالي رئيس الهيئة السعودية للبيانات والذكاء الاصطناعي  حفظه الله    السلام عليكم ورحمة الله وبركاته    إشارة إلى إطلاق مبادرة “الذكاء الاصطناعي التوليدي للجميع – ICAIRE” تحت مظلة المركز الدولي للأبحاث وأخلاقيات الذكاء الاصطناعي، خلال اجتماع الجمعية العامة لمنظمة التعاون الرقمي، المنعقد بتاريخ 31 يناير 2024م.    وحيث إن المملكة ستقود ملف هذه المبادرة لبناء وتنمية القدرات في مجال الذكاء الاصطناعي، وتطوير سياسات الذكاء الاصطناعي، بالتعاون مع الدول الأعضاء في منظمة التعاون الرقمي.    عليه، آمل منكم ترشيح ضابط اتصال لبحث آلية تفعيل المبادرة مع منظمة التعاون الرقمي، ومناقشة الخطوات القادمة.    ويمكن للمختصين لديكم التواصل في هذا الشأن مع الأستاذة/ (الاسم: X)، عبر:   • الهاتف المتنقل: 0000000000   • البريد الإلكتروني: [anonymized]    وتفضلوا معاليكم بقبول خالص تحياتي،    وزير الاتصالات وتقنية المعلومات  [anonymized]

مع التحية، مؤسسة مسك"
ما هي مستجدات نتائج فحص مكونات منتج “مصنع الأغذية المثالية؟,"السيد/[anonymized] المحترم/ة,

توفر الإحاطة تحديثات حول نتائج فحص مكونات منتج “مصنع الأغذية المثالية: صاحب المعالي وزير الشؤون البلدية والقروية والإسكان  حفظه الله  نسخة لـ:   • وزارة الداخلية   • وزارة التجارة   • وزارة الصحة   • الهيئة العامة للغذاء والدواء    السلام عليكم ورحمة الله وبركاته  أشير إلى برقية معالي رئيس مجلس إدارة الهيئة العامة للغذاء والدواء رقم ?????/ع وتاريخ ????/?/??هـ، بشأن ما قامت به الهيئة من تحاليل مخبرية وتفتيش لمطاعم (موري سوشي)، بمكة المكرمة، حيث ظهر حالات تسمم المتضمنة أن نتائج تحليل عدد من العينات أكدت وجود بكتيريا في عبوة من مادة المايونيز من ماركة CBON TUM، تم إنتاجها في “مصنع الأغذية المثالية للمنتجات الغذائية” بمكة المكرمة.    وحيث إن الأمر يتطلب حرصًا على السلامة والصحة العامة، آمل تعميد الجهة المختصة بإيقاف توزيع المنتج، وسحبه فورًا من الأسواق والمطاعم، وجمعه وإتلافه في جميع مناطق المملكة، والحرص كل الحرص على ذلك، وإفادتنا بما يتم اتخاذه من إجراءات.    وتقبلوا أطيب تحياتي وتقديري،  [anonymized]  رئيس الديوان الملكي

مع التحية، مؤسسة مسك"
ما هي أسباب الاعتذار عن حضور اجتماع اللجنة الفنية للتكامل الرقمي في المساجد؟,"السيد/[anonymized] المحترم/ة,

يتم تقديم الاعتذار بسبب تعارض المواعيد: معالي وزير الشؤون الإسلامية والدعوة والإرشاد  حفظه الله    السلام عليكم ورحمة الله وبركاته،    إشارة إلى خطاب معاليكم رقم (???) وتاريخ ??/??/????هـ، بشأن تحديد موعد اجتماع اللجنة الفنية للتكامل الرقمي في المساجد،    نود إفادة معاليكم بتعذر الهيئة حضور الاجتماع الفني المقرر خلال الأسبوع الجاري، بسبب ارتباطات تشغيلية مسبقة.    آمل من معاليكم التفضل باعتماد موعد جديد في الأسبوع الذي يليه، والتنسيق مع فريق الهيئة لترتيب الحضور.    والسلام عليكم ورحمة الله وبركاته.

مع التحية، مؤسسة مسك"
ما هي تفاصيل الإفادة بشأن تزويد جامعة الإمام بسلسلة يسير التعليمية لتعليم اللغة العربية للناطقين بغيرها؟,"السيد/[anonymized] المحترم/ة,

توفر الإفادة معلومات حول تزويد جامعة الإمام بسلسلة يسير التعليمية لتعليم اللغة العربية للناطقين بغيرها: سعادة وكيل جامعة الإمام محمد بن سعود الإسلامية للشؤون التعليمية  سلمه الله    السلام عليكم ورحمة الله وبركاته،    إشارة إلى خطابكم رقم (1279) وتاريخ 1446/5/26هـ، الموافق 2024/11/28م، المتضمن طلب الحصول على سلسلة المجمع الأكاديمية الخاصة بتعليم اللغة العربية للناطقين بغيرها (يسير)، للإفادة منها في معاهد الجامعة وبرامجها الأكاديمية داخل المملكة وخارجها.    نفيدكم بأن مجمع الملك سلمان العالمي للغة العربية يتشرف بتقديم هذه السلسلة التعليمية لدعم جهودكم الأكاديمية، ونأمل من سعادتكم التكرم بتزويد المجمع بعدد النسخ المطلوبة، وفئات المتعلمين، ومستوياتهم، وطبيعة البرنامج، ليتم توفير السلسلة وفق الاحتياج.    وتجدون مرفقًا النشرة التعريفية بسلسلة (يسير) التعليمية.    ويثمّن المجمع تعاون الجامعة المستمر، لما فيه من خدمة للغة العربية، وتعزيز لمكانتها محليًا ودوليًا.    ويمكن للمختصين لديكم التواصل في هذا الشأن مع الأستاذة/ [anonymized]، عبر:   • الهاتف المتنقل: 0000000000   • البريد الإلكتروني: [anonymized]    وتفضلوا بقبول خالص التحية والتقدير.    أ.[anonymized]. [anonymized]  الأمين العام – مجمع الملك سلمان العالمي للغة العربية

مع التحية، مؤسسة مسك"
ما هي تفاصيل الموافقة على اللائحة التنفيذية لنظام الأوسمة السعودية؟,"السيد/[anonymized] المحترم/ة,

إن مجلس الوزراء    بعد الاطلاع على المعاملة الواردة من الديوان الملكي برقم 22127 وتاريخ 10 / 6 / 1435هـ، المشتملة على برقية معالي رئيس الديوان الملكي رقم 1919 وتاريخ 19 / 5 / 1435هـ، المرافق لها مشروع اللائحة التنفيذية لنظام الأوسمة السعودية ونماذج للإرادات المقترحة للأوسمة،    وبعد الاطلاع على نظام الأوسمة السعودية، الصادر بالمرسوم الملكي رقم (م/39) وتاريخ 24 / 6 / 1434هـ،    وبعد الاطلاع على المحضرين رقم (17) وتاريخ 10 / 6 / 1434هـ، ورقم (111) وتاريخ 14 / 3 / 1435هـ، المعدين في هيئة الخبراء بمجلس الوزراء،    وبعد الاطلاع على توصية اللجنة العامة لمجلس الوزراء رقم (531) وتاريخ 3 / 5 / 1435هـ،    يقرر:    الموافقة على اللائحة التنفيذية لنظام الأوسمة السعودية، بالصيغة المرافقة.    التوقيع:  رئيس مجلس الوزراء

مع التحية، مؤسسة مسك"
ما هي متطلبات الموافقة على تنفيذ مشروع التحول الرقمي للخدمات العدلية؟,"السيد/[anonymized] المحترم/ة,

يتطلب الموافقة على تنفيذ مشروع التحول الرقمي للخدمات العدلية تقديم طلب رسمي مع الوثائق: معالي وزير العدل  حفظه الله    السلام عليكم ورحمة الله وبركاته،    إشارة إلى جهود وزارة العدل في تعزيز الكفاءة والشفافية ضمن القطاع العدلي،  ترفع هيئة الحكومة الرقمية إلى معاليكم طلبًا للموافقة على تنفيذ مشروع “التحول الرقمي للخدمات العدلية”،  والذي يهدف إلى رقمنة الإجراءات القضائية، وتسريع عملية التقاضي، من خلال تطوير منصات إلكترونية متقدمة تسهم في تسهيل وصول المواطنين والمقيمين إلى الخدمات العدلية،  وتقليص المدة الزمنية اللازمة لإنجاز المعاملات، بما ينسجم مع مستهدفات العدالة الناجزة ورؤية المملكة 2030.    نأمل من معاليكم التكرم بالموافقة والتوجيه بما يلزم لاعتماد المشروع وبدء تنفيذه بالتنسيق مع الجهات المعنية.    والسلام عليكم ورحمة الله وبركاته.    م. [anonymized]  محافظ هيئة الحكومة الرقمية

مع التحية، مؤسسة مسك"
ما هي تفاصيل الدعوة لحضور ملتقى البيانات الاستثمارية؟,"السيد/[anonymized] المحترم/ة,

يتم إرسال دعوة رسمية لحضور ملتقى البيانات الاستثمارية: معالي وزير الاستثمار  حفظه الله    السلام عليكم ورحمة الله وبركاته،    إشارة إلى خطاب معاليكم رقم (????) وتاريخ ?/??/????هـ، بشأن دعوة لحضور ملتقى البيانات الاستثمارية،    يسر الهيئة دعوتكم للمشاركة في ملتقى البيانات الاستثمارية، المزمع عقده يوم الأربعاء ??/??/????هـ في مدينة الرياض، وذلك بمشاركة نخبة من ممثلي الجهات الحكومية والقطاع الخاص.    وسيتناول الملتقى أبرز التحديات في إتاحة البيانات، وآليات التكامل بين منصات الاستثمار الحكومية.    والسلام عليكم ورحمة الله وبركاته.

مع التحية، مؤسسة مسك"
ما هي تفاصيل ترشيح ممثل بشأن ترشيح ممثلة المجمع للمشاركة في إعداد التقرير الوطني لتنفيذ توصية اليونسكو بشأن العلم المفتوح؟,"السيد/[anonymized] المحترم/ة,

يتم ترشيح ممثل للمشاركة في ترشيح ممثلة المجمع للمشاركة في إعداد التقرير الوطني لتنفيذ توصية اليونسكو بشأن العلم المفتوح: معالي رئيس مدينة الملك عبد العزيز للعلوم والتقنية  حفظه الله    السلام عليكم ورحمة الله وبركاته،    إشارة إلى برقية معاليكم رقم (3469) وتاريخ 1446/05/04هـ، بشأن كتاب معالي مدير عام منظمة الأمم المتحدة للتربية والعلم والثقافة (اليونسكو) رقم (CL/4475)، المتعلق بتنفيذ توصية اليونسكو بشأن العلم المفتوح، وما تضمنه من طلب تقديم تقرير وطني يتضمن الجهود الوطنية والتدابير المتخذة بالتعاون مع الجهات الوطنية ذات العلاقة.    نفيد معاليكم أن ممثلة المجمع في هذا المشروع هي الأستاذة/ [anonymized] – قطاع الحوسبة اللغوية.  ويمكن التواصل معها عبر:   • الجوال: [anonymized]   • البريد الإلكتروني: [anonymized]    وتم استكمال ما يخص المجمع من فقرات الاستبانة (مرفقة مع الخطاب).    نؤكد دعمنا لكل ما يسهم في تحقيق الأهداف الوطنية، ونشيد بجهودكم ودوركم في هذه المبادرة التي تُعزز التعاون العلمي والمشاركة الفاعلة بين الدول الأعضاء.    متطلعين إلى التعاون المثمر معكم في هذا المشروع الوطني.    وتفضلوا بقبول خالص التحية والتقدير.    أ.[anonymized]. [anonymized]  الأمين العام – مجمع الملك سلمان العالمي للغة العربية

مع التحية، مؤسسة مسك"
ما هي متطلبات تسمية مدير حساب مجمع الملك سلمان العالمي للغة العربية في بوابة الجهات الحكومية التابعة لديوان المظالم؟,"السيد/[anonymized] المحترم/ة,

يتطلب تسمية مدير حساب مجمع الملك سلمان العالمي للغة العربية في بوابة الجهات الحكومية التابعة لديوان المظالم تقديم طلب رسمي مع الوثائق: معالي رئيس ديوان المظالم  رئيس مجلس القضاء الإداري  حفظه الله    السلام عليكم ورحمة الله وبركاته،    إشارة إلى تعميم معاليكم الإلحاقي رقم (46/40/42580/46) وتاريخ 1446/04/20هـ،  وتعميم ديوان المظالم رقم (92800) وتاريخ 1444/11/10هـ، بشأن طلب تسمية مدير لحساب الجهة في منصة التنفيذ الإدارية، وتفويضه بإضافة وحذف ممثلي الجهة وفروعها المفوضين بتقديم الطلبات والمرافعة فيها، واستلام ما يصدر بشأنها،  وإلى تعميم ديوان المظالم رقم (61926) وتاريخ 1445/07/18هـ بشأن نفس الموضوع.    أود إفادة معاليكم بأن الأستاذ/ [anonymized] هو مدير حساب مجمع الملك سلمان العالمي للغة العربية في بوابة الجهات الحكومية، وتاريخ ميلاده: 01/06/1413هـ، ورقم الهوية الوطنية: [anonymized].    ويمكن للمختصين لديكم التواصل معه عبر:   • الهاتف المتنقل: 0000000000   • البريد الإلكتروني: [anonymized]    وتفضلوا بقبول خالص التحية والتقدير.    أ.[anonymized]. [anonymized]  الأمين العام – مجمع الملك سلمان العالمي للغة العربية

مع التحية، مؤسسة مسك"
ما هي متطلبات دعم لإنشاء مركز وطني لتحليل البيانات الصحية؟,"السيد/[anonymized] المحترم/ة,

يتطلب دعم لإنشاء مركز وطني لتحليل البيانات الصحية تقديم طلب رسمي مع الوثائق: معالي وزير الصحة حفظه الله    السلام عليكم ورحمة الله وبركاته،    في إطار السعي نحو تطوير القطاع الصحي، نرفع إلى معاليكم طلبًا لإنشاء “المركز الوطني لتحليل البيانات الصحية”،  الذي سيُعنى بجمع وتحليل البيانات الصحية لتحسين مستوى الخدمات، وتطوير استراتيجيات استباقية للتعامل مع الأوبئة والأمراض المزمنة.    نأمل من معاليكم التكرم بالموافقة والتوجيه بما يلزم لتخصيص الدعم المالي والفني لإنشاء المركز.    والسلام عليكم ورحمة الله وبركاته.

مع التحية، مؤسسة مسك"
ما هي متطلبات دعم فني لإطلاق منصة إلكترونية؟,"السيد/[anonymized] المحترم/ة,

يتطلب دعم فني لإطلاق منصة إلكترونية تقديم طلب رسمي مع الوثائق: معالي رئيس هيئة الحكومة الرقمية حفظه الله    السلام عليكم ورحمة الله وبركاته،    انطلاقًا من حرص الجهة على تطوير بيئة العمل الحكومي وتحسين تجربة المستفيد،  نرفع إلى معاليكم طلبًا لدعم فني لإطلاق منصة إلكترونية تهدف إلى تسهيل الإجراءات الإدارية وتحسين جودة الخدمات الحكومية،  وذلك عبر توفير بوابة موحدة تتيح تنفيذ المعاملات إلكترونيًا، وتحقيق التكامل بين الأنظمة الحكومية المختلفة.    نأمل من معاليكم التكرم بالتوجيه بما يلزم لتقديم الدعم الفني اللازم للفرق المختصة، لضمان إطلاق المنصة وفق أفضل المعايير التقنية.    والسلام عليكم ورحمة الله وبركاته.

مع التحية، مؤسسة مسك"
ما هي متطلبات ترشيح للمشاركة في برنامج تدريبي دولي حول التحول الرقمي في التعليم؟,"السيد/[anonymized] المحترم/ة,

يتطلب ترشيح للمشاركة في برنامج تدريبي دولي حول التحول الرقمي في التعليم تقديم طلب رسمي مع الوثائق: معالي وزير التعليم  حفظه الله    السلام عليكم ورحمة الله وبركاته،    يسر هيئة الحكومة الرقمية إحاطة معاليكم برغبتها في ترشيح الأستاذة/ [anonymized] – من منسوبي الهيئة – للمشاركة في البرنامج التدريبي الدولي حول التحول الرقمي في المؤسسات التعليمية،  والذي تنظمه منظمة التعاون والتنمية الاقتصادية (OECD)، وذلك في مدينة باريس – الجمهورية الفرنسية، خلال الفترة من 1445/11/1هـ إلى 1445/11/10هـ الموافق 2024/05/09م إلى 2024/05/18م.    يهدف البرنامج إلى تعزيز قدرات المشاركين في مجالات التخطيط الاستراتيجي للتعليم الرقمي، وتبني التقنيات التعليمية الحديثة، وإدارة التغيير في بيئات التعلم، ويُعد من البرامج النوعية التي تسهم في دعم خطط التحول الرقمي للجهات التعليمية.    نأمل من معاليكم التكرم بالموافقة على مشاركة المرشحة، والتوجيه بما يلزم لاستكمال إجراءات الترشيح الرسمية بالتنسيق مع الهيئة.    والسلام عليكم ورحمة الله وبركاته.    م. [anonymized]  محافظ هيئة الحكومة الرقمية

مع التحية، مؤسسة مسك"
ما هي تفاصيل ترشيح ممثل بشأن طلب مشاركة في إعداد مؤشرات الأداء الرقمية؟,"السيد/[anonymized] المحترم/ة,

يتم ترشيح ممثل للمشاركة في طلب مشاركة في إعداد مؤشرات الأداء الرقمية: معالي رئيس الهيئة العامة للإحصاء  حفظه الله    السلام عليكم ورحمة الله وبركاته،    إشارة إلى خطاب معاليكم رقم (????) وتاريخ ??/?/????هـ، بشأن تطوير مؤشرات الأداء الرقمية للبيانات الإحصائية المفتوحة.    أود إفادة معاليكم بأن الهيئة بدأت إعداد إطار عمل وطني لمؤشرات الأداء الرقمية، وتحرص على إشراك الجهات ذات العلاقة في صياغته، لضمان تكاملية النتائج.    عليه، آمل من معاليكم التفضل بتسمية من ترونه مناسبًا من المختصين لدى الهيئة للمشاركة في الفريق المشترك. وللتنسيق يمكن التواصل مع الأستاذ/ [anonymized]، بالهاتف المتنقل ([anonymized]) أو البريد الإلكتروني ([anonymized]).    والسلام عليكم ورحمة الله وبركاته.

مع التحية، مؤسسة مسك"
ما هي تفاصيل ترشيح ممثل بشأن بشأن ترشيح منسوبي المعهد لبرنامج الشهادات الرقمية الاحترافية؟,"السيد/[anonymized] المحترم/ة,

يتم ترشيح ممثل للمشاركة في بشأن ترشيح منسوبي المعهد لبرنامج الشهادات الرقمية الاحترافية: سعادة مدير عام معهد الإدارة العامة  سلّمه الله    السلام عليكم ورحمة الله وبركاته،    إشارة إلى التنسيق القائم بين الهيئة والمعهد في مجالات بناء القدرات الرقمية للكوادر الوطنية.    أود إفادة سعادتكم بأن الهيئة بصدد إطلاق “برنامج الشهادات الرقمية الاحترافية”، الموجه للقيادات التقنية في الجهات الحكومية، بالتعاون مع مؤسسات دولية معتمدة.    نأمل من سعادتكم التكرم بترشيح عدد من منسوبي المعهد للالتحاق بالبرنامج في مرحلته الأولى.    والسلام عليكم ورحمة الله وبركاته.

مع التحية، مؤسسة مسك"
ما هي مستجدات تقرير الجاهزية الرقمية لمنطقة حائل؟,"السيد/[anonymized] المحترم/ة,

توفر الإحاطة تحديثات حول تقرير الجاهزية الرقمية لمنطقة حائل: سعادة الرئيس التنفيذي لهيئة تطوير منطقة حائل  سلّمه الله    السلام عليكم ورحمة الله وبركاته،    إشارة إلى خطاب سعادتكم رقم (???) وتاريخ ??/??/????هـ، بشأن طلب تزويد الهيئة بتقرير الجاهزية الرقمية لمنطقة حائل.    أود إفادة سعادتكم بأن الجاهزية الرقمية للإمارة والجهات المرتبطة بها جرت دراستها ضمن تقرير “جاهزية المناطق الرقمية”، وتبيّن أن هناك تقدّمًا ملحوظًا في البنية التقنية والتكامل مع المنصات الوطنية، مع وجود فرص للتحسين في خدمات البيانات المفتوحة.    وحرصًا على دعم جهودكم، يسر الهيئة تزويدكم بنسخة من التقرير التفصيلي، كما يمكن التواصل مع الأستاذ/ [anonymized]، بالهاتف المتنقل ([anonymized]) أو البريد الإلكتروني ([anonymized]) لمزيد من التفاصيل.    والسلام عليكم ورحمة الله وبركاته.

مع التحية، مؤسسة مسك"
ما هي مستجدات  التهنئة بمناسبة حلول عيد الفطر المبارك ؟,"السيد/[anonymized] المحترم/ة,

توفر الإحاطة تحديثات حول  التهنئة بمناسبة حلول عيد الفطر المبارك : سعادة الدكتور/ [anonymized]  المستشار والمشرف العام على مكتب رئيس جامعة شقراء  سلمه الله    السلام عليكم ورحمة الله وبركاته،    تلقينا ببالغ الشكر والامتنان تهنئتكم بمناسبة حلول عيد الفطر المبارك (1446هـ)، وأشكر لمعاليكم هذه البادرة ومشاعركم الطيبة، ويسعدني أن أبادلكم التهاني وخالص الدعوات بأن يديم المولى على هذا الوطن نعمة الأمن والرخاء في ظل القيادة الرشيدة -حفظها الله-، وأسأل الله أن يعيده علينا جميعًا وعلى الأمتين العربية والإسلامية بالخير واليُمن والبركات.    والسلام عليكم ورحمة الله وبركاته.    [anonymized]  مدير عام مكتب المحافظ

مع التحية، مؤسسة مسك"
ما هي متطلبات بشأن الاستثناء من المشاركة في دورة قياس التحول الرقمي؟,"السيد/[anonymized] المحترم/ة,

يتطلب بشأن الاستثناء من المشاركة في دورة قياس التحول الرقمي تقديم طلب رسمي مع الوثائق: معالي الرئيس التنفيذي  مستشفى الملك فيصل التخصصي ومركز الأبحاث  حفظه الله    السلام عليكم ورحمة الله وبركاته،    إشارة إلى برقية معاليكم رقم (4417753/9) وتاريخ 1446/10/17هـ، المتضمنة رغبة مستشفى الملك فيصل التخصصي ومركز الأبحاث في سحب ترشيح المستشفى من المشاركة في “قياس التحول الرقمي” (Qiyas2030)، نظرًا لما يمر به المستشفى هذا العام جزءًا من خطة لتحوله، من إعادة الترتيبات والإجراءات في المعايير والمؤشرات.    أفيد معاليكم بأنه جرت دراسة الموضوع من ذوي الاختصاص في هذه الهيئة وفق معايير ترشيح الجهات الحكومية المشمولة في دورة قياس (Qiyas 2030)، وجرت قبول طلب الاستثناء.    عليه؛ أود إفادتكم بأن المستشفى لن يكون مشمولًا ضمن دورة قياس (Qiyas 2030) لهذا العام، على أن يتم تضمينه -بإذن الله- في دورة العام القادم (Qiyas 2031). وفي حال وجود أي استفسارات في هذا الشأن، يمكن للمختصين لدى جهتكم الموقرة التواصل مع فريق “قياس” بالهاتف المتنقل ([anonymized]) أو البريد الإلكتروني ([anonymized]).    والسلام عليكم ورحمة الله وبركاته.    م. [anonymized]  محافظ هيئة الحكومة الرقمية

مع التحية، مؤسسة مسك"
كيف يتم التعبير عن الشكر بشأن على جهود دعم تكامل البيانات البيئية مع المنصة الوطنية؟,"السيد/[anonymized] المحترم/ة,

يتم التعبير عن الشكر عبر خطاب رسمي يُشيد بالإنجازات: سعادة الرئيس التنفيذي لهيئة تطوير محمية الملك [anonymized]  سلّمه الله    السلام عليكم ورحمة الله وبركاته،    إشارة إلى خطاب سعادتكم رقم (????) وتاريخ ??/??/????هـ، بشأن شكر على جهود الهيئة في تكامل البيانات البيئية،    تتقدم الهيئة بجزيل الشكر لسعادتكم على جهودكم المميزة في دعم مشروع تكامل البيانات البيئية مع المنصة الوطنية، والتي ساهمت في تحسين التحليل البيئي وتمكين الاستدامة الرقمية.    ونتطلع إلى استمرار التعاون في باقي مراحل المشروع.    والسلام عليكم ورحمة الله وبركاته.

مع التحية، مؤسسة مسك"
ما هي متطلبات اعتماد مشروع تطوير منصة للتعلم الإلكتروني؟,"السيد/[anonymized] المحترم/ة,

يتطلب اعتماد مشروع تطوير منصة للتعلم الإلكتروني تقديم طلب رسمي مع الوثائق: معالي وزير التعليم  حفظه الله    السلام عليكم ورحمة الله وبركاته،    إشارة إلى خطة الوزارة لتطوير التعليم الإلكتروني، تتقدم هيئة الحكومة الرقمية إلى معاليكم بطلب اعتماد مشروع “منصة التعلم الإلكتروني”،  والذي يهدف إلى تقديم محتوى تعليمي تفاعلي للطلاب في مختلف المراحل الدراسية، من خلال بيئة تعليمية رقمية متكاملة تدعم التعلم الذاتي، وتُمكّن المعلمين من متابعة أداء الطلاب بشكل لحظي، وتعزيز تجربة التعليم عن بُعد.    كما تسهم المنصة في:   • رفع كفاءة العملية التعليمية.   • توفير أدوات تحليل البيانات التعليمية.   • تعزيز العدالة في الوصول إلى المحتوى الرقمي لكافة الطلاب.    نأمل من معاليكم التكرم بالموافقة على اعتماد المشروع، والتوجيه بالتنسيق مع الهيئة لاستكمال مراحل تنفيذه.    وتفضلوا بقبول خالص التحية والتقدير.    م. [anonymized]  محافظ هيئة الحكومة الرقمية

مع التحية، مؤسسة مسك"
كيف يتم التعبير عن الشكر بشأن على التعاون في منصة إدارة خدمات المستثمرين الصناعيين؟,"السيد/[anonymized] المحترم/ة,

يتم التعبير عن الشكر عبر خطاب رسمي يُشيد بالإنجازات: سعادة الرئيس التنفيذي لهيئة المدن الصناعية ومناطق التقنية  سلّمه الله    السلام عليكم ورحمة الله وبركاته،  إشارة إلى خطاب سعادتكم رقم (????) وتاريخ ??/??/????هـ، بشأن التعاون في منصة إدارة خدمات المستثمرين الصناعيين،  تتقدم الهيئة بخالص الشكر والتقدير لسعادتكم على التعاون في مشروع منصة إدارة خدمات المستثمرين الصناعيين، والذي ساهم في تسهيل الإجراءات الرقمية ورفع كفاءة تجربة المستخدم.  وتأمل الهيئة استمرار هذا التعاون لتوسيع نطاق الخدمات وربطها بالمنصة الوطنية الموحدة.  والسلام عليكم ورحمة الله وبركاته.

مع التحية، مؤسسة مسك"
ما هي تفاصيل الإفادة بشأن تقرير أداء الجهات الحكومية في مؤشر الأمم المتحدة لتطور الحكومة الإلكترونية – الربع الرابع 2023؟,"السيد/[anonymized] المحترم/ة,

توفر الإفادة معلومات حول تقرير أداء الجهات الحكومية في مؤشر الأمم المتحدة لتطور الحكومة الإلكترونية – الربع الرابع 2023: معالي رئيس الديوان الملكي  حفظه الله    السلام عليكم ورحمة الله وبركاته،    إشارة إلى قرار مجلس الوزراء رقم (418) وتاريخ 1442/7/25هـ، الصادر بالموافقة على تنظيم هيئة الحكومة الرقمية،  وإلى ما نصت عليه المادة (السادسة) من التنظيم بشأن قيام هيئة الحكومة الرقمية برفع تقرير ربع سنوي عن مدى تقدم والتزام الجهات الحكومية بالمعايير الخاصة بمؤشر الحكومة الإلكترونية الصادر من الأمم المتحدة.    أرفق لمعاليكم ذاكرة خارجية تتضمن تقرير أداء الجهات الحكومية في مؤشر الأمم المتحدة لتطور الحكومة الإلكترونية – الربع الرابع لعام 2023م،  آمل من معاليكم التكرم بالاطلاع والعرض عن ذلك على النظر الكريم – حفظه الله – للتوجيه بما يراه مناسبًا.    وتفضلوا معاليكم بقبول خالص تحياتي وتقديري.    [anonymized]  وزير الاتصالات وتقنية المعلومات  رئيس مجلس إدارة هيئة الحكومة الرقمية

مع التحية، مؤسسة مسك"
ما هي تفاصيل الإفادة بشأن متابعة تحسين البنية التحتية الرقمية لمنطقة الهدا والشفا بمحافظة الطائف؟,"السيد/[anonymized] المحترم/ة,

توفر الإفادة معلومات حول متابعة تحسين البنية التحتية الرقمية لمنطقة الهدا والشفا بمحافظة الطائف: صاحب السمو محافظ هيئة الحكومة الرقمية  حفظه الله    السلام عليكم ورحمة الله وبركاته،،،    بإشارة إلى ما ورد إلينا من أمانة محافظة الطائف بشأن متابعة تحسين البنية التحتية الرقمية لمنطقتي الهدا والشفا، والرفع بمستوى جودة الخدمات المقدمة للمستفيدين، وما تم من اجتماعات مع فرق العمل الميدانية لمعالجة تحديات الاتصال في المنطقة، ورفع تقارير دورية عن مراحل التنفيذ ونسبة الإنجاز، وبعد الاطلاع على تقرير الاجتماع المنعقد بتاريخ 1446/09/01هـ بحضور ممثلي وزارة الاتصالات وتقنية المعلومات، وهيئة الحكومة الرقمية، وهيئة الاتصالات والفضاء والتقنية، والمركز الوطني لقياس أداء الأجهزة العامة، ومن تراه هيئة الخبراء بمجلس الوزراء.    نود الإحاطة بأن فرق العمل الميدانية رصدت التحديات القائمة المرتبطة بالبنية التحتية للاتصالات في منطقتي الهدا والشفا، وعملت على تطوير خطط تنفيذية لمعالجتها بما يسهم في تحسين تجربة المستفيدين ورفع مستوى الرضا، وبما يتماشى مع الأهداف الاستراتيجية لرؤية المملكة 2030.    كما نود إفادة سموكم الكريم بأنه تم التنسيق مع مقدمي الخدمات الرئيسيين لضمان توفير التغطية اللاسلكية اللازمة، والبدء بتوسعة البنية التحتية لدعم الطلب المتزايد على خدمات الاتصال في المنطقة، وتم تحديد عدد من المواقع ذات الأولوية لتركيب أبراج جديدة، وتعزيز خدمات النطاق العريض المتنقل والثابت.    ونشير إلى أن التنسيق مستمر بين إمارة منطقة مكة المكرمة، وهيئة الاتصالات والفضاء والتقنية، وهيئة الحكومة الرقمية، والجهات ذات العلاقة لمتابعة تنفيذ الخطط المعتمدة ومعالجة المعوقات الطارئة.    عليه، نأمل التكرم بالتوجيه حيال استمرار دعم هذه الجهود، ومتابعة سير العمل لتحقيق المستهدفات المرسومة، والتأكيد على جميع الجهات المعنية بأهمية التقيد بالجدول الزمني المحدد للإنجاز.    والسلام عليكم ورحمة الله وبركاته.    نائب أمير منطقة مكة المكرمة  [anonymized]

مع التحية، مؤسسة مسك"
ما هي متطلبات تنظيم منتدى الاستثمار في التقنيات الخضراء؟,"السيد/[anonymized] المحترم/ة,

يتطلب تنظيم منتدى الاستثمار في التقنيات الخضراء تقديم طلب رسمي مع الوثائق: معالي وزير الاستثمار  حفظه الله    السلام عليكم ورحمة الله وبركاته،    حرصًا على تعزيز الاستثمارات في قطاع الطاقة المستدامة والتقنيات الخضراء،  تتقدم هيئة الحكومة الرقمية إلى معاليكم بطلب الموافقة على تنظيم منتدى بعنوان: “منتدى الاستثمار في التقنيات الخضراء”،  والذي سيجمع نخبة من المستثمرين المحليين والدوليين، ويهدف إلى استكشاف فرص الاستثمار في مشروعات الطاقة المتجددة، وتقنيات إعادة التدوير، وكفاءة استخدام الموارد، بما يسهم في دعم توجهات المملكة نحو الاقتصاد الأخضر وتعزيز التنمية المستدامة.    نأمل من معاليكم التكرم بالموافقة والتوجيه بما يلزم لتنظيم المنتدى بالتعاون مع الجهات ذات العلاقة.    والسلام عليكم ورحمة الله وبركاته.    م. [anonymized]  محافظ هيئة الحكومة الرقمية

مع التحية، مؤسسة مسك"
كيف يتم التعبير عن الشكر بشأن على التفاعل الإيجابي في تطبيق منصة الزوار الموحدة؟,"السيد/[anonymized] المحترم/ة,

يتم التعبير عن الشكر عبر خطاب رسمي يُشيد بالإنجازات: سعادة الرئيس التنفيذي لهيئة تطوير بوابة الدرعية  سلّمه الله    السلام عليكم ورحمة الله وبركاته،    إشارة إلى ما ورد منكم بشأن المرحلة الثانية من تدشين المنصة الرقمية لخدمات الزوار.    أود إفادة سعادتكم بأن الهيئة تثمّن تفاعلكم الإيجابي، وترى في هذه الخطوة نموذجًا يُحتذى به في استثمار التقنيات الحديثة لتحسين تجربة الزائر.    تأمل الهيئة استمرار التعاون وتوسيع نطاق التكامل بين المنصة وجهات تقديم الخدمات الأخرى، بما يسهم في تحقيق مستهدفات التحول الرقمي الوطني.    والسلام عليكم ورحمة الله وبركاته.

مع التحية، مؤسسة مسك"
ما هي أسباب الاعتذار عن الحضور منتدى المحتوى الرقمي الإبداعي؟,"السيد/[anonymized] المحترم/ة,

يتم تقديم الاعتذار بسبب تعارض المواعيد: معالي وزير الإعلام  حفظه الله    السلام عليكم ورحمة الله وبركاته،    إشارة إلى خطاب معاليكم رقم (????) وتاريخ ?/?/????هـ، المتضمن دعوة معالي المحافظ لحضور منتدى المحتوى الرقمي الإبداعي، والمقرر إقامته بمدينة جدة.    أود إفادة معاليكم بأن معالي المحافظ يثمّن دعوتكم، ويؤكد دعمه الكامل لهذا النوع من المنتديات التي تسهم في تنمية البيئة الإعلامية الرقمية، إلا أن لديه ارتباطًا رسميًا في الوقت نفسه.    وستشارك الهيئة في المنتدى من خلال سعادة نائب المحافظ للاتصال الرقمي. وللتنسيق بشأن الترتيبات يمكن التواصل مع الأستاذ/ [anonymized]، بالهاتف المتنقل ([anonymized]) أو البريد الإلكتروني ([anonymized]).    والسلام عليكم ورحمة الله وبركاته.

مع التحية، مؤسسة مسك"
ما هي تفاصيل الإفادة بشأن مراجعة المكونات التقنية لمنصة المؤشرات التنموية الوطنية؟,"السيد/[anonymized] المحترم/ة,

توفر الإفادة معلومات حول مراجعة المكونات التقنية لمنصة المؤشرات التنموية الوطنية: معالي وزير الاقتصاد والتخطيط  حفظه الله    السلام عليكم ورحمة الله وبركاته،    إشارة إلى خطاب معاليكم رقم (????) وتاريخ ?/?/????هـ، بشأن مراجعة المكونات التقنية لمنصة المؤشرات التنموية الوطنية.    أود إفادة معاليكم بأن الهيئة قامت بمراجعة البنية التقنية للمنصة، وأوصت بإجراء تحديثات متعلقة بمعايير الحوكمة، وسرعة الوصول إلى قواعد البيانات المفتوحة بما يتماشى مع المعايير الدولية.    عليه، آمل من معاليكم التفضل بمشاركة النسخة التجريبية المحدثة فور جاهزيتها، لتتمكن الهيئة من تقديم التغذية الراجعة اللازمة، ويجري التنسيق مع المختصين لدى الوزارة لهذا الغرض.    والسلام عليكم ورحمة الله وبركاته.

مع التحية، مؤسسة مسك"
ما هي إجراءات تنسيق إجراءات إقامة الحفل الختامي لجائزة المجمع في نسختها الثالثة؟,"السيد/[anonymized] المحترم/ة,

يتطلب تنسيق إجراءات إقامة الحفل الختامي لجائزة المجمع في نسختها الثالثة التواصل مع الجهات: سعادة منسوبي إمارة منطقة الرياض  المحترمين    السلام عليكم ورحمة الله وبركاته،    انطلاقًا من رسالة مجمع الملك سلمان العالمي للغة العربية في تعزيز دور اللغة العربية إقليميًا وعالميًا، وإسهامًا في حفظ الهوية اللغوية وترسيخ الثقافة العربية وتقدير جهود المتميزين في خدمة اللغة العربية، يتشرف المجمع بتنظيم النسخة الثالثة من جائزة مجمع الملك سلمان العالمي للغة العربية، التي تهدف إلى تسليط الضوء على الدور المهم الذي يؤديه الأفراد والمؤسسات في هذا المجال، وذلك ضمن مستهدفات برنامج تنمية القدرات البشرية أحد برامج رؤية المملكة 2030.    وحيث يستعد المجمع لإقامة الحفل الختامي لتكريم الفائزين، نود إفادتكم بأن الشركة المنفذة للحفل الختامي هي مؤسسة رمز للإنتاج الإعلامي، سجل تجاري رقم (1010564765)،  وذلك في قاعة فندق فور سيزونز بمدينة الرياض، بتاريخ 22 / 5 / 1446هـ الموافق 24 / 11 / 2024م.    نأمل منكم التكرم بتيسير الإجراءات اللازمة لإقامة الحفل، بما يسهم في نجاحه ويعكس مكانة المملكة العربية السعودية المرموقة في خدمة اللغة العربية.    وتفضلوا بقبول خالص التحية والتقدير.    أ.[anonymized]. [anonymized]  الأمين العام – مجمع الملك سلمان العالمي للغة العربية

مع التحية، مؤسسة مسك"
ما هي تفاصيل الإفادة بشأن جاهزية المنصات الرقمية لخدمة ضيوف الرحمن؟,"السيد/[anonymized] المحترم/ة,

توفر الإفادة معلومات حول جاهزية المنصات الرقمية لخدمة ضيوف الرحمن: معالي وزير الحج والعمرة  حفظه الله    السلام عليكم ورحمة الله وبركاته،  إشارة إلى خطاب معاليكم رقم (????) وتاريخ ?/??/????هـ، بشأن جاهزية المنصات الرقمية لخدمة ضيوف الرحمن،  أود إفادة معاليكم بأن الهيئة قد استكملت الربط الفني مع منظومة خدمات الحج والعمرة، وجرت اختبارات الأداء في بيئة تجريبية، وحققت نتائج واعدة في تسريع الإجراءات وتحسين تجربة المستخدم.  آمل من معاليكم التفضل بتكليف فرق العمل المعنية باستكمال الربط على بيئة الإنتاج وتحديد موعد مناسب لإطلاق النسخة التجريبية الموسعة.  والسلام عليكم ورحمة الله وبركاته.

مع التحية، مؤسسة مسك"
ما هي متطلبات الموافقة على إرسال وفد لحضور مؤتمر دولي حول التحول الرقمي؟,"السيد/[anonymized] المحترم/ة,

يتطلب الموافقة على إرسال وفد لحضور مؤتمر دولي حول التحول الرقمي تقديم طلب رسمي مع الوثائق: معالي نائب وزير الخارجية  حفظه الله    السلام عليكم ورحمة الله وبركاته،    بناءً على الدعوة الواردة من منظمة التعاون الاقتصادي، تعتزم هيئة الحكومة الرقمية إرسال وفد رسمي برئاسة المهندس/ [anonymized] لحضور المؤتمر الدولي حول التحول الرقمي، والمقرر انعقاده في مدينة برلين – جمهورية ألمانيا الاتحادية، خلال الفترة من 1446/07/01هـ إلى 1446/07/06هـ الموافق 2025/01/11م إلى 2025/01/16م.    ويهدف المؤتمر إلى مناقشة سياسات التحول الرقمي العالمية، واستعراض أفضل الممارسات الحكومية في تطوير البنى الرقمية والتشريعات المنظمة لها، ويُعد من أبرز الفعاليات التي تجمع صناع القرار والخبراء في المجال الرقمي على المستوى الدولي.    نأمل من معاليكم التكرم بالموافقة على إصدار تأشيرات الوفد الرسمي، والتوجيه بما يلزم لتسهيل إجراءات السفر والتنسيق مع بعثة المملكة في جمهورية ألمانيا.    والسلام عليكم ورحمة الله وبركاته.    م. [anonymized]  محافظ هيئة الحكومة الرقمية

مع التحية، مؤسسة مسك"
ما هي متطلبات تأكيد حجز مركز الملك عبدالعزيز الدولي للمؤتمرات؟,"السيد/[anonymized] المحترم/ة,

يتطلب تأكيد حجز مركز الملك عبدالعزيز الدولي للمؤتمرات تقديم طلب رسمي مع الوثائق: معالي محافظ صندوق الاستثمارات العامة  حفظه الله    السلام عليكم ورحمة الله وبركاته،    إشارةً إلى برقية معالي رئيس الديوان الملكي رقم (39180) وتاريخ 1444/6/4هـ، المبلّغ بها الموافقة الكريمة على ما وجه به مجلس الوزراء في جلسته المنعقدة بتاريخ 1444/6/3هـ، الذي نصّ في (أولًا) على “قيام هيئة الحكومة الرقمية بما يلزم لاستضافة المملكة لمنتدى حوكمة الإنترنت التابع لمنظمة الأمم المتحدة”،  وإلى برقية صاحب السمو وزير الخارجية رقم (003712) وتاريخ 1445/1/5هـ، المتضمنة الإفادة بتلقي الوزارة خطاب وكيل الأمين العام للأمم المتحدة للشؤون الاقتصادية والاجتماعية بشأن مخرجات زيارة وفد من قسم الشؤون الاقتصادية والاجتماعية بالأمم المتحدة إلى المملكة العربية السعودية لمعاينة جاهزية المملكة لاستضافة المنتدى للعام 2024م بالرياض، والمتضمن طلب تأكيد حجز مركز الملك عبدالعزيز الدولي للمؤتمرات،  وإلى برقية معالي وزير الاتصالات وتقنية المعلومات الجوابية رقم (329/45/01) وتاريخ 1445/1/19هـ، المتضمنة تأكيد حجز المركز واقتراح موعد لعقد المنتدى ليكون في الفترة من 17 إلى 21 نوفمبر 2024م.    أود إحاطة معاليكم بأنه جرى التواصل والتنسيق مع المختصين لدى مركز الملك عبدالعزيز الدولي للمؤتمرات والاتفاق على حجز المركز في الفترة من 3 إلى 24 نوفمبر 2024م.    عليه، آمل دعم معاليكم بالإيعاز إلى من يلزم بتأكيد حجز المركز رسميًا، وسيجري موافاتكم حال ورود أي تحديثات في هذا الشأن.  ويمكن للمختصين لديكم التواصل بهذا الشأن مع الأستاذ/ [anonymized]. أ. [anonymized]، عبر الهاتف المتنقل: 0000000000، أو البريد الإلكتروني: [anonymized]    وتفضلوا معاليكم بقبول خالص تحياتي.  م. [anonymized]  محافظ هيئة الحكومة الرقمية

مع التحية، مؤسسة مسك"
ما هي متطلبات الموافقة على تدشين منصة إلكترونية لخدمات الإسكان؟,"السيد/[anonymized] المحترم/ة,

يتطلب الموافقة على تدشين منصة إلكترونية لخدمات الإسكان تقديم طلب رسمي مع الوثائق: معالي وزير الشؤون البلدية والقروية والإسكان  حفظه الله    السلام عليكم ورحمة الله وبركاته،    حرصًا على تطوير خدمات الإسكان وتسهيل الإجراءات للمواطنين،  ترفع هيئة الحكومة الرقمية إلى معاليكم طلبًا للموافقة على تدشين منصة إلكترونية متكاملة لخدمات الإسكان،  تهدف إلى توفير حلول رقمية تتيح تقديم الطلبات وتتبع المعاملات إلكترونيًا، إلى جانب تقديم استشارات تفاعلية بشأن برامج الإسكان المختلفة، بما يسهم في تحسين تجربة المستفيد، ورفع كفاءة الأداء، وتحقيق التكامل مع المنصات الحكومية الأخرى.    نأمل من معاليكم التكرم بالموافقة والتوجيه بما يلزم لإطلاق المنصة بالتعاون مع الجهات المختصة.    والسلام عليكم ورحمة الله وبركاته.    م. [anonymized]  محافظ هيئة الحكومة الرقمية

مع التحية، مؤسسة مسك"
ما هي تفاصيل ترشيح ممثل بشأن ترشيح عضو في اللجنة الوطنية لتصنيف الخدمات؟,"السيد/[anonymized] المحترم/ة,

يتم ترشيح ممثل للمشاركة في ترشيح عضو في اللجنة الوطنية لتصنيف الخدمات: سعادة مدير عام المركز الوطني للقياس  سلّمه الله    السلام عليكم ورحمة الله وبركاته،    إشارة إلى خطاب سعادتكم رقم (????) وتاريخ ??/?/????هـ، بشأن مشاركة الهيئة في اللجنة الوطنية لتصنيف الخدمات.    أود إفادة سعادتكم بأن الهيئة ترشح الأستاذ/ [anonymized]، مدير وحدة تصنيف الخدمات، لعضوية اللجنة، لما له من خبرة عملية في إعداد معايير التصنيف الرقمي وتقييم تجارب المستفيدين.    وللتنسيق يمكن التواصل معه عبر الهاتف المتنقل ([anonymized]) أو البريد الإلكتروني ([anonymized]).    والسلام عليكم ورحمة الله وبركاته.

مع التحية، مؤسسة مسك"
ما هي مستجدات ل خطة تمكين الكيانات الناشئة رقميًا؟,"السيد/[anonymized] المحترم/ة,

توفر الإحاطة تحديثات حول ل خطة تمكين الكيانات الناشئة رقميًا: معالي رئيس مجلس إدارة الهيئة العامة للمنشآت الصغيرة والمتوسطة  حفظه الله    السلام عليكم ورحمة الله وبركاته،    إشارة إلى اللقاء التنسيقي مع فريق الهيئة العامة للمنشآت الصغيرة والمتوسطة المنعقد بتاريخ ??/??/????هـ، بشأن دعم التحول الرقمي للكيانات الريادية.    أود إفادة معاليكم بأن الهيئة بصدد إطلاق حزمة ممكنات رقمية تشمل خدمات تسجيل إلكتروني مبسط، ومنصة لحلول الأعمال السحابية الموجهة للمنشآت الناشئة.    آمل من معاليكم التفضل بتسمية ضابط اتصال من الهيئة للتنسيق في هذا الشأن، وللتنسيق يمكن التواصل مع الأستاذ/ [anonymized]، بالهاتف المتنقل ([anonymized]) أو البريد الإلكتروني ([anonymized]).    والسلام عليكم ورحمة الله وبركاته.

مع التحية، مؤسسة مسك"
ما هي متطلبات تسليم دعوات دولية لحضور ملتقى الحكومة الرقمية 2023؟,"السيد/[anonymized] المحترم/ة,

يتطلب تسليم دعوات دولية لحضور ملتقى الحكومة الرقمية 2023 تقديم طلب رسمي مع الوثائق: برقية عاجلة جدًا  الموضوع: دعوة حضور ملتقى الحكومة الرقمية بنسخته الثانية للعام 2023م  معالي نائب وزير الخارجية  حفظه الله    السلام عليكم ورحمة الله وبركاته،    إشارة إلى الأمر السامي رقم (2935) وتاريخ 1435/1/22هـ، القاضي بأن تكون جميع اتصالات الوزارات والمصالح الحكومية مع الممثليات الأجنبية والهيئات والمنظمات الدولية في الخارج عبر وزارة الخارجية.    وإذ تعتزم هذه الهيئة تنظيم ملتقى الحكومة الرقمية بنسخته الثانية، خلال الفترة من 19 إلى 20 ديسمبر 2023م في مدينة الرياض، بمشاركة عدد من الجهات الحكومية، ونخبة من الخبراء والمختصين وصنّاع القرار في مجال الحكومة الرقمية على الصعيدين المحلي والدولي؛    ولرغبة الهيئة في دعوة عدد من الجهات والشخصيات الدولية للحضور والمشاركة في أعمال الملتقى،  آمل من معاليكم التكرم بتوجيه من يلزم لتسليم الدعوتين المرفقتين وفق الطرق الدبلوماسية المتبعة، وتسهيل إجراءات الزيارة.    ويمكن للمختصين في وزارتكم الموقرة التواصل في هذا الشأن مع المهندس/ [anonymized]، عبر الهاتف المتنقل: [anonymized]، أو البريد الإلكتروني: [anonymized]    وتفضلوا معاليكم بقبول خالص تحياتي.  م. [anonymized]  محافظ هيئة الحكومة الرقمية

مع التحية، مؤسسة مسك"
ما هي تفاصيل ترشيح ممثل بشأن خطاب في اللجنة الوطنية لتكامل الأنظمة الخدمية؟,"السيد/[anonymized] المحترم/ة,

يتم ترشيح ممثل للمشاركة في خطاب في اللجنة الوطنية لتكامل الأنظمة الخدمية: سعادة محافظ هيئة الحكومة الرقمية  سلّمه الله    السلام عليكم ورحمة الله وبركاته،  إشارة إلى خطاب سعادتكم رقم (????) وتاريخ ?/?/????هـ، بشأن تشكيل اللجنة الوطنية لتكامل الأنظمة الخدمية بين الجهات الحكومية،  ترشح الهيئة الأستاذ/ [anonymized]، مدير إدارة تكامل الأنظمة، لتمثيلها في أعمال اللجنة، لما يتمتع به من خبرة عملية في مشروعات البنية التحتية الرقمية.  والسلام عليكم ورحمة الله وبركاته.

مع التحية، مؤسسة مسك"
ما هي متطلبات تنظيم حملة توعوية عن الأمن السيبراني؟,"السيد/[anonymized] المحترم/ة,

يتطلب تنظيم حملة توعوية عن الأمن السيبراني تقديم طلب رسمي مع الوثائق: معالي رئيس الهيئة الوطنية للأمن السيبراني  حفظه الله    السلام عليكم ورحمة الله وبركاته،    نظرًا لأهمية تعزيز الوعي بالمخاطر السيبرانية، وامتدادًا لجهود التوعية الرقمية في الجهات الحكومية،  ترغب وزارة التعليم بالتعاون مع هيئتكم الموقرة في تنظيم “حملة وطنية للتوعية بالأمن السيبراني في البيئة التعليمية”،  والتي تهدف إلى نشر ثقافة الحماية الرقمية لدى منسوبي التعليم في المدارس والجامعات،  وتقديم محتوى توعوي شامل حول الاستخدام الآمن للأنظمة التعليمية والمنصات الرقمية.    وستشمل الحملة إقامة ورش عمل افتراضية وميدانية، وإعداد مواد تعليمية موجهة للطلاب والكوادر التعليمية، بالتنسيق مع الجهات ذات العلاقة.    نأمل من معاليكم التكرم بالموافقة على هذه المبادرة، والتوجيه بالتنسيق مع المختصين في الهيئة الوطنية للأمن السيبراني لضمان نجاح الحملة وتحقيق أهدافها.    والسلام عليكم ورحمة الله وبركاته.    [anonymized]  وزير التعليم

مع التحية، مؤسسة مسك"
"ما هي تفاصيل الإفادة بشأن إفادة حول نتائج مراجعة منصة ""اعتماد""؟","السيد/[anonymized] المحترم/ة,

توفر الإفادة معلومات حول إفادة حول نتائج مراجعة منصة ""اعتماد"": سعادة محافظ الهيئة العامة للمنشآت الصغيرة والمتوسطة  سلّمه الله    السلام عليكم ورحمة الله وبركاته،    إشارة إلى خطاب سعادتكم رقم (????) وتاريخ ??/?/????هـ، بشأن نتائج المراجعة الفنية الأولية لمنصة “اعتماد”، أود إفادة سعادتكم بأن فريق الهيئة قد أتم مراجعة الجوانب المتعلقة بتكامل المنصة مع الأنظمة الحكومية، وخلص إلى توافق جزئي مع عدد من المعايير، من أبرزها المعايير الأمنية وتكامل واجهات البرمجة مع منصات الدفع الإلكتروني.    وتقترح الهيئة وضع خطة تحديث فني للمنصة على مراحل، تضمن رفع مستوى الامتثال قبل نهاية الربع الثالث من العام الحالي.  عليه، آمل من سعادتكم التكرّم بمراجعة الملاحظات المرفقة، وتسمية فريق فني لعقد ورشة عمل تفصيلية.  وللتنسيق، يمكن التواصل مع الأستاذ/ [anonymized]، بالهاتف المتنقل ([anonymized]) أو البريد الإلكتروني ([anonymized]).    والسلام عليكم ورحمة الله وبركاته.

مع التحية، مؤسسة مسك"
ما هي تفاصيل التهنئة بشأن بمناسبة صدور الموافقة السامية على تمديد تكليف معالي المحافظ؟,"السيد/[anonymized] المحترم/ة,

يتم تقديم التهنئة عبر خطاب رسمي يُشيد بالإنجازات: معالي المهندس [anonymized]  محافظ هيئة الحكومة الرقمية  حفظه الله    السلام عليكم ورحمة الله وبركاته،    يطيب لي أصالة عن نفسي ونيابة عن زملائي في شركة “علم” أن أرفع لمعاليكم أصدق التهاني والتبريكات بمناسبة صدور الموافقة السامية لتمديد تكليف معاليكم محافظًا لهيئة الحكومة الرقمية.    وتفخر “علم” بالعلاقة التكاملية مع الهيئة، والتي تؤكد مواصلة التزامنا بتيسير قراراتنا الرقمية وكفاءتنا الوطنية لدعم مستهدفات الهيئة لترسيخ مكانة المملكة ضمن أفضل عشر حكومات رقمية رائدة على مستوى العالم.    كما نتطلع إلى مواصلة العمل المشترك بما يسهم في تسريع التحول الرقمي ورفع كفاءة الخدمات الحكومية، ويعزز مكانة المملكة في مؤشرات التميز الوطني وفي المجالات الحيوية.    سائلين الله أن يمدكم بعونه وتوفيقه لمواصلة مسيرتكم في خدمة الوطن.    وتفضلوا معاليكم بقبول خالص الشكر والتقدير…    [anonymized]  الرئيس التنفيذي  شركة علم

مع التحية، مؤسسة مسك"
ما هي متطلبات بشأن استكمال إجراءات الربط التقني مع منصة “مراسلات الحكومية؟,"السيد/[anonymized] المحترم/ة,

يتطلب بشأن استكمال إجراءات الربط التقني مع منصة “مراسلات الحكومية تقديم طلب رسمي مع الوثائق: معالي نائب وزير البيئة والمياه والزراعة  حفظه الله    السلام عليكم ورحمة الله وبركاته،    إشارةً إلى خطاب معاليكم رقم (????????) وتاريخ 1446/9/4هـ، بشأن طلب الربط والتكامل مع منصة المراسلات الحكومية (مراسلات)، أودّ إفادة معاليكم بأنّه جرى التواصل والتنسيق في هذا الشأن مع ممثّل الوزارة المهندس/ [anonymized]، لتقديم الدعم وإكمال متطلبات الربط الآتية:   • إنشاء خدمات الويب (التفاصيل مرفقة في ذاكرة خارجية)، ونرجو التواصل معنا عند الانتهاء لاختبار الخدمات.   • تزويدنا بترميز الجهة من المركز الوطني للوثائق والمحفوظات.   • سيتم توفير وسيلة الدخول إلى الخوادم (Testing & Production)، واستكمال الربط مع فريق NIC.    وفي حال وجود أيّ استفسارات في هذا الشأن، يمكن للمختصين لدى جهتكم الموقّرة التواصل مع المهندس/ [anonymized] عبر الهاتف المتنقل ([anonymized]) أو البريد الإلكتروني: [anonymized]    والسلام عليكم ورحمة الله وبركاته.    م. [anonymized]  محافظ هيئة الحكومة الرقمية

مع التحية، مؤسسة مسك"
ما هي تفاصيل الإفادة بشأن الرد على دعوة المشاركة في معرض الدفاع العالمي 2024؟,"السيد/[anonymized] المحترم/ة,

توفر الإفادة معلومات حول الرد على دعوة المشاركة في معرض الدفاع العالمي 2024: معالي محافظ الهيئة العامة للصناعات العسكرية  حفظه الله    السلام عليكم ورحمة الله وبركاته،    إشارة إلى خطاب معاليكم رقم (01755) وتاريخ 1444/8/23هـ، بشأن دعوة هيئة الحكومة الرقمية للمشاركة في معرض الدفاع العالمي في نسخته الثانية، والمقرر إقامته خلال المدة من 27 – 30 رجب 1445هـ الموافق 4 – 8 فبراير 2024م.    ونظرًا لإشراف هيئة الحكومة الرقمية على برنامج السعودية الرقمية، الذي يُعد الهوية الرقمية الموحّدة للتوعية والتمكين وتفعيل التحول الرقمي، ويهدف إلى إبراز جهود الجهات الحكومية المميزة في مجال التحول الرقمي؛    أود أن أعرب لمعاليكم عن الشكر والتقدير على هذه الدعوة، وأفيد برغبة الهيئة بالمشاركة في المعرض من خلال جناح السعودية الرقمية، لإبراز منجزات المملكة في مجال التحول الرقمي ومشاركة قصص النجاح من الجهات الحكومية، بما يتناسب مع هوية المعرض.    كما أحيط معاليكم علمًا بأن فريق السعودية الرقمية يعمل على التنسيق لهذه المشاركة.  ويمكن للمختصين لديكم التواصل مع ممثل الهيئة الأستاذ/ [anonymized] عبر:   • الهاتف المتنقل: 0000000000   • البريد الإلكتروني: [anonymized]    وتفضلوا معاليكم بقبول خالص تحياتي.    م. [anonymized]  محافظ هيئة الحكومة الرقمية

مع التحية، مؤسسة مسك"
ما هي أسباب الاعتذار عن عدم حضور حفل تدشين منصة خدمات الرياض الذكية؟,"السيد/[anonymized] المحترم/ة,

يتم تقديم الاعتذار بسبب تعارض المواعيد: صاحب السمو الملكي الأمير [anonymized]  أمير منطقة الرياض  حفظه الله    السلام عليكم ورحمة الله وبركاته،    إشارة إلى دعوة سموكم الكريمة لمعالي المحافظ لحضور حفل تدشين منصة “خدمات الرياض الذكية”، والمقرر عقده يوم الخميس ??/??/????هـ بمقر الإمارة.    أود إفادة سموكم بأن معاليه يثمّن الدعوة، ويؤكد دعمه لهذه الخطوة الرائدة، إلا أن لديه ارتباطًا رسميًا آخر في الوقت نفسه، ما يحول دون تمكنه من الحضور.    وسيمثل الهيئة في هذه المناسبة سعادة نائب المحافظ لقطاع العمليات الرقمية، وللتنسيق بشأن الترتيبات، يمكن التواصل مع الأستاذ/ [anonymized]، بالهاتف المتنقل ([anonymized]) أو البريد الإلكتروني ([anonymized]).    والسلام عليكم ورحمة الله وبركاته.

مع التحية، مؤسسة مسك"
ما هي متطلبات بشأن خطاب الترشيح لحضور برنامج تدريبي بعنوان (إدارة الأدلة الرقمية)؟,"السيد/[anonymized] المحترم/ة,

يتطلب بشأن خطاب الترشيح لحضور برنامج تدريبي بعنوان (إدارة الأدلة الرقمية) تقديم طلب رسمي مع الوثائق: معالي رئيس هيئة الرقابة ومكافحة الفساد  حفظه الله    السلام عليكم ورحمة الله وبركاته،    إشارة إلى برقية معاليكم رقم (46101592) وتاريخ 1446/09/21هـ، بشأن طلب الترشيح لحضور برنامج تدريبي بعنوان: (إدارة الأدلة الرقمية) في مركز نزاهة للتدريب بمدينة الرياض، وذلك لمدة ثلاثة أيام بدءًا من يوم الثلاثاء بتاريخ 1446/11/11هـ الموافق 2025/04/29م.    بداية يطيب لي أن أُثمن لمعاليكم جهودكم المستمرة وحرصكم على إكساب المختصين في الجهات الحكومية بالمعرفة حول إدارة الأدلة الرقمية والحفاظ عليها وضمان سلامتها عبر التحقيقات في الفساد.    وأفيد معاليكم بأن المرشح من هيئة الحكومة الرقمية هو الأستاذ/ [anonymized]، ويمكن للمختصين لديكم التنسيق معه عبر الهاتف المتنقل ([anonymized]) أو البريد الإلكتروني ([anonymized]).    والسلام عليكم ورحمة الله وبركاته.    م. [anonymized]  محافظ هيئة الحكومة الرقمية

مع التحية، مؤسسة مسك"
ما هي متطلبات استثناء من دورة قياس التحول الرقمي 2025م؟,"السيد/[anonymized] المحترم/ة,

يتطلب استثناء من دورة قياس التحول الرقمي 2025م تقديم طلب رسمي مع الوثائق: معالي محافظ هيئة الحكومة الرقمية    السلام عليكم ورحمة الله وبركاته،    سلمه الله    أشكر معاليكم الدعم والتمكين الذي يحصل عليه مستشفى الملك فيصل التخصصي ومركز الأبحاث طيلة الأعوام الماضية والتي أسهمت - بفضل الله - في الوصول لمرحلة التكامل وتحقيقه نسبة (89.97%) بدورة قياس التحول الرقمي السابقة، بحسب برقية معاليكم رقم (2086) وتاريخ 23/9/1445هـ.    كما أُشير إلى برقيتكم رقم (999) وتاريخ 11/9/1444هـ، بشأن تحديث وثيقة المعايير الأساسية للتحول الرقمي وإطلاق دورة قياس (2025م)، وطلب معاليكم ترشيح ضابط اتصال للقياس.    ونظرًا لما تمر به المؤسسة هذا العام - حفظكم الله - من رحلة تحوُّل، ومن إعادة للترتيبات والإجراءات في المعايير والمؤشرات، آمل التكرم بتوجيه الجهة المختصة بعدم ترشيح المستشفى للمشاركة في دورة قياس التحول الرقمي لعام 2025م، مع التأكيد على استمرار التفاعل مع مبادرات هيئة الحكومة الرقمية والاستمرار في التعاون مع الجهات ذات العلاقة داخل المملكة وخارجها، ومواكبة التوجهات الوطنية والمشاركة في المبادرات التي تسهم في تعزيز مكانة المملكة في مجال التحول الرقمي.    وتفضلوا معاليكم بقبول خالص تحياتي.    الرئيس التنفيذي    د. [anonymized]

مع التحية، مؤسسة مسك"
كيف يتم التعبير عن الشكر بشأن على إهداء مطبوعات مجلة الدراسات اللغوية؟,"السيد/[anonymized] المحترم/ة,

يتم التعبير عن الشكر عبر خطاب رسمي يُشيد بالإنجازات: سعادة رئيس تحرير مجلة الدراسات اللغوية  مركز الملك فيصل للبحوث والدراسات الإسلامية  سلمه الله    السلام عليكم ورحمة الله وبركاته،    أشير إلى خطاب سعادتكم رقم (2046) وتاريخ 1446/05/12هـ الموافق 2024/11/14م، المتضمن إهداء نسخة من كتاب إيضاح أبي علي الفارسي في شرح كتاب الإيضاح لأبي العباس العكبري، ونسخة من المطبوعات الأخيرة الصادرة عن مجلة الدراسات اللغوية.    يُسعد مجمع الملك سلمان العالمي للغة العربية أن يشكر لكم هذا الإهداء الكريم، ويثمّن جهودكم المباركة في خدمة اللغة العربية، متمنين لكم دوام التوفيق والسداد، ومزيدًا من الإسهامات العلمية التي تثري المكتبة العربية.    والسلام عليكم ورحمة الله وبركاته،    أ.[anonymized]. [anonymized]  الأمين العام – مجمع الملك سلمان العالمي للغة العربية

مع التحية، مؤسسة مسك"
ما هي تفاصيل الدعوة لحضور الملتقى الوطني “رقمنة المناطق”؟,"السيد/[anonymized] المحترم/ة,

يتم إرسال دعوة رسمية لحضور الملتقى الوطني “رقمنة المناطق”: صاحب السمو الملكي الأمير [anonymized]  أمير منطقة تبوك  حفظه الله    السلام عليكم ورحمة الله وبركاته،    إشارة إلى ما تحققه إمارة منطقة تبوك من جهود بارزة في تمكين التحول الرقمي وتعزيز البنية التحتية التقنية في المحافظات، يسر هيئة الحكومة الرقمية دعوتكم للمشاركة في أعمال الملتقى الوطني “رقمنة المناطق”، الذي تنظمه الهيئة يوم الثلاثاء ??/??/????هـ بمدينة الرياض، بحضور أصحاب السمو والمعالي، ومشاركة عدد من الجهات الحكومية والخاصة.    يُعد هذا الملتقى فرصة لتبادل التجارب، واستعراض أفضل المبادرات المحلية في مجال الرقمنة على مستوى المناطق، ويسرنا أن تتفضل الإمارة بتقديم عرض حول أبرز المبادرات التقنية في المنطقة، من خلال من ترونه مناسبًا من القيادات أو المختصين لديكم.  وللتنسيق في هذا الشأن أو الحصول على مزيد من المعلومات، يمكن التواصل مع الأستاذ/ [anonymized]، بالهاتف المتنقل ([anonymized]) أو البريد الإلكتروني ([anonymized]).    والسلام عليكم ورحمة الله وبركاته.

مع التحية، مؤسسة مسك"
ما هي مستجدات تقرير مواءمة مبادرات التحول الرقمي مع برنامج التحول الوطني؟,"السيد/[anonymized] المحترم/ة,

توفر الإحاطة تحديثات حول تقرير مواءمة مبادرات التحول الرقمي مع برنامج التحول الوطني: صاحب السمو الملكي الأمير [anonymized]  وزير الدولة عضو مجلس الوزراء  حفظه الله    السلام عليكم ورحمة الله وبركاته،    إشارة إلى خطاب سموكم رقم (????) وتاريخ ?/?/????هـ، بشأن المواءمة بين أولويات التحول الرقمي ومبادرات الأجهزة الحكومية ضمن برنامج التحول الوطني، أود إحاطة سموكم بأن الهيئة قد استكملت إعداد تقرير شامل حول مستويات التكامل الرقمي، ومستوى مواءمة المبادرات الرقمية مع السياسات الوطنية ذات العلاقة، بما في ذلك المعايير الفنية والإستراتيجية الخاصة بالبنية التحتية الحكومية المشتركة.    وقد خلصت الهيئة إلى عدد من التوصيات المتعلقة برفع كفاءة الإنفاق التقني وتفادي تكرار المشاريع، وستقوم برفع التقرير التفصيلي لاحقًا إلى مجلس الشؤون الاقتصادية والتنمية، تماشيًا مع القرار التنظيمي رقم (???) وتاريخ ?/??/????هـ.    عليه، آمل من سموكم التفضل بالإحاطة، وللتنسيق في هذا الشأن أو الحصول على مزيد من المعلومات يمكن التواصل مع الأستاذ/ [anonymized]، بالهاتف المتنقل ([anonymized]) أو البريد الإلكتروني ([anonymized]).    والسلام عليكم ورحمة الله وبركاته.

مع التحية، مؤسسة مسك"
ما هي متطلبات استثناء نطاقين يخصان منصتي ثمين والمستثمر الذكي من معايير التحول الرقمي؟,"السيد/[anonymized] المحترم/ة,

يتطلب استثناء نطاقين يخصان منصتي ثمين والمستثمر الذكي من معايير التحول الرقمي تقديم طلب رسمي مع الوثائق: معالي محافظ هيئة الحكومة الرقمية  حفظه الله  السلام عليكم ورحمة الله وبركاته،    بشأن طلب استثناء نطاقين يخصان منصتي ثمين والمستثمر الذكي من معايير التحول الرقمي (قياس 2025م)، المشار إليه في خطاب هيئة السوق المالية رقم (???????) وتاريخ 1446/10/26هـ.    وبالإشارة إلى الإفادة الواردة من قطاع الأعمال والتحول الرقمي في الهيئة، وبعد دراسة الطلب، والمتعلق باستثناء النطاقين الإلكترونيين:   • thameen.org.sa   • si.org.sa    من المعيارين (5.13.6) و(5.13.7) الخاصة بتوحيد ودمج المنصات الحكومية داخل الجهة، وذلك لكون بعض المنصات تم إغلاقها أو دمجها أو لم تعد هناك حاجة لاستمرارها.    تفيد الهيئة بعدم مناسبة استثناء النطاقين من المعيارين المذكورين، وذلك انطلاقًا من أهمية تحقيق مفهوم الحكومة الشاملة، الذي يهدف إلى حوكمة المشهد الرقمي الحكومي، وتعزيز الكفاءة من خلال تقديم خدمات رقمية موحدة، متكاملة، وفعّالة، بما يتوافق مع التوجهات الإستراتيجية للحكومة الرقمية.    وعليه، تم إعداد مسودة خطاب الرد للهيئة.    يرجى التكرم بالاطلاع، والتوجيه بما ترونه مناسبًا.    وتفضلوا معاليكم بقبول خالص التحية.    [anonymized]  نائب المحافظ للتنظيم والثقة الرقمية

مع التحية، مؤسسة مسك"
ما هي مستجدات  نتائج منصة بيانات الخدمات البلدية؟,"السيد/[anonymized] المحترم/ة,

توفر الإحاطة تحديثات حول  نتائج منصة بيانات الخدمات البلدية: سعادة الرئيس التنفيذي لبرنامج جودة الحياة  سلّمه الله    السلام عليكم ورحمة الله وبركاته،    إشارة إلى التعاون القائم بين الهيئة وبرنامج جودة الحياة في مجال رقمنة الخدمات البلدية، أود إحاطة سعادتكم بأن الهيئة أنهت تحليل البيانات الناتجة عن تشغيل منصة “بلدي الرقمية” في النسخة التجريبية.    وقد كشفت النتائج عن ارتفاع مستوى رضا المستخدمين بنسبة ???، وتفعيل أكثر من ?? خدمة ذاتية، مما يعكس نجاح التكامل بين الجهات البلدية ومزودي الخدمات التقنية.    نأمل من سعادتكم التكرم بمراجعة التقرير المرفق وتزويدنا بالملاحظات اللازمة لتعزيز المنصة قبل التوسع في تعميمها على مستوى المناطق.    والسلام عليكم ورحمة الله وبركاته.

مع التحية، مؤسسة مسك"
ما هي تفاصيل ترشيح ممثل بشأن ترشيح عضو في لجنة تطوير بوابة التوظيف الحكومية؟,"السيد/[anonymized] المحترم/ة,

يتم ترشيح ممثل للمشاركة في ترشيح عضو في لجنة تطوير بوابة التوظيف الحكومية: معالي وزير الموارد البشرية والتنمية الاجتماعية حفظه الله  السلام عليكم ورحمة الله وبركاته،  إشارة إلى خطاب معاليكم رقم (????) وتاريخ ??/??/????هـ، بشأن تشكيل لجنة مشتركة لتطوير بوابة التوظيف الحكومية.  أود إفادة معاليكم بأن الهيئة ترشح الأستاذ/ [anonymized]، مدير إدارة الخدمات الرقمية الحكومية، للمشاركة في أعمال اللجنة، لما يملكه من خبرة في تصميم منصات تكاملية تعزز من فرص المواءمة الوظيفية.  وللتنسيق يمكن التواصل معه عبر الهاتف المتنقل ([anonymized]) أو البريد الإلكتروني ([anonymized]).  والسلام عليكم ورحمة الله وبركاته.

مع التحية، مؤسسة مسك"
ما هي تفاصيل ترشيح ممثل بشأن في فريق تطوير منصة الموارد الرقمية الوطنية؟,"السيد/[anonymized] المحترم/ة,

يتم ترشيح ممثل للمشاركة في في فريق تطوير منصة الموارد الرقمية الوطنية: معالي وزير الموارد البشرية والتنمية الاجتماعية  حفظه الله    السلام عليكم ورحمة الله وبركاته،    إشارة إلى خطاب معاليكم رقم (????) وتاريخ ??/?/????هـ، بشأن ترشيح ممثل عن الهيئة ضمن فريق تطوير منصة الموارد الرقمية الوطنية.    أود إفادة معاليكم بأن الهيئة ترشح الأستاذ/ [anonymized]، مدير إدارة التكامل الحكومي، لتمثيلها في هذا الفريق، نظرًا لما يمتلكه من خبرة متقدمة في تصميم البنية الرقمية للموارد البشرية.    وللتنسيق، يمكن التواصل معه عبر الهاتف المتنقل ([anonymized]) أو البريد الإلكتروني ([anonymized]).    والسلام عليكم ورحمة الله وبركاته.

مع التحية، مؤسسة مسك"
ما هي تفاصيل الإفادة بشأن منظور “البيانات الحكومية” الوارد في معايير قياس التحول الرقمي؟,"السيد/[anonymized] المحترم/ة,

توفر الإفادة معلومات حول منظور “البيانات الحكومية” الوارد في معايير قياس التحول الرقمي: معالي محافظ هيئة الحكومة الرقمية  حفظه الله  السلام عليكم ورحمة الله وبركاته،    الموضوع: منظور “البيانات الحكومية” الوارد في معايير قياس التحول الرقمي  الإشارة: خطاب مكتب إدارة البيانات الوطنية رقم (????) وتاريخ 1446/10/27هـ    أود إحاطة معاليكم بأن الهيئة السعودية للبيانات والذكاء الاصطناعي طلبت إزالة منظور “البيانات الحكومية” من وثيقة المعايير الأساسية للتحول الرقمي 2025م، نظرًا لوجود ازدواجية مع ما ورد في المؤشر الوطني للبيانات “مؤشر نضيء”، وذلك منعًا للتباين في نتائج الجهات.    وقد رحّبت الهيئة بالمواءمة بين مؤشر قياس التحول الرقمي ومؤشر نضيء، لتوحيد الجهود بين الجهات الحكومية بما يحد من التباين في النتائج، حيث عُقدت عدة اجتماعات بين فرق العمل من الطرفين، وجرى خلالها مناقشة آلية لمعالجة أي تقاطعات بين المؤشرين والخروج بتوصيات تُسهم في تحسين المعايير ورفع مستوى التزام الجهات بالتشريعات والقرارات ذات العلاقة.    وقد نتج عن هذه الاجتماعات تقديم مقترحين ليُعمل بأحدهما اعتبارًا من الدورة القادمة:   • المقترح الأول: قيام مكتب إدارة البيانات الوطنية بقياس التزام الجهات المشمولة بمؤشر نضيء وفق منهجيته، وتزويد هيئة الحكومة الرقمية بنتائج التزام الجهات على مستوى منظور البيانات الحكومية؛ ليتم عكس نتائجها في مؤشر قياس التحول الرقمي.   • المقترح الثاني: قيام مكتب إدارة البيانات الوطنية بتزويد هيئة الحكومة الرقمية بنتائج التزام الجهات بمنظور البيانات الحكومية وفق وثيقة المعايير الأساسية للتحول الرقمي، لتقوم الهيئة بتقييم الجهات بناءً على هذه النتائج.    كما لا مانع من إضافة أي متطلب يُقاس من خلال “نضيء” إلى وثيقة معايير التحول الرقمي، بشرط أن يتم رصد النتيجة النهائية من قبل الهيئة.    التوصية:  يرجى من معاليكم الاطلاع، والموافقة على إصدار برقية الرد أو التوجيه بما ترونه مناسبًا.    وتفضلوا معاليكم بقبول خالص التحية والتقدير،    [anonymized]  نائب المحافظ للتنظيم والثقة الرقمية

مع التحية، مؤسسة مسك"
ما هي تفاصيل الإفادة بشأن طلب الحصول على ترخيص تأهيل لممارسة أعمال الحكومة الرقمية؟,"السيد/[anonymized] المحترم/ة,

توفر الإفادة معلومات حول طلب الحصول على ترخيص تأهيل لممارسة أعمال الحكومة الرقمية: سعادة الرئيس التنفيذي لشركة الحوسبة السحابية لتقنية المعلومات  سلّمه الله    السلام عليكم ورحمة الله وبركاته،    إشارةً إلى خطاب سعادتكم المؤرّخ في 2025/2/19م، بشأن رغبة الشركة في الحصول على التأهيل لممارسة أعمال الحكومة الرقمية.    أودّ إفادتكم بأنّه يمكن للشركة التقدّم بطلب الحصول على التأهيل عند إعلان الهيئة عن فتح باب التقديم للحصول على التأهيل عبر قنواتها الرسمية.    وفي حال وجود أيّ استفسارات، يمكن للمختصين لديكم التواصل في هذا الشأن مع الإدارة العامة للتراخيص عبر البريد الإلكتروني:  [anonymized]    وتقبلوا خالص تحياتي.    م. [anonymized]  محافظ هيئة الحكومة الرقمية

مع التحية، مؤسسة مسك"
ما هي تفاصيل ترشيح ممثل بشأن بشأن للمشاركة في فريق مراجعة معايير أمن البرمجيات المالية؟,"السيد/[anonymized] المحترم/ة,

يتم ترشيح ممثل للمشاركة في بشأن للمشاركة في فريق مراجعة معايير أمن البرمجيات المالية: معالي محافظ مؤسسة النقد العربي السعودي  حفظه الله    السلام عليكم ورحمة الله وبركاته،    إشارة إلى التعاون المستمر بين الهيئة والمؤسسة في تعزيز الحلول التقنية للقطاع المالي، خاصة ما يتصل بأمن البيانات وسلامة العمليات الرقمية.    أود إفادة معاليكم بأن الهيئة تعمل حاليًا على مراجعة معايير أمن البرمجيات في البنية التحتية المالية الحكومية، وتطوير إطار تشاركي مع الجهات الرقابية ذات العلاقة.    آمل من معاليكم التفضل بتسمية ممثل للمشاركة في فريق مراجعة المعايير، ويمكن التواصل مع الأستاذ/ [anonymized]، بالهاتف المتنقل ([anonymized]) أو البريد الإلكتروني ([anonymized]).    والسلام عليكم ورحمة الله وبركاته.

مع التحية، مؤسسة مسك"
ما هي أسباب الاعتذار عن  حضور اجتماع اللجنة المشتركة لتكامل البيانات؟,"السيد/[anonymized] المحترم/ة,

يتم تقديم الاعتذار بسبب تعارض المواعيد: معالي وزير الموارد البشرية والتنمية الاجتماعية  حفظه الله    السلام عليكم ورحمة الله وبركاته،  إشارة إلى خطاب معاليكم رقم (????) وتاريخ ??/?/????هـ، بشأن تحديد موعد اجتماع اللجنة المشتركة لتكامل بيانات الموارد البشرية،  نود إفادة معاليكم بأن الموعد المقترح لعقد اجتماع اللجنة يتزامن مع التزامات تشغيلية قائمة، ما يتعذر معه التمكن من الحضور.  آمل من معاليكم التفضل بتحديد موعد بديل يناسب الطرفين، وسيقوم فريق الهيئة بالتواصل مع المختصين لدى معاليكم للتنسيق.  والسلام عليكم ورحمة الله وبركاته.

مع التحية، مؤسسة مسك"
ما هي إجراءات تنفيذ التعميم بشأن تحديد نطاق عمل مركز تفاعل المستفيدين “آمر” وتفعيل استقبال الشكاوى الرقمية؟,"السيد/[anonymized] المحترم/ة,

يتم تنفيذ التعميم عبر إبلاغ الجهات المعنية: الموضوع: تحديد نطاق عمل مركز تفاعل المستفيدين “آمر”    سعادة مدير عام المركز الوطني لقياس أداء الأجهزة العامة المكلف  سعادة وكيل إمارة منطقة المدينة المنورة  سعادة مدير عام برنامج ضمان التمويل للمنشآت الصغيرة والمتوسطة  (وأسماء أخرى وجهات أخرى مشمولة في الخطاب)    السلام عليكم ورحمة الله وبركاته    إشارة إلى قرار مجلس الوزراء رقم (418) وتاريخ 1442/7/25هـ، الصادر بالموافقة على تنظيم هيئة الحكومة الرقمية، والمتضمن أن الهيئة هي الجهة المختصة بكل ما يتعلق بالحكومة الرقمية، وتعد المرجع الوطني في شؤونها، وتنص المادة الرابعة على أن من مهام الهيئة “إصدار الأدوات والمؤشرات والتقارير لقياس أداء الجهات الحكومية وقدراتها في مجال الحكومة الرقمية ورضا المستفيدين، ومتابعة التزام الجهات الحكومية بالقرارات والأوامر الصادرة في شأن التعاملات الحكومية الرقمية”.    أحيط سعادتكم بأن الهيئة أجرت تعديلات على نطاق عمل مركز تفاعل المستفيدين “آمر”، ليصبح مركزًا مختصًا بتنظيم آليات تقديم شكاوى المستفيدين الرقمية لدى الجهات الحكومية، ومتابعتها عبر القنوات الرقمية المتنوعة.    وعليه، نأمل من سعادتكم الإيعاز لمن يلزم بتفعيل استقبال المعاملات الخاصة بالخدمات الرقمية والتعامل معها عبر القنوات المعتمدة لديكم، لتكون الخدمة فاعلة ابتداءً من 2023/12/1م.    ونسعد بتقديم أي دعم قد تحتاجونه في مركز “آمر” لتحقيق رضا المستفيدين، وتعزيز التكامل الحكومي، وتحقيق مستهدفات رؤية المملكة 2030.    للتنسيق، يمكن التواصل مع الأستاذة/ X   • الهاتف المتنقل: 0000000000   • البريد الإلكتروني: [anonymized]    وتفضلوا بقبول خالص التحية،  م. [anonymized]  محافظ هيئة الحكومة الرقمية

مع التحية، مؤسسة مسك"
ما هي متطلبات إعادة تفعيل خدمة الاستعلام عن الصكوك الفرعية؟,"السيد/[anonymized] المحترم/ة,

يتطلب إعادة تفعيل خدمة الاستعلام عن الصكوك الفرعية تقديم طلب رسمي مع الوثائق: معالي محافظ هيئة الحكومة الرقمية  سلمه الله    السلام عليكم ورحمة الله وبركاته،    إشارة إلى قرار مجلس الوزراء رقم (440) وتاريخ 01/07/1441هـ القاضي بالموافقة على نظام ملكية الوحدات العقارية وفرزها وإدارتها، وإلى الحاجة الملحة لإعادة تفعيل خدمة الاستعلام الرقمية الخاصة ببيانات الثروة العقارية المملوكة لوزارة العدل، وذلك للحصول على بيانات دقيقة وآنِية للتحقق من الصكوك الفرعية لصكوك أعضاء الجمعيات، بهدف ضمان تسجيل الأملاك في العقارات ذات الملكية المشتركة، وضمان صحة بيانات الملاك الحاليين للوحدات.    ونظرًا لتوقف خدمات التحقق من الصكوك الفرعية والصكوك الأساسية لدى وزارة العدل، مما أثر على خدمات المنصات العقارية الرقمية وبرامج الجمعيات، فإننا نأمل من معاليكم التكرم بالتوجيه بما يلزم لإعادة تفعيل خدمة الاستعلام الرقمية، والتنسيق مع الجهات المختصة لضمان استمرارية الخدمة، بما يحقق متطلبات المادة الثامنة عشرة من النظام.    ويمكن للمختصين لديكم التنسيق مع سعادة مدير عام القطاعات العقارية الرقمية أ. [anonymized]، عبر الجوال رقم ([anonymized]) في هذا الشأن.    وتفضلوا بقبول خالص التحية والتقدير.    والسلام عليكم ورحمة الله وبركاته.    الرئيس التنفيذي  [anonymized]

مع التحية، مؤسسة مسك"
ما هي متطلبات اعتماد مشروع تطوير البنية التحتية الرقمية؟,"السيد/[anonymized] المحترم/ة,

يتطلب اعتماد مشروع تطوير البنية التحتية الرقمية تقديم طلب رسمي مع الوثائق: معالي وزير الاتصالات وتقنية المعلومات  حفظه الله    السلام عليكم ورحمة الله وبركاته،    إشارة إلى خطط هيئة الحكومة الرقمية لتطوير البنية التحتية الرقمية،  نرفع إلى معاليكم طلب الموافقة على اعتماد مشروع “تطوير البنية التحتية الرقمية”،  والذي يهدف إلى رفع جاهزية الأنظمة الإلكترونية، وتحسين مستوى الحماية السيبرانية، وتعزيز قدرات الربط والتكامل بين الجهات الحكومية.    يُعد المشروع ركيزة أساسية في دعم التحول الرقمي الحكومي، وضمان استمرارية الخدمات، واستيفاء المتطلبات الوطنية والدولية في أمن المعلومات والبنية التحتية التقنية.    نأمل من معاليكم التكرم بالتوجيه بما يلزم لاعتماد المشروع والبدء بتنفيذه بالتنسيق مع الجهات ذات العلاقة.    ولمعاليكم خالص الشكر والتقدير.    م. [anonymized]  محافظ هيئة الحكومة الرقمية

مع التحية، مؤسسة مسك"
ما هي تفاصيل الدعوة لحضور مؤتمر البيانات الوطنية؟,"السيد/[anonymized] المحترم/ة,

يتم إرسال دعوة رسمية لحضور مؤتمر البيانات الوطنية: سعادة مدير عام المركز الوطني للوثائق والمحفوظات  سلّمه الله    السلام عليكم ورحمة الله وبركاته،    إشارة إلى اهتمام المركز بتطوير المنظومات الوطنية للبيانات والوثائق المحفوظة رقمياً، أود إفادة سعادتكم بأن الهيئة تنظم مؤتمر “البيانات الوطنية والتحول الرقمي” في مدينة الرياض، وذلك يوم الأربعاء ??/??/????هـ، بحضور عدد من المختصين في الجهات الحكومية والخاصة.    يسر الهيئة دعوتكم للمشاركة في المؤتمر، وتخصيص عرض من المركز حول آليات الحفظ الرقمي طويلة الأجل، وإبراز جهود المركز في هذا المجال.  وللتنسيق في هذا الشأن أو الحصول على مزيد من المعلومات، يمكن التواصل مع الأستاذ/ [anonymized]، بالهاتف المتنقل ([anonymized]) أو البريد الإلكتروني ([anonymized]).    والسلام عليكم ورحمة الله وبركاته.

مع التحية، مؤسسة مسك"
ما هي مستجدات تسليم البيانات المرفوعة؟,"السيد/[anonymized] المحترم/ة,

توفر الإحاطة تحديثات حول تسليم البيانات المرفوعة: صاحب المعالي وزير الاتصالات وتقنية المعلومات  حفظه الله    السلام عليكم ورحمة الله وبركاته،  أفيد معاليكم بتسليم البيانات المرفوعة التي تخص المواطن الموضحة اسمه في البيان المرفق:  الاسم: [anonymized] (رقم سجله المدني: [anonymized])، وتقبلوا تحياتي وتقديري.    رئيس الديوان الملكي  [anonymized]

مع التحية، مؤسسة مسك"
ما هي تفاصيل ترشيح ممثل بشأن ضمن فريق تطوير البنية التحتية الرقمية في الموانئ؟,"السيد/[anonymized] المحترم/ة,

يتم ترشيح ممثل للمشاركة في ضمن فريق تطوير البنية التحتية الرقمية في الموانئ: سعادة محافظ الهيئة العامة للموانئ  سلّمه الله    السلام عليكم ورحمة الله وبركاته،    إشارة إلى خطاب سعادتكم رقم (????) وتاريخ ??/?/????هـ، بشأن تشكيل فريق عمل لمتابعة تطوير البنية التحتية الرقمية في الموانئ، أود إفادة سعادتكم بأن الهيئة ترشح الأستاذ/ [anonymized]، مدير إدارة السياسات الرقمية، ليكون ممثلًا عنها ضمن الفريق المشار إليه.    عليه، آمل من سعادتكم التكرّم باعتماد الترشيح، والتوجيه بالتنسيق مع المرشح لترتيب الاجتماعات اللازمة ومتابعة تنفيذ التوصيات الفنية.  وللتنسيق في هذا الشأن أو الحصول على مزيد من المعلومات، يمكن التواصل مع الأستاذ/ [anonymized]، بالهاتف المتنقل ([anonymized]) أو البريد الإلكتروني ([anonymized]).    والسلام عليكم ورحمة الله وبركاته.

مع التحية، مؤسسة مسك"
ما هي تفاصيل الدعوة لحضور منتدى التحول الرقمي في المناطق؟,"السيد/[anonymized] المحترم/ة,

يتم إرسال دعوة رسمية لحضور منتدى التحول الرقمي في المناطق: صاحب السمو الأمير [anonymized]  أمير منطقة القصيم  حفظه الله    السلام عليكم ورحمة الله وبركاته،    إشارة إلى ما تبذله إمارة منطقة القصيم من جهود في تعزيز التحول الرقمي وتطوير الخدمات الإلكترونية المقدمة للمواطنين والمقيمين.    يسر الهيئة دعوتكم لحضور ""منتدى التحول الرقمي في المناطق""، والمقرر عقده يوم الاثنين 15/2/1447هـ في مدينة الرياض، بمشاركة عدد من أصحاب السمو والمعالي والسعادة.    وتشرفنا مشاركة سموكم بكلمة افتتاحية، إضافة إلى عرض من فريق الإمارة عن أبرز المبادرات الرقمية في المنطقة. وللتنسيق في هذا الشأن، يمكن التواصل مع الأستاذ/ [anonymized]، بالهاتف المتنقل ([anonymized]) أو البريد الإلكتروني ([anonymized]).    والسلام عليكم ورحمة الله وبركاته.

مع التحية، مؤسسة مسك"
ما هي أسباب الاعتذار عن حضور حفل تخرج الدفعة الأولى من كلية الهندسة ؟,"السيد/[anonymized] المحترم/ة,

يتم تقديم الاعتذار بسبب تعارض المواعيد: معالي رئيسة جامعة الأميرة نورة بنت عبدالرحمن  حفظها الله    السلام عليكم ورحمة الله وبركاته،    إشارة إلى خطاب معاليكم رقم (????) وتاريخ ????/??/??هـ، بشأن اعتزام جامعتكم إقامة حفل تخرج طالبات الدفعة الأولى من كلية الهندسة، وذلك بمشيئة الله يوم الخميس ????/??/??هـ الموافق ????/?/??م في مركز المؤتمرات بالجامعة، والمتضمن الدعوة المقدمة لي لحضور الحفل.    يطيب لي أن أتقدم لمعاليكم بالشكر الجزيل على الدعوة، وفي الوقت الذي كنت فيه حريصًا على الحضور، إلاّ أنني أعتذر لارتباطي بمواعيد مجدولة سابقًا،  كما أود الإفادة بأنه قد تم تكليف سعادة نائب المحافظ لقطاع التسويق المهندس/ [anonymized]، بحضور حفل التخرج.    ويمكن للمختصين لديكم التواصل في هذا الشأن مع الأستاذة/ X   • الهاتف المتنقل: 0000000000   • البريد الإلكتروني: [anonymized]    وتقبلوا معاليكم خالص تحياتي.  م. [anonymized]  محافظ هيئة الحكومة الرقمية

مع التحية، مؤسسة مسك"
ما هي إجراءات تنسيق المشاركة في ندوة (الإبل: إرث وفقه وعلم)؟,"السيد/[anonymized] المحترم/ة,

يتطلب تنسيق المشاركة في ندوة (الإبل: إرث وفقه وعلم) التواصل مع الجهات: سعادة وكيل جامعة الإمام محمد بن سعود الإسلامية للشؤون التعليمية  سلمه الله    السلام عليكم ورحمة الله وبركاته،    إشارة إلى خطاب سعادتكم رقم (1280) وتاريخ 1446/5/26هـ، المتضمن الإشارة إلى مذكرة التفاهم المبرمة بين الجامعة ومجمع الملك سلمان العالمي للغة العربية، والتعاون المشترك في إقامة البرامج والأنشطة والفعاليات العلمية، ومن ضمنها: ندوة بعنوان (الإبل: إرث وفقه وعلم)، والتي تُقام ضمن فعاليات الاحتفاء بعام الإبل 2024م.    يُسعد المجمع بالمشاركة معكم في هذه الندوة، ويشكر لسعادتكم الدعوة الكريمة، التي تعكس اهتمام الجامعة بإبراز القيم الثقافية والتراثية والتاريخية للمملكة.    ويمكن للمختصين لديكم التنسيق في هذا الشأن مع الأستاذ/ [anonymized] – قسم الفعاليات، عبر:   • الهاتف المتنقل: 0000000000   • البريد الإلكتروني: [anonymized]    وتفضلوا بقبول خالص التحية والتقدير.    أ.[anonymized]. [anonymized]  الأمين العام – مجمع الملك سلمان العالمي للغة العربية

مع التحية، مؤسسة مسك"
ما هي مستجدات بمستجدات الربط مع منصة التقويم المؤسسي؟,"السيد/[anonymized] المحترم/ة,

توفر الإحاطة تحديثات حول بمستجدات الربط مع منصة التقويم المؤسسي: معالي وزير التعليم  حفظه الله    السلام عليكم ورحمة الله وبركاته،    إشارة إلى خطاب معاليكم رقم (????) وتاريخ ?/??/????هـ، بشأن مستجدات الربط مع منصة التقويم المؤسسي،    أود إحاطة معاليكم بأن الهيئة استكملت الربط التجريبي مع منصة التقويم المؤسسي لعدد من الجامعات، وتم إجراء اختبارات التوافق بنجاح.    ونعمل حاليًا على تفعيل الربط بشكل كامل لجميع مؤسسات التعليم العالي، بالتنسيق مع الفريق التقني لديكم.    والسلام عليكم ورحمة الله وبركاته.

مع التحية، مؤسسة مسك"
ما هي إجراءات تنفيذ التعميم بشأن الالتزام بتحديث خارطة الخدمات؟,"السيد/[anonymized] المحترم/ة,

يتم تنفيذ التعميم عبر إبلاغ الجهات المعنية: معالي رؤساء الجهات الحكومية  حفظهم الله    السلام عليكم ورحمة الله وبركاته،  إشارة إلى متابعة الهيئة الدورية لمستوى الالتزام بتحديث خارطة الخدمات الرقمية الحكومية،  لوحظ أن عددًا من الجهات لم تستكمل تحديث بيانات الخدمات على المنصة الوطنية الموحدة، مما قد يؤثر على جاهزية إطلاق التحديثات المقبلة.  نأمل التكرم باتخاذ ما يلزم حيال تحديث البيانات خلال مدة أقصاها نهاية شهر محرم القادم، والتنسيق مع فريق الهيئة لتقديم الدعم اللازم.  والسلام عليكم ورحمة الله وبركاته.

مع التحية، مؤسسة مسك"
كيف يتم التعبير عن الشكر بشأن وتقدير لاختيار زهراء [anonymized] ضمن الكوكبة المتميزة؟,"السيد/[anonymized] المحترم/ة,

يتم التعبير عن الشكر عبر خطاب رسمي يُشيد بالإنجازات: الأخ/ [anonymized]ه الله    السلام عليكم ورحمة الله وبركاته  حرصًا من وزارة الصحة على تطوير خدماتها والارتقاء بها، تم استقطاب العديد من الكفاءات التي تملك القدرات والمؤهلات العلمية.    وحيث إنه تم اختيار ابنتكم زهراء [anonymized] ضمن هذه الكوكبة التي سوف تساهم – بإذن الله – في خدمة الوطن والمواطن، فطيب لي أن أقدم لشخصكم الكريم جلّ امتناني وتقديري على جهودكم في تقديم أفضل تربية واهتمام ورعاية لهذه الكفاءة لتساهم في رفع الخدمات التي تقدمها للوطن.    بكم نفخر ونرتقي، شكرًا لكم.    أخوكم  [anonymized]

مع التحية، مؤسسة مسك"
ما هي تفاصيل ترشيح ممثل بشأن في اللجنة المشتركة للتراخيص الذكية؟,"السيد/[anonymized] المحترم/ة,

يتم ترشيح ممثل للمشاركة في في اللجنة المشتركة للتراخيص الذكية: سعادة وكيل وزارة الشؤون البلدية والإسكان للتراخيص  سلّمه الله    السلام عليكم ورحمة الله وبركاته،    إشارة إلى الاجتماع المنعقد بتاريخ ??/?/????هـ، بشأن تشكيل لجنة مشتركة لدراسة توحيد التراخيص الذكية في الأنشطة التجارية.    أود إفادة سعادتكم بأن الهيئة ترشح الأستاذ/ [anonymized]، مدير إدارة التراخيص الرقمية، لتمثيل الهيئة في هذه اللجنة، لما له من خبرة واسعة في هذا المجال.    وللتنسيق في هذا الشأن يمكن التواصل معه عبر الهاتف المتنقل ([anonymized]) أو البريد الإلكتروني ([anonymized]).    والسلام عليكم ورحمة الله وبركاته.

مع التحية، مؤسسة مسك"
ما هي تفاصيل ترشيح ممثل بشأن ضمن فريق عمل تطوير البنية التحتية الرقمية في الموانئ؟,"السيد/[anonymized] المحترم/ة,

يتم ترشيح ممثل للمشاركة في ضمن فريق عمل تطوير البنية التحتية الرقمية في الموانئ: سعادة محافظ الهيئة العامة للموانئ  سلّمه الله    السلام عليكم ورحمة الله وبركاته،    إشارة إلى خطاب سعادتكم رقم (????) وتاريخ ??/?/????هـ، بشأن تشكيل فريق عمل لمتابعة تطوير البنية التحتية الرقمية في الموانئ، أود إفادة سعادتكم بأن الهيئة ترشح الأستاذ/ [anonymized]، مدير إدارة السياسات الرقمية، ليكون ممثلًا عنها ضمن الفريق المشار إليه.    عليه، آمل من سعادتكم التكرّم باعتماد الترشيح، والتوجيه بالتنسيق مع المرشح لترتيب الاجتماعات اللازمة ومتابعة تنفيذ التوصيات الفنية.  وللتنسيق في هذا الشأن أو الحصول على مزيد من المعلومات، يمكن التواصل مع الأستاذ/ [anonymized]، بالهاتف المتنقل ([anonymized]) أو البريد الإلكتروني ([anonymized]).    والسلام عليكم ورحمة الله وبركاته.

مع التحية، مؤسسة مسك"
ما هي مستجدات منظومة التكامل الرقمي في التعليم؟,"السيد/[anonymized] المحترم/ة,

توفر الإحاطة تحديثات حول منظومة التكامل الرقمي في التعليم: معالي وزير التعليم حفظه الله  السلام عليكم ورحمة الله وبركاته،  إشارة إلى الاجتماع الفني المنعقد بتاريخ ??/??/????هـ بشأن تعزيز التكامل الرقمي بين الأنظمة التعليمية الوطنية.  أود إفادة معاليكم بأن الهيئة استكملت دراسة الربط البيني بين أنظمة منصة “مدرستي” ومنصة “موارد”، ضمن إطار أوسع لمنظومة التكامل الرقمي في قطاع التعليم.  نأمل من معاليكم التفضل باعتماد الفريق الفني لمتابعة تنفيذ مراحل الربط المقررة، تمهيدًا لإطلاق النسخة التجريبية الموحدة.  والسلام عليكم ورحمة الله وبركاته.

مع التحية، مؤسسة مسك"
ما هي متطلبات الموافقة على توقيع اتفاقية تعاون محلية؟,"السيد/[anonymized] المحترم/ة,

يتطلب الموافقة على توقيع اتفاقية تعاون محلية تقديم طلب رسمي مع الوثائق: معالي محافظ هيئة الحكومة الرقمية  حفظه الله    السلام عليكم ورحمة الله وبركاته،    تتقدم وزارة الاقتصاد والتخطيط إلى معاليكم بطلب الموافقة على توقيع اتفاقية تعاون مع الهيئة السعودية للبيانات والذكاء الاصطناعي (سدايا)،  وذلك في إطار تعزيز التكامل بين الجهات الحكومية وتوحيد الجهود نحو بناء منظومة رقمية وطنية متكاملة تدعم اتخاذ القرار وتوظيف البيانات والذكاء الاصطناعي في صياغة السياسات الاقتصادية.    وقد تم إعداد مسودة الاتفاقية وفق أفضل الممارسات، بما يضمن وضوح الأدوار والمسؤوليات، وتحقيق الأثر المرجو على المستويين التشغيلي والاستراتيجي.    نأمل من معاليكم التكرم بالموافقة على توقيع الاتفاقية، والتوجيه بما يلزم للتنسيق بين الفرق المختصة لدى الجهتين.    والسلام عليكم ورحمة الله وبركاته.    [anonymized]  وزير الاقتصاد والتخطيط

مع التحية، مؤسسة مسك"
ما هي متطلبات الموافقة على إطلاق منصة لتقييم الأداء الوظيفي؟,"السيد/[anonymized] المحترم/ة,

يتطلب الموافقة على إطلاق منصة لتقييم الأداء الوظيفي تقديم طلب رسمي مع الوثائق: معالي رئيس ديوان الخدمة المدنية  حفظه الله    السلام عليكم ورحمة الله وبركاته،    انطلاقًا من أهمية تطوير منظومة الأداء الوظيفي في الجهات الحكومية، وحرصًا على تعزيز مبدأ الكفاءة والعدالة في تقييم الموظفين،  ترفع هيئة الحكومة الرقمية إلى معاليكم طلبًا للموافقة على إطلاق منصة “تقييم الأداء الوظيفي”،  والتي تهدف إلى تمكين الجهات من متابعة أداء منسوبيها بشكل دوري، وتحفيز الموظفين لتحقيق مستويات أعلى من الإنتاجية من خلال نظام تقييم رقمي موحد يعتمد على معايير واضحة وموضوعية.    كما تسهم المنصة في تحسين جودة القرارات الإدارية المرتبطة بالترقيات والتدريب والتطوير الوظيفي، وتدعم التكامل مع أنظمة الموارد البشرية الوطنية.    نأمل من معاليكم التكرم بالموافقة على المشروع، والتوجيه بما يلزم لاعتماده وبدء تنفيذه بالتنسيق مع الهيئة.    والسلام عليكم ورحمة الله وبركاته.    م. [anonymized]  محافظ هيئة الحكومة الرقمية

مع التحية، مؤسسة مسك"
ما هي متطلبات دعم فني لإطلاق منصة إلكترونية جديدة؟,"السيد/[anonymized] المحترم/ة,

يتطلب دعم فني لإطلاق منصة إلكترونية جديدة تقديم طلب رسمي مع الوثائق: معالي رئيس هيئة الحكومة الرقمية حفظه الله    السلام عليكم ورحمة الله وبركاته،    انطلاقًا من حرص وزارة النقل والخدمات اللوجستية على تحسين الخدمات الإلكترونية المقدمة للمستفيدين ورفع كفاءة الإجراءات التشغيلية،  يسرنا رفع طلب لدعم فني لإطلاق ""منصة النقل الذكية""،  والتي تهدف إلى توحيد خدمات النقل البري والبحري والجوي في بوابة إلكترونية موحدة، تتيح للمستفيدين تنفيذ كافة المعاملات رقمياً بسهولة وكفاءة.    نأمل من معاليكم التكرم بالموافقة على تقديم الدعم الفني اللازم، والتوجيه بما يلزم للتنسيق مع الفرق الفنية المختصة لدى الهيئة.    والسلام عليكم ورحمة الله وبركاته.    [anonymized]  وزير النقل والخدمات اللوجستية

مع التحية، مؤسسة مسك"
ما هي مستجدات تحديث معايير قياس النضج الرقمي؟,"السيد/[anonymized] المحترم/ة,

توفر الإحاطة تحديثات حول تحديث معايير قياس النضج الرقمي: معالي رئيس هيئة تقويم التعليم والتدريب  حفظه الله    السلام عليكم ورحمة الله وبركاته،    إشارة إلى اللقاء الفني المنعقد بتاريخ ?/??/????هـ بشأن تطوير مؤشرات قياس النضج الرقمي في القطاعات التعليمية.    أود إفادة معاليكم بأن الهيئة قامت بتحديث الإطار المرجعي الخاص بالمؤشرات ليتوافق مع أحدث النماذج الدولية، ويأخذ بعين الاعتبار خصوصية الخدمات التعليمية والتدريبية في المملكة.    نأمل من معاليكم التفضل بمراجعة النسخة المحدثة وإبداء المرئيات الفنية قبل اعتمادها ضمن التقييم القادم.    والسلام عليكم ورحمة الله وبركاته.

مع التحية، مؤسسة مسك"
ما هي متطلبات دعم لمبادرة تطوير الكوادر التقنية الوطنية؟,"السيد/[anonymized] المحترم/ة,

يتطلب دعم لمبادرة تطوير الكوادر التقنية الوطنية تقديم طلب رسمي مع الوثائق: معالي وزير الاتصالات وتقنية المعلومات حفظه الله    السلام عليكم ورحمة الله وبركاته،    إشارة إلى أهمية تأهيل الكوادر الوطنية في مجالات التقنية،  نرفع إلى معاليكم طلبًا لدعم مبادرة “تطوير الكوادر التقنية الوطنية”،  والتي تهدف إلى تدريب وتوظيف الشباب السعودي في مجالات الأمن السيبراني، وتحليل البيانات، والذكاء الاصطناعي، بالتعاون مع كبرى شركات التقنية.    وستساهم المبادرة في سد الفجوة التقنية، وتعزيز فرص التوظيف للشباب السعودي في القطاعات التقنية.    نأمل من معاليكم التكرم بالموافقة واعتماد الدعم اللازم.    والسلام عليكم ورحمة الله وبركاته.

مع التحية، مؤسسة مسك"
ما هي متطلبات مراجعة مؤشرات التحول الرقمي ضمن تقارير التنافسية؟,"السيد/[anonymized] المحترم/ة,

يتطلب مراجعة مؤشرات التحول الرقمي ضمن تقارير التنافسية تقديم طلب رسمي مع الوثائق: سعادة الرئيس التنفيذي للمركز الوطني للتنافسية  سلّمه الله    السلام عليكم ورحمة الله وبركاته،    إشارة إلى خطاب سعادتكم رقم (????) وتاريخ ??/??/????هـ، بشأن طلب مراجعة مؤشرات التحول الرقمي ضمن تقارير التنافسية،    أود إفادة سعادتكم بأن الهيئة تعمل على مواءمة تقارير التنافسية مع مؤشرات التحول الرقمي الحكومية، وتحتاج إلى مراجعة بعض التصنيفات المستخدمة لضمان الاتساق مع التصنيفات الوطنية.    آمل التكرم بتكليف المختصين بالتنسيق مع الهيئة ومشاركة النسخ الفنية المعتمدة للتقارير السابقة.    والسلام عليكم ورحمة الله وبركاته.

مع التحية، مؤسسة مسك"
ما هي تفاصيل التهنئة بشأن الشؤون الصحية بوزارة الحرس الوطني بشهادة اعتماد البنية المؤسسية الوطنية؟,"السيد/[anonymized] المحترم/ة,

يتم تقديم التهنئة عبر خطاب رسمي يُشيد بالإنجازات: معالي المدير العام التنفيذي للشؤون الصحية بوزارة الحرس الوطني  حفظه الله    السلام عليكم ورحمة الله وبركاته،  إشارةً إلى برقية معالي رئيس الديوان الملكي رقم (6262) وتاريخ (1445/1/26هـ)، المتضمّنة الموافقة الكريمة على المعاملة المتعلقة بالتقريرين السنويين (الثامن، والتاسع) لقياس التحول الرقمي الحكومي، وما نصّت عليه الفقرة (9) من التوجيه بقيام الجهات الحكومية “العمل مع هيئة الحكومة الرقمية في تطبيق ممارسة البنية المؤسسية، وإسناد الصلاحية إلى الوحدة التنظيمية “البنية المؤسسية” لديها، وأن تطبق تطبيقاً فاعلًا المنهجيات والمعايير والأدلة الإرشادية المقدمة من هيئة الحكومة الرقمية”، وإلى ما تسهم فيه ممارسات البنية المؤسسية واتباعها لمعايير البنية المؤسسية الوطنية في رفع مستوى النضج وتحسين كفاءة الاستثمار في الحكومة الرقمية.  يطيب لي أن أهنئ معاليكم بمناسبة استحقاق الشؤون الصحية بوزارة الحرس الوطني لشهادة اعتماد البنية المؤسسية الوطنية، بمستوى النضج الثالث (3.0 من 5). وسيتم تسليم الشهادة في ملتقى الحكومة الرقمية المزمع إقامته خلال الفترة من 20/12/2023م.  كما تجدون أدناه رمز الاستجابة السريعة (QR Code)، والمتضمن “الموجز التنفيذي لنتائج تقييم ممارسة البنية المؤسسية للشؤون الصحية بوزارة الحرس الوطني”.    وفي حال الرغبة في الحصول على مزيد من المعلومات، يمكن للمختصين لديكم التواصل مع:   • مسؤول التواصل: الاسم محجوب   • الجوال: 0000000000   • البريد الإلكتروني: [anonymized]    وتفضلوا بقبول خالص التحيات،  م. [anonymized]  محافظ هيئة الحكومة الرقمية

مع التحية، مؤسسة مسك"
ما هي تفاصيل الدعوة لحضور دعوة هيئة حقوق الإنسان للمشاركة في ملتقى “النفاذ الرقمي والحقوق التقنية”؟,"السيد/[anonymized] المحترم/ة,

يتم إرسال دعوة رسمية لحضور دعوة هيئة حقوق الإنسان للمشاركة في ملتقى “النفاذ الرقمي والحقوق التقنية”: معالي رئيس هيئة حقوق الإنسان  حفظه الله    السلام عليكم ورحمة الله وبركاته،    إشارة إلى مبادرة الهيئة الوطنية لتعزيز الشمول الرقمي للفئات الأقل تمثيلًا في الخدمات التقنية.    أود إفادة معاليكم بأننا نعتزم عقد ملتقى وطني بعنوان “النفاذ الرقمي والحقوق التقنية” بتاريخ ??/?/????هـ، لمناقشة المعايير الوطنية المتعلقة بإتاحة المنصات الرقمية لذوي الإعاقة وكبار السن.    آمل من معاليكم التفضل بتسمية مختص للمشاركة في إعداد محاور الملتقى.    والسلام عليكم ورحمة الله وبركاته.

مع التحية، مؤسسة مسك"
ما هي تفاصيل ترشيح ممثل بشأن  للمشاركة في اجتماع اللجنة الوطنية للحكومة الرقمية؟,"السيد/[anonymized] المحترم/ة,

يتم ترشيح ممثل للمشاركة في  للمشاركة في اجتماع اللجنة الوطنية للحكومة الرقمية: معالي محافظ هيئة الحكومة الرقمية  حفظه الله    السلام عليكم ورحمة الله وبركاته،    نود إحاطة معاليكم بترشيح الأستاذ/ X لحضور اجتماع اللجنة الوطنية للحكومة الرقمية، والمقرر انعقاده يوم الأحد 1445/8/5هـ في مقر الهيئة بمدينة الرياض.    راجين من معاليكم التكرم بالموافقة، والتوجيه بما يلزم لاعتماد الترشيح.    وتفضلوا بقبول خالص التحية والتقدير.    الهيئة العامة للموانئ

مع التحية، مؤسسة مسك"
ما هي أسباب الاعتذار عن الحضور حفل تدشين نظام ربط الاتصالات الإدارية بجهات منظومة النقل؟,"السيد/[anonymized] المحترم/ة,

يتم تقديم الاعتذار بسبب تعارض المواعيد: معالي مساعد وزير النقل والخدمات اللوجستية  حفظه الله    السلام عليكم ورحمة الله وبركاته،    إشارة إلى خطاب معاليكم رقم (????) وتاريخ ????/?/??هـ، بشأن الدعوة المقدمة لي للمشاركة في حفل تدشين ربط أنظمة الاتصالات الإدارية في جميع جهات منظومة النقل مع نظام الاتصالات الإدارية، والمقرر عقده يوم الأحد 2023/9/3م في مقر وزارتكم الموقرة بحي المروج.    يطيب لي أن أتقدم لمعاليكم بالشكر الجزيل على هذه الدعوة الكريمة، وفي الوقت الذي كنت فيه حريصًا على الحضور، إلا أنني أعتذر عن ذلك لوجود ارتباط مسبق في نفس الموعد.    كما أود الإفادة بتكليف سعادة المهندس/ [anonymized]، نائب المحافظ لقطاع الأعمال والتحول الرقمي، بالحضور نيابة عني.  ويمكن للمختصين لديكم التنسيق معه من خلال التواصل مع الأستاذة/ [anonymized] عبر:   • الهاتف المتنقل: [anonymized]   • البريد الإلكتروني: [anonymized]    وتفضلوا معاليكم بقبول خالص تحياتي وتقديري.    م. [anonymized]  محافظ هيئة الحكومة الرقمية

مع التحية، مؤسسة مسك"
ما هي تفاصيل التهنئة بشأن بالثقة الملكية؟,"السيد/[anonymized] المحترم/ة,

يتم تقديم التهنئة عبر خطاب رسمي يُشيد بالإنجازات: الموضوع: تهنئة بالثقة الملكية    صاحب السمو الأمير  [anonymized]  محافظ الدرعية  حفظه الله    السلام عليكم ورحمة الله وبركاته،    يشرفني أن أرفع إلى سموكم الكريم أسمى آيات التهاني والتبريكات بمناسبة صدور الثقة الملكية الكريمة بتعيينكم محافظًا للدرعية،  سائلًا المولى العلي القدير أن يوفق سموكم لخدمة هذا الوطن الغالي وأبنائه في ظل توجيهات سيدي خادم الحرمين الشريفين  الملك [anonymized]، ومتابعة سمو سيدي ولي العهد الأمين الأمير [anonymized]، حفظهما الله.    وتفضلوا سموكم بقبول خالص تحياتي.    م. [anonymized]  محافظ هيئة الحكومة الرقمية

مع التحية، مؤسسة مسك"
كيف يتم التعبير عن الشكر بشأن على التعاون في تطوير منصة متابعة العقود التخصيصية؟,"السيد/[anonymized] المحترم/ة,

يتم التعبير عن الشكر عبر خطاب رسمي يُشيد بالإنجازات: سعادة المدير العام للمركز الوطني للتخصيص  سلّمه الله    السلام عليكم ورحمة الله وبركاته،    إشارة إلى خطاب سعادتكم رقم (????) وتاريخ ?/??/????هـ، بشأن شكر على التعاون في منصة متابعة العقود التخصيصية،    تتقدم الهيئة بخالص الشكر والتقدير لسعادتكم على التعاون الفاعل في تطوير منصة متابعة العقود التخصيصية، وما نتج عنها من رفع مستوى الشفافية ودقة التقارير.    ونتطلع إلى استمرار هذا التعاون وتعزيزه بمبادرات تكامل إضافية.    والسلام عليكم ورحمة الله وبركاته.

مع التحية، مؤسسة مسك"
ما هي متطلبات تنظيم مؤتمر وطني حول الذكاء الاصطناعي؟,"السيد/[anonymized] المحترم/ة,

يتطلب تنظيم مؤتمر وطني حول الذكاء الاصطناعي تقديم طلب رسمي مع الوثائق: معالي وزير الاتصالات وتقنية المعلومات  حفظه الله    السلام عليكم ورحمة الله وبركاته،    في إطار توجه المملكة نحو الاستفادة من التقنيات الناشئة،  يسر هيئة البيانات والذكاء الاصطناعي (سدايا) التقدم إلى معاليكم بطلب تنظيم مؤتمر وطني بعنوان: “الذكاء الاصطناعي وتأثيره على المستقبل الرقمي”،  بمشاركة نخبة من الخبراء المحليين والدوليين، وبحضور قيادات الجهات الحكومية ذات العلاقة،  ويهدف المؤتمر إلى استعراض أبرز التطورات في مجالات الذكاء الاصطناعي، ومناقشة تطبيقاته في الخدمات العامة، وتعزيز التكامل بين الجهات في تبني هذه التقنية.    نأمل من معاليكم التكرم بالموافقة على تنظيم المؤتمر، والتوجيه بما يلزم للتنسيق مع الجهات المعنية لضمان نجاحه وتحقيق أهدافه.    والسلام عليكم ورحمة الله وبركاته.    الدكتور/ [anonymized]  رئيس الهيئة السعودية للبيانات والذكاء الاصطناعي (سدايا)

مع التحية، مؤسسة مسك"
ما هي تفاصيل ترشيح ممثل بشأن للمشاركة في لجنة تطوير منصات الإفصاح المالي؟,"السيد/[anonymized] المحترم/ة,

يتم ترشيح ممثل للمشاركة في للمشاركة في لجنة تطوير منصات الإفصاح المالي: سعادة الرئيس التنفيذي للهيئة السعودية للمراجعين والمحاسبين  سلّمه الله    السلام عليكم ورحمة الله وبركاته،    إشارة إلى خطاب سعادتكم رقم (????) وتاريخ ??/??/????هـ، بشأن ترشيح ممثل للمشاركة في لجنة تطوير منصات الإفصاح المالي،    ترشح الهيئة الأستاذ/ [anonymized]، مدير وحدة البيانات المالية الحكومية، لتمثيل الهيئة في لجنة تطوير منصات الإفصاح المالي، وذلك لما له من خبرة في إعداد السياسات التنظيمية الرقمية.    ونتطلع إلى دعم جهود اللجنة في تحقيق تكامل فعال بين المنصات الرقابية.    والسلام عليكم ورحمة الله وبركاته.

مع التحية، مؤسسة مسك"
ما هي تفاصيل ترشيح ممثل بشأن ترشيح للمشاركة في لجنة التحول الرقمي في القطاع الصحي؟,"السيد/[anonymized] المحترم/ة,

يتم ترشيح ممثل للمشاركة في ترشيح للمشاركة في لجنة التحول الرقمي في القطاع الصحي: معالي وزير الصحة حفظه الله  السلام عليكم ورحمة الله وبركاته،  إشارة إلى خطاب معاليكم رقم (????) وتاريخ ??/??/????هـ، المتضمن تشكيل لجنة وطنية لتحفيز التحول الرقمي في القطاع الصحي.  أود إفادة معاليكم بأن الهيئة ترشح الأستاذ/ [anonymized]، مستشار التحول الرقمي الصحي، لتمثيل الهيئة في أعمال اللجنة، لما يتمتع به من خبرة واسعة في بناء حلول رقمية مستدامة في القطاع الصحي.  وللتنسيق يمكن التواصل معه عبر الهاتف المتنقل ([anonymized]) أو البريد الإلكتروني ([anonymized]).  والسلام عليكم ورحمة الله وبركاته.

مع التحية، مؤسسة مسك"
ما هي متطلبات بشأن مواءمة الأدلة الإرشادية مع المنصة الوطنية الموحدة؟,"السيد/[anonymized] المحترم/ة,

يتطلب بشأن مواءمة الأدلة الإرشادية مع المنصة الوطنية الموحدة تقديم طلب رسمي مع الوثائق: معالي رئيس الهيئة السعودية للبيانات والذكاء الاصطناعي (سدايا) حفظه الله  السلام عليكم ورحمة الله وبركاته،  إشارة إلى مساعي التنسيق القائمة بين الهيئة وسدايا لتكامل البنية التحتية للمنصات الحكومية.  أود إفادة معاليكم بأن الهيئة تعمل حاليًا على تحديث محتوى المنصة الوطنية الموحدة، وتدعو سدايا إلى مواءمة الأدلة الإرشادية الصادرة عنها مع التصميم الجديد للمنصة بما يعزز التجربة التكاملية الموحدة للمستفيدين.  آمل من معاليكم التفضل بتكليف الفريق الفني المختص بالتنسيق المباشر مع الهيئة لاستكمال الإجراءات الفنية.  والسلام عليكم ورحمة الله وبركاته.

مع التحية، مؤسسة مسك"
ما هي تفاصيل الإفادة بشأن الإفادة عن أوامر دفع البرامج التدريبية لموظفي وزارة الاتصالات وتقنية المعلومات؟,"السيد/[anonymized] المحترم/ة,

توفر الإفادة معلومات حول الإفادة عن أوامر دفع البرامج التدريبية لموظفي وزارة الاتصالات وتقنية المعلومات: معالي وزير الاتصالات وتقنية المعلومات حفظه الله    السلام عليكم ورحمة الله وبركاته،    إشارة إلى طلب معاليكم برقم (?????) وتاريخ ????/?/??هـ، بشأن الاستفسار عن أوامر الدفع المتعلقة بالبرامج التدريبية لموظفي الوزارة خلال العام المالي ????م،  نفيد معاليكم بأنه قد تم مراجعة السجلات المالية لدى الإدارة العامة للشؤون المالية بالوزارة، وتبين أن أوامر الدفع الصادرة حتى تاريخه الخاصة بالبرامج التدريبية، تمت معالجتها وفقًا للضوابط المالية المعتمدة، ولا يوجد أوامر دفع عالقة أو متأخرة تتعلق بهذه البرامج.  كما تود الوزارة الإشارة إلى أنه يجري العمل حاليًا على تطوير آلية الصرف المستقبلية بما يضمن المزيد من الكفاءة والشفافية في الإجراءات. وسيتم تزويد معاليكم بتقرير مفصل عن أداء البرامج التدريبية ومدى الاستفادة منها خلال الربع الثالث من العام الجاري بمشيئة الله.    والسلام عليكم ورحمة الله وبركاته.

مع التحية، مؤسسة مسك"
ما هي متطلبات تزويد الهيئة بمعلومات المنصات التقنية للفعاليات؟,"السيد/[anonymized] المحترم/ة,

يتطلب تزويد الهيئة بمعلومات المنصات التقنية للفعاليات تقديم طلب رسمي مع الوثائق: سعادة الرئيس التنفيذي للهيئة العامة للترفيه  سلّمه الله    السلام عليكم ورحمة الله وبركاته،    إشارة إلى خطاب سعادتكم رقم (????) وتاريخ ??/?/????هـ، بشأن المنصات التقنية المستخدمة لتنظيم الفعاليات، أود إفادة سعادتكم بأن الهيئة تعمل على بناء قاعدة وطنية موحدة لخدمات الفعاليات الرقمية، تتضمن متطلبات التراخيص، والموافقات، والربط مع الجهات الممكّنة تقنيًا، وذلك بالتعاون مع عدة جهات معنية.    عليه، آمل من سعادتكم التكرّم بتزويد الهيئة بالمعلومات الفنية للمنصات المعتمدة لدى هيئتكم، والتحديات التي تواجه عمليات الربط التقني مع الجهات الأخرى.  وللتنسيق في هذا الشأن أو الحصول على مزيد من المعلومات، يمكن التواصل مع الأستاذ/ [anonymized]، بالهاتف المتنقل ([anonymized]) أو البريد الإلكتروني ([anonymized]).    والسلام عليكم ورحمة الله وبركاته.

مع التحية، مؤسسة مسك"
ما هي تفاصيل الدعوة لحضور  ورشة تكامل الأنظمة مع سجل الأعمال الوطني؟,"السيد/[anonymized] المحترم/ة,

يتم إرسال دعوة رسمية لحضور  ورشة تكامل الأنظمة مع سجل الأعمال الوطني: معالي وزير التجارة  حفظه الله    السلام عليكم ورحمة الله وبركاته،    إشارة إلى خطاب معاليكم رقم (????) وتاريخ ??/??/????هـ، بشأن دعوة للمشاركة في ورشة التكامل مع سجل الأعمال،    يسر الهيئة دعوتكم للمشاركة في ورشة العمل المتخصصة حول تكامل الأنظمة الحكومية مع سجل الأعمال الوطني، والمقرر عقدها يوم الاثنين ?/??/????هـ، بمدينة الرياض.    تهدف الورشة إلى تطوير آليات تبادل بيانات التراخيص والسجلات وتحسين تجربة المستثمر.    والسلام عليكم ورحمة الله وبركاته.

مع التحية، مؤسسة مسك"
ما هي متطلبات الإفادة حيال التماس المواطن [anonymized] والنظر في طلبه؟,"السيد/[anonymized] المحترم/ة,

يتطلب الإفادة حيال التماس المواطن [anonymized] والنظر في طلبه تقديم طلب رسمي مع الوثائق: سعادة المشرف العام على مكتب معالي وزير المالية  سلّمه الله    السلام عليكم ورحمة الله وبركاته،    إشارة إلى خطاب سعادتكم رقم (9025) وتاريخ 1446/10/6هـ، المرافق له نسخة من برقية معالي رئيس الديوان الملكي رقم (71414) وتاريخ 1446/10/3هـ، ومشفوعها عدد من البرقيات والطلبات المرفوعة من بعض المواطنين، ومنهم المواطن/ [anonymized]، الذي يلتمس النظر في طلبه للأسباب التي أشار إليها، وطلب سعادتكم الاطلاع والتوجيه بإكمال اللازم، وذلك بحسب الاختصاص.    وبالرجوع إلى المادة (الرابعة عشرة) من نظام المنافسات والمشتريات الحكومية الصادر بالمرسوم الملكي رقم (م/128) وتاريخ 1440/11/13هـ، وما نصّت عليه من اختصاصات للجهة الحكومية بالشراء الموحد بالنيابة عن الجهات الحكومية، وإلى البرقية الكريمة رقم (8119) وتاريخ 1444/2/3هـ، المتضمّنة في البند (ثانيًا): “قيام هيئة الحكومة الرقمية بالتنسيق مع هيئة كفاءة الإنفاق والمشروعات الحكومية والجهات ذات العلاقة لإعداد اتفاقيات إطارية وطنية عاجلة لتوفير الخدمات الرقمية الحكومية…”.    وإشارة إلى قرار مجلس الوزراء رقم (14) وتاريخ 1443/1/2هـ، بشأن قواعد تنظيم البرمجيات الحكومية الحرة ومفتوحة المصدر، بما يعزز فرص إعادة استخدامها بين الجهات الحكومية ويؤسس لمتطلبات البنية التحتية لنشرها،    نود إفادة سعادتكم بأن الهيئة قامت بعدة خطوات تنفيذية في هذا السياق، منها:   1. إعداد عدد من الاتفاقيات الإطارية الوطنية ذات العلاقة بالبرمجيات، ومنها منتجات شركة “مايكروسوفت”، بالتعاون مع هيئة كفاءة الإنفاق والمشروعات الحكومية، امتثالًا للأنظمة والتعليمات.   2. تشكيل لجنة وطنية برئاسة هيئة الحكومة الرقمية وعضوية عدد من الجهات الحكومية، لمتابعة تنفيذ قواعد تنظيم البرمجيات الحكومية الحرة ومفتوحة المصدر، ورفع تقرير سنوي لمجلس الوزراء.   3. استحداث مستودع البرمجيات الحكومية لتتمكن الجهات الحكومية من إيداع واستفادة البرمجيات فيما بينها، تحقيقًا للمستهدفات.    وعليه؛ نؤكد لسعادتكم أن الجهود الحالية -بتضافر الجهات الحكومية ذات العلاقة- تهدف إلى تأمين وتطوير المشتريات الحكومية للبرمجيات بجميع أساليب الشراء المنصوص عليها في النظام، وخاصة أسلوب الشراء الموحد عبر الاتفاقيات الإطارية، بما يعظم الفائدة ويحقق كفاءة الإنفاق.    كما نُشير إلى أن إنشاء جهة مستقلة للشراء الموحد للخدمات الرقمية لا يُعد ضروريًا في الوقت الراهن، نظرًا لما قد يترتب عليه من تعارض في الصلاحيات وتكرار للأدوار التنظيمية، علمًا بأن المختصين بالهيئة قد تواصلوا مع المواطن الدكتور/ [anonymized]، وتمت مناقشة مقترحه وأخذ الحيثيات في الاعتبار.    والسلام عليكم ورحمة الله وبركاته.    [anonymized]  مدير عام مكتب المحافظ

مع التحية، مؤسسة مسك"
ما هي تفاصيل الإفادة بشأن إشعار بتنفيذ برنامج تدريبي حول إدارة الأدلة الرقمية؟,"السيد/[anonymized] المحترم/ة,

توفر الإفادة معلومات حول إشعار بتنفيذ برنامج تدريبي حول إدارة الأدلة الرقمية: معالي محافظ هيئة الحكومة الرقمية  سلمه الله    السلام عليكم ورحمة الله وبركاته،    أود إحاطة معاليكم بأن الهيئة تعتزم تنفيذ برنامج تدريبي بالتعاون مع البنك الدولي، بعنوان “إدارة الأدلة الرقمية”، وذلك في مركز نزاهة للتدريب بمقر الهيئة بمدينة الرياض، لمدة ثلاثة أيام، اعتبارًا من يوم الثلاثاء ????/??/? هـ الموافق ????/?/?? م، ويهدف البرنامج إلى تزويد المشاركين بالمعرفة حول إدارة الأدلة الرقمية والحفاظ عليها وضمان سلامتها لاستغلالها في التحقيقات المتعلقة بالفساد.    بالإشارة إلى ما سبق، نأمل التكرم بالإفادة بترشيح أحد المختصين بالهيئة لحضور البرنامج التدريبي المشار إليه، وإرسال بياناته وأرقام التواصل معه إلى مدير إدارة تنفيذ ومتابعة البرامج الأستاذ/ [anonymized]، على البريد الإلكتروني ([anonymized])، وذلك قبل موعد أقصاه نهاية دوام يوم الثلاثاء الموافق ????/??/?? هـ، أو التنسيق معه على الهاتف رقم (??????????).    والسلام عليكم ورحمة الله وبركاته.    رئيس هيئة الرقابة ومكافحة الفساد  [anonymized]

مع التحية، مؤسسة مسك"
ما هي تفاصيل ترشيح ممثل بشأن طلب ترشيح ضابط اتصال لمؤشر كفاءة المحتوى للمواقع الإلكترونية – صندوق الاستثمارات العامة؟,"السيد/[anonymized] المحترم/ة,

يتم ترشيح ممثل للمشاركة في طلب ترشيح ضابط اتصال لمؤشر كفاءة المحتوى للمواقع الإلكترونية – صندوق الاستثمارات العامة: معالي محافظ صندوق الاستثمارات العامة  حفظه الله    السلام عليكم ورحمة الله وبركاته،    استنادًا إلى اختصاصات ومهمات هيئة الحكومة الرقمية المنصوص عليها في تنظيمها الصادر بقرار مجلس الوزراء رقم (418) وتاريخ 1442/7/25هـ، وما نصّت عليه المادة (الرابعة/5) من أن من مهام الهيئة “إصدار القياسات والمؤشرات والأدوات والتقارير لقياس أداء الجهات الحكومية وقدراتها في مجال الحكومة الرقمية، ورضا المستفيد عنها”.    أود إحاطة معاليكم بأن هذه الهيئة تعمل حاليًا على تطوير مؤشر كفاءة وجودة محتوى المواقع الإلكترونية، الذي يُعنى بتعزيز الشخصية الوطنية على القنوات الرقمية من خلال تحسين كفاءة محتوى المواقع الحكومية وشبه الحكومية وفقًا لعدة محاور ومعايير رئيسة في هذا المجال.    وسعيًا إلى تطوير هذا المؤشر وإتمام الأعمال والمستهدفات ذات العلاقة في سبيل تحقيق المصلحة العامة، تعتزم الهيئة عقد ورشة تعريفية خاصة بضوابط تحسين محركات البحث (SEO).    عليه، آمل من معاليكم التكرم بتسمية ضابط اتصال من جهتكم الموقرة، بهدف تزويد الهيئة بمعلومات التواصل الخاصة بالشركات التابعة لصندوق الاستثمارات العامة، لدعوتهم للمشاركة في الورشة المشار إليها أعلاه.    وفي حال وجود أي استفسارات في هذا الشأن، يمكن للمختصين لديكم التواصل مع الأستاذ/ X. X. عبر الهاتف المتنقل: 0000000000، أو البريد الإلكتروني: [anonymized]    وتفضلوا معاليكم بقبول خالص تحياتي.    م. [anonymized]  محافظ هيئة الحكومة الرقمية

مع التحية، مؤسسة مسك"
ما هي متطلبات الموافقة على إطلاق حملة وطنية للتوعية بأمن المعلومات؟,"السيد/[anonymized] المحترم/ة,

يتطلب الموافقة على إطلاق حملة وطنية للتوعية بأمن المعلومات تقديم طلب رسمي مع الوثائق: معالي وزير الإعلام  حفظه الله    السلام عليكم ورحمة الله وبركاته،    حرصًا على تعزيز الوعي المجتمعي بأهمية أمن المعلومات، تتقدم هيئة الحكومة الرقمية إلى معاليكم بطلب الموافقة على إطلاق “الحملة الوطنية للتوعية بأمن المعلومات”،  والتي تهدف إلى توعية المواطنين والجهات الحكومية والخاصة بأهمية حماية البيانات الشخصية والمؤسسية، والتعريف بالممارسات الآمنة للحد من المخاطر الإلكترونية، وذلك من خلال تنفيذ حملات إعلامية عبر مختلف الوسائل والمنصات الرسمية.    نأمل من معاليكم التكرم بالموافقة، والتوجيه بما يلزم للتنسيق مع الجهات ذات العلاقة لإطلاق الحملة على النطاق الوطني.    والسلام عليكم ورحمة الله وبركاته.    م. [anonymized]  محافظ هيئة الحكومة الرقمية

مع التحية، مؤسسة مسك"
ما هي متطلبات تخصيص ميزانية لمشروع تطوير أنظمة الأرشفة الإلكترونية؟,"السيد/[anonymized] المحترم/ة,

يتطلب تخصيص ميزانية لمشروع تطوير أنظمة الأرشفة الإلكترونية تقديم طلب رسمي مع الوثائق: معالي وزير المالية  حفظه الله    السلام عليكم ورحمة الله وبركاته،    إشارة إلى خطة الوزارة الرامية إلى تطوير آليات حفظ وأرشفة البيانات الحكومية،  ترفع هيئة الحكومة الرقمية إلى معاليكم طلبًا لتخصيص ميزانية لمشروع “تطوير أنظمة الأرشفة الإلكترونية”،  والذي يستهدف رقمنة الوثائق الحكومية، واعتماد حلول إلكترونية متقدمة لحفظها وإدارتها، وفق أفضل المعايير العالمية في الأمن السيبراني وجودة البيانات.    سيسهم المشروع في تسريع الوصول إلى المعلومات، وتعزيز كفاءة العمل الحكومي، وضمان استمرارية حفظ البيانات بشكل آمن وموثوق.    نأمل من معاليكم التكرم بالموافقة والتوجيه بما يلزم لاعتماد المشروع وتخصيص الميزانية اللازمة له.    والسلام عليكم ورحمة الله وبركاته.    م. [anonymized]  محافظ هيئة الحكومة الرقمية

مع التحية، مؤسسة مسك"
كيف يتم التعبير عن الشكر بشأن على تسهيل الربط مع بوابة النفاذ الوطني؟,"السيد/[anonymized] المحترم/ة,

يتم التعبير عن الشكر عبر خطاب رسمي يُشيد بالإنجازات: سعادة المدير التنفيذي لمركز المعلومات الوطني سلّمه الله  السلام عليكم ورحمة الله وبركاته،  إشارة إلى التعاون القائم بين الهيئة والمركز في تفعيل خدمات الهوية الرقمية وربط المنصات بالخدمات الحكومية الموحدة.  تتقدم الهيئة لسعادتكم بالشكر الجزيل على جهودكم في تسهيل الربط التقني مع بوابة النفاذ الوطني، مما كان له بالغ الأثر في تسريع إطلاق العديد من المنصات الخدمية، وتحسين تجربة المستخدم.  ونتطلع إلى استمرار هذا التعاون البناء في مشاريع التحول الرقمي القادمة.  والسلام عليكم ورحمة الله وبركاته.

مع التحية، مؤسسة مسك"
ما هي مستجدات  منصة مؤشرات النضج المؤسسي؟,"السيد/[anonymized] المحترم/ة,

توفر الإحاطة تحديثات حول  منصة مؤشرات النضج المؤسسي: معالي محافظ هيئة كفاءة الإنفاق والمشروعات الحكومية  حفظه الله    السلام عليكم ورحمة الله وبركاته،    إشارة إلى اللقاء التشاوري المنعقد بتاريخ ??/??/????هـ، بشأن آليات قياس الكفاءة التشغيلية في الخدمات الرقمية.    أود إفادة معاليكم بأن الهيئة استكملت بناء “منصة مؤشرات النضج المؤسسي”، التي توفر عرضًا تفاعليًا لمستويات التقدم في تبني المعايير الرقمية الموحدة عبر الجهات.    نأمل من معاليكم التفضل بتوجيه فرق العمل المختصة للاطلاع على المنصة وتزويدنا بالملاحظات التطويرية المقترحة قبل تدشينها رسميًا.    والسلام عليكم ورحمة الله وبركاته.

مع التحية، مؤسسة مسك"
ما هي متطلبات الموافقة على إطلاق حملة وطنية للسلامة المرورية؟,"السيد/[anonymized] المحترم/ة,

يتطلب الموافقة على إطلاق حملة وطنية للسلامة المرورية تقديم طلب رسمي مع الوثائق: معالي وزير النقل  حفظه الله    السلام عليكم ورحمة الله وبركاته،    حرصًا على تعزيز الوعي المجتمعي بالسلامة المرورية، تتقدم هيئة الحكومة الرقمية إلى معاليكم بطلب الموافقة على إطلاق “الحملة الوطنية للسلامة المرورية”،  والتي تهدف إلى توعية السائقين والمشاة بأهمية الالتزام بأنظمة المرور، والحد من الحوادث المرورية من خلال تنفيذ برامج توعوية وورش عمل ميدانية بالشراكة مع الجهات ذات العلاقة.    نأمل من معاليكم التكرم بالموافقة والتوجيه بما يلزم لإطلاق الحملة بالتنسيق مع الهيئة.    والسلام عليكم ورحمة الله وبركاته.    م. [anonymized]  محافظ هيئة الحكومة الرقمية

مع التحية، مؤسسة مسك"
ما هي متطلبات تسمية ممثلين في مبادرة توحيد منصات البيانات البيئية؟,"السيد/[anonymized] المحترم/ة,

يتطلب تسمية ممثلين في مبادرة توحيد منصات البيانات البيئية تقديم طلب رسمي مع الوثائق: معالي وزير البيئة والمياه والزراعة  حفظه الله    السلام عليكم ورحمة الله وبركاته،    إشارة إلى جهود الوزارة في تطوير منظومة التحول الرقمي في قطاعات البيئة والمياه والزراعة، وحرصًا على تعزيز التكامل التقني بين الجهات الحكومية.    أود إفادة معاليكم بأن الهيئة بصدد إطلاق مبادرة وطنية لتوحيد منصات البيانات البيئية، بهدف تحسين جودة البيانات وتعزيز الاستفادة منها في صنع القرار.    عليه، آمل من معاليكم التفضل بتسمية ممثلين من الوزارة للمشاركة في فريق العمل المشترك.  وللتنسيق في هذا الشأن يمكن التواصل مع الأستاذ/ [anonymized]، بالهاتف المتنقل ([anonymized]) أو البريد الإلكتروني: ([anonymized]).    والسلام عليكم ورحمة الله وبركاته.

مع التحية، مؤسسة مسك"
ما هي تفاصيل ترشيح ممثل بشأن ضمن فريق تحديث إطار الحوكمة الوطنية للبيانات؟,"السيد/[anonymized] المحترم/ة,

يتم ترشيح ممثل للمشاركة في ضمن فريق تحديث إطار الحوكمة الوطنية للبيانات: معالي رئيس الهيئة السعودية للبيانات والذكاء الاصطناعي  حفظه الله    السلام عليكم ورحمة الله وبركاته،    إشارة إلى خطاب معاليكم رقم (????) وتاريخ ?/?/????هـ، بشأن فريق العمل المشترك لتحديث إطار الحوكمة الوطنية للبيانات، أود إفادة معاليكم بأن هيئة الحكومة الرقمية ترشح الأستاذة/ [anonymized]، مدير عام تطوير السياسات الرقمية، لتمثيل الهيئة ضمن الفريق الفني المشترك، والمشاركة في مراجعة السياسات وتحديث الأطر التنظيمية ذات العلاقة.    عليه، آمل من معاليكم التفضل باعتماد هذا الترشيح، والتوجيه بالتنسيق المباشر بين الفريقين الفنيين لضمان مواءمة المخرجات مع التوجهات الإستراتيجية للحكومة الرقمية.  وللتنسيق في هذا الشأن أو الحصول على مزيد من المعلومات، يمكن التواصل مع الأستاذ/ [anonymized]، بالهاتف المتنقل ([anonymized]) أو البريد الإلكتروني ([anonymized]).    والسلام عليكم ورحمة الله وبركاته.

مع التحية، مؤسسة مسك"
"ما هي تفاصيل الدعوة لحضور ورشة عمل بعنوان “الابتكار الرقمي ودوره في تعزيز الأداء الحكومي""؟","السيد/[anonymized] المحترم/ة,

يتم إرسال دعوة رسمية لحضور ورشة عمل بعنوان “الابتكار الرقمي ودوره في تعزيز الأداء الحكومي"": معالي محافظ هيئة الحكومة الرقمية  حفظه الله    السلام عليكم ورحمة الله وبركاته،    يسر هيئة الاتصالات والفضاء والتقنية دعوتكم لحضور ورشة عمل بعنوان “الابتكار الرقمي ودوره في تعزيز الأداء الحكومي”، والتي ستُعقد – بمشيئة الله – يوم الاثنين 1446/06/10هـ الموافق 2024/12/11م، في مقر الهيئة بمدينة الرياض، من الساعة 09:00 صباحًا وحتى 12:00 ظهرًا.    تهدف الورشة إلى تسليط الضوء على أبرز التجارب الحكومية المحلية والدولية في مجال الابتكار، ومناقشة أبرز التحديات والحلول، واستكشاف فرص التكامل وتعزيز الأثر المشترك بين الجهات ذات العلاقة.    نأمل من معاليكم التكرم بالموافقة على الحضور أو ترشيح من ترونه مناسبًا من منسوبي الهيئة للمشاركة في هذه الورشة،  ويمكن تأكيد الحضور والتنسيق عبر البريد الإلكتروني: [anonymized]    وتفضلوا بقبول خالص التحية والتقدير.    المهندس/ [anonymized]  محافظ هيئة الاتصالات والفضاء والتقنية

مع التحية، مؤسسة مسك"
ما هي مستجدات تكامل منصة التراخيص التجارية مع الجهات القطاعية؟,"السيد/[anonymized] المحترم/ة,

توفر الإحاطة تحديثات حول تكامل منصة التراخيص التجارية مع الجهات القطاعية: سعادة وكيل وزارة التجارة للأنظمة واللوائح  سلّمه الله    السلام عليكم ورحمة الله وبركاته،    إشارة إلى التكامل الجاري بين منصة التراخيص التجارية الموحدة وعدد من الجهات القطاعية، ضمن جهود الهيئة لتيسير تجربة المستثمر الرقمي.    أود إفادة سعادتكم بأنه قد تم استكمال الربط التقني مع خمس جهات تجريبية، وسيتم تعميم التكامل على بقية القطاعات تدريجيًا.    نأمل من سعادتكم التكرم بتكليف الفريق التقني لدى الوزارة لمتابعة إجراءات الربط خلال المرحلة الثانية.    والسلام عليكم ورحمة الله وبركاته.

مع التحية، مؤسسة مسك"
ما هي متطلبات الموافقة على إنشاء مركز بحثي دولي متخصص في الحكومة الرقمية؟,"السيد/[anonymized] المحترم/ة,

يتطلب الموافقة على إنشاء مركز بحثي دولي متخصص في الحكومة الرقمية تقديم طلب رسمي مع الوثائق: عاجلة جدًا  الموضوع: طلب الموافقة على إنشاء مركز بحثي دولي متخصص في الحكومة الرقمية  معالي وزير الاتصالات وتقنية المعلومات  رئيس مجلس إدارة هيئة الحكومة الرقمية  حفظه الله    السلام عليكم ورحمة الله وبركاته،    الموضوع: طلب الموافقة على إنشاء مركز بحثي دولي متخصص في الحكومة الرقمية    الإشارة: إلى برقية معالي رئيس الديوان الملكي رقم (?????) وتاريخ 1444/10/21هـ.    أعرض على معاليكم مسودة برقية موجهة إلى معالي رئيس الديوان الملكي، تتضمن مقترح إنشاء مركز بحثي دولي متخصص في الحكومة الرقمية،  يحظى بدعم من حكومتنا الرشيدة، ويتبع مباشرة لإدارة الشؤون الاقتصادية والاجتماعية بالأمم المتحدة (UN DESA)،  على أن يكون مقره في مدينة الرياض.    آمل من معاليكم التكرم بالاطلاع على مسودة البرقية، والموافقة على التوقيع، أو التوجيه بما ترونه مناسبًا.    وتفضلوا معاليكم بقبول خالص تحياتي.  م. [anonymized]  محافظ هيئة الحكومة الرقمية

مع التحية، مؤسسة مسك"
ما هي متطلبات اعتماد مشروع منصة إلكترونية لتلقي الشكاوى؟,"السيد/[anonymized] المحترم/ة,

يتطلب اعتماد مشروع منصة إلكترونية لتلقي الشكاوى تقديم طلب رسمي مع الوثائق: معالي رئيس هيئة الرقابة ومكافحة الفساد  حفظه الله    السلام عليكم ورحمة الله وبركاته،    إشارة إلى جهود الهيئة في تطوير قنوات التواصل مع الجمهور وتعزيز الممارسات الرقابية والشفافية،  تتقدم هيئة الحكومة الرقمية إلى معاليكم بطلب اعتماد مشروع “منصة تلقي الشكاوى الإلكترونية”،  والذي يهدف إلى تمكين المستفيدين من تقديم الشكاوى والملاحظات إلكترونيًا، بما يُسهم في تسريع الردود، وتحسين تجربة المستخدم،  كما يدعم المشروع منظومة النزاهة عبر إتاحة آلية مرنة وآمنة لتلقي البلاغات، وتعزيز الشفافية والمساءلة، والتكامل مع الأنظمة الحكومية الأخرى.    نأمل من معاليكم التكرم بالموافقة على المشروع، والتوجيه بما يلزم لاعتماده وبدء تنفيذه بالتنسيق مع الهيئة.    وتفضلوا بقبول خالص التحية والتقدير.    م. [anonymized]  محافظ هيئة الحكومة الرقمية

مع التحية، مؤسسة مسك"
ما هي متطلبات دعم فني لتمكين نظام التصميم الموحد (كود التصاميم) ضمن المنصة الوطنية للفعاليات؟,"السيد/[anonymized] المحترم/ة,

يتطلب دعم فني لتمكين نظام التصميم الموحد (كود التصاميم) ضمن المنصة الوطنية للفعاليات تقديم طلب رسمي مع الوثائق: معالي محافظ هيئة الحكومة الرقمية    السلام عليكم ورحمة الله وبركاته،    إشارة إلى تعميم هيئة الحكومة الرقمية رقم (1726) وتاريخ 1446/05/26هـ، بشأن نظام التصميم الموحد (كود التصاميم)، أُفيد معاليكم بطلب المركز الوطني للفعاليات لتمكين المنصة الوطنية للفعاليات من تطبيق النظام، وذلك باعتبارات جوهرية تتعلق بطبيعة عمل المنصة، وتنوعاً للزائر من الجهات الحكومية والشركات التنفيذية، ويُعد أبرز الإدارات العاملة:    - منصة الفعاليات، وهي الجهة التنفيذية في مجال الترخيص والتصاريح،    - منصة إدارة الفعاليات، وهي المنصة الداعمة للتمكين الرقمي،    - منصة التسويق، وحملات إعلامية متنوعة لكل منها هويتها الخاصة، مما يتطلب تصميمًا بصريًا موحدًا ولكنه قابل للتكييف حسب السياق والنشاط.      الأثر المتوقع من دعم التكاملية مع الجهات الحكومية:    ?. المرونة في تنفيذ التصاميم الموحدة مع الجهات الحكومية.    ?. تحقيق الأثر الوطني في ربط الهوية البصرية من خلال منصة الشركات التنفيذية، وتقديم التصميم إلى منصة موحدة.    ?. تعزيز التجربة الرقمية الموحدة من خلال مخرجات مرئية.    ?. ضمان الاتساق البصري في التجربة الرقمية، خاصةً في الفعاليات الموسمية والمرتبطة بالمناسبات الوطنية.    ?. تقليل وقت التصميم وإنتاج المخرجات.      كما نأمل من معاليكم التوجيه حيال ما يلزم لاعتماد التكامل التقني اللازم لربط المنصة الوطنية للفعاليات بمنصة كود التصاميم، أو تمكين المنصة من آليات العمل ضمن مكونات النظام، ويمكن التواصل مع منسق الموضوع الأستاذ/ [anonymized] عبر البريد الإلكتروني: ([anonymized]).      وتقبلوا معاليكم أطيب التحيات والتقدير.      م. [anonymized] بافرط

مع التحية، مؤسسة مسك"
ما هي متطلبات ترشيح مختصين لمناقشة التقرير السنوي لهيئة الحكومة الرقمية للعام المالي 1445/1446هـ (2024للعام المالي 1445/1446هـ (2024م)؟,"السيد/[anonymized] المحترم/ة,

يتطلب ترشيح مختصين لمناقشة التقرير السنوي لهيئة الحكومة الرقمية للعام المالي 1445/1446هـ (2024للعام المالي 1445/1446هـ (2024م) تقديم طلب رسمي مع الوثائق: معالي وزير الاتصالات وتقنية المعلومات  رئيس مجلس إدارة هيئة الحكومة الرقمية  حفظه الله    السلام عليكم ورحمة الله وبركاته،    إشارةً إلى برقية معالي رئيس مجلس الشورى رقم (3361) وتاريخ 1446/11/9هـ، بشأن مناقشة التقرير السنوي لهيئة الحكومة الرقمية للعام المالي 1445/1446هـ (2024م)، ضمن الموضوعات المُدرجة في جدول أعمال الجلسة السابعة والعشرين للمجلس.    أعرض على معاليكم مشروع برقية موجهة إلى معالي رئيس مجلس الشورى، تتضمّن تسمية ممثّلي الهيئة لحضور الجلسة ومناقشة التقرير، مع إرفاق بيانات المرشحين.    آمل التفضّل بالاطلاع والموافقة على مشروع البرقية وبيانات المرشحين، أو التوجيه بما ترونه مناسبًا.    والسلام عليكم ورحمة الله وبركاته.    م. [anonymized]  محافظ هيئة الحكومة الرقمية

مع التحية، مؤسسة مسك"
كيف يتم التعبير عن الشكر بشأن على مشاركة معرض العقيلات بجناح منطقة القصيم في مهرجان الجنادرية 27؟,"السيد/[anonymized] المحترم/ة,

يتم التعبير عن الشكر عبر خطاب رسمي يُشيد بالإنجازات: سعادة المشرف على معرض العقيلات  سلمه الله    السلام عليكم ورحمة الله وبركاته،    تلقينا التقرير المصور لمشاركة معرض العقيلات بجناح منطقة القصيم في مهرجان الجنادرية (27)،  ونشكركم على اطلاعنا على هذا التقرير، ونبارك لكم ولزملائكم تلك الجهود المبذولة لإحياء تراث المنطقة والمحافظة عليه.    متمنين لكم مزيدًا من النجاحات والجهود الموفقة.    وتفضلوا بقبول خالص التحية والتقدير،    [anonymized]  أمير منطقة القصيم

مع التحية، مؤسسة مسك"
ما هي أسباب الاعتذار عن عدم التمكن من حضور الاجتماع التنسيقي لمنصة الفعاليات الوطنية؟,"السيد/[anonymized] المحترم/ة,

يتم تقديم الاعتذار بسبب تعارض المواعيد: صاحب السمو وزير الثقافة  حفظه الله    السلام عليكم ورحمة الله وبركاته،    إشارة إلى خطاب سموكم رقم (????) وتاريخ ??/??/????هـ، بشأن الاجتماع التنسيقي لمنصة الفعاليات الوطنية،    نود إفادة سموكم بتعذر الهيئة حضور الاجتماع المقرر الأسبوع المقبل، نظرًا لتزامنه مع ارتباط تنفيذي سابق.    آمل من سموكم التفضل بتحديد موعد بديل، وسيتم التنسيق مع فريق الوزارة لتأكيد الحضور.    والسلام عليكم ورحمة الله وبركاته.

مع التحية، مؤسسة مسك"
ما هي تفاصيل الدعوة لحضور مؤتمر الذكاء الاصطناعي والتقنيات الناشئة؟,"السيد/[anonymized] المحترم/ة,

يتم إرسال دعوة رسمية لحضور مؤتمر الذكاء الاصطناعي والتقنيات الناشئة: معالي الرئيس التنفيذي للهيئة السعودية للبيانات والذكاء الاصطناعي  حفظه الله    السلام عليكم ورحمة الله وبركاته،    يسرنا دعوتكم لحضور مؤتمر “الذكاء الاصطناعي والتقنيات الناشئة”، الذي تنظمه الهيئة السعودية للبيانات والذكاء الاصطناعي، وذلك يوم الثلاثاء 1445/7/15هـ في مدينة الرياض.    نأمل من معاليكم التكرم بالموافقة على الحضور، والتوجيه بترشيح ممثل عن الهيئة للمشاركة في جلسات المؤتمر.    وتفضلوا بقبول خالص التحية والتقدير.

مع التحية، مؤسسة مسك"
ما هي متطلبات دعم لتأسيس مركز وطني للابتكار التعليمي؟,"السيد/[anonymized] المحترم/ة,

يتطلب دعم لتأسيس مركز وطني للابتكار التعليمي تقديم طلب رسمي مع الوثائق: معالي وزير التعليم حفظه الله    السلام عليكم ورحمة الله وبركاته،    إشارة إلى الحاجة لتطوير بيئة تعليمية محفزة للإبداع والابتكار،  نرفع إلى معاليكم طلبًا لدعم تأسيس “المركز الوطني للابتكار التعليمي”،  والذي سيكون معنيًا بإطلاق برامج تعليمية تعتمد على التقنيات الحديثة، وتشجيع الطلاب على البحث والتطوير في مجالات العلوم والتكنولوجيا.    نأمل من معاليكم التكرم بالموافقة على تأسيس المركز، والتوجيه بما يلزم لاعتماده ضمن مشاريع الوزارة المستقبلية.    والسلام عليكم ورحمة الله وبركاته.

مع التحية، مؤسسة مسك"
ما هي تفاصيل الدعوة لحضور دعوة حضور حفل المحتوى المحلي؟,"السيد/[anonymized] المحترم/ة,

يتم إرسال دعوة رسمية لحضور دعوة حضور حفل المحتوى المحلي: معالي محافظ هيئة الحكومة الرقمية  حفظه الله    السلام عليكم ورحمة الله وبركاته،،،    في إطار دور هيئة المحتوى المحلي والمشتريات الحكومية نحو تنمية المحتوى المحلي وترسيخ أزره كمساهم رئيس في تعزيز الإمكانات المحلية للتنمية الاقتصادية، وتحفيز وتشجيع كافة الشرائح الاقتصادية على التوجه الإنتاجي نحو عناصر المحتوى المحلي، تُقيم الهيئة حفل “جائزة المحتوى المحلي” التي تهدف إلى المساهمة والمشاركة في تنمية المحتوى المحلي لتحقيق الأهداف المستهدفة وفق رؤية المملكة ????.    يطيب لي دعوة معاليكم لحضور حفل جائزة المحتوى المحلي، المنعقد تحت شعار “تحقق بإسهاماتك”، حيث يساهم حضوركم في تأكيد قيمة الجائزة على الصعيد الوطني، ويعزز من أهمية الجائزة لدى كافة الشرائح المستهدفة، والذي سيقام بمشيئة الله تعالى بتاريخ ?? إبريل ????م، في تمام الساعة الثامنة والنصف مساءً بمدينة الرياض، في قاعة الرياض بفندق هيلتون غرناطة.    ولمزيد من التفاصيل أو الاستفسارات، يمكن للمعنيين لديكم التواصل مع الأستاذ/ [anonymized]، (مدير إدارة المراسم)، على الجوال رقم (???????-???) أو البريد الإلكتروني ([anonymized]).    والسلام عليكم ورحمة الله وبركاته.    رئيس مجلس الإدارة  [anonymized]

مع التحية، مؤسسة مسك"
ما هي تفاصيل الدعوة لحضور الالملتقى السادس للمراجعة الداخلية؟,"السيد/[anonymized] المحترم/ة,

يتم إرسال دعوة رسمية لحضور الالملتقى السادس للمراجعة الداخلية: معالي محافظ هيئة الحكومة الرقمية    السلام عليكم ورحمة الله وبركاته.. وبعد،    في إطار حرص الديوان العام للمحاسبة على تعزيز الوعي بهيئة المراجعة الداخلية في الأجهزة الحكومية والرقابية العامة، وتعزيز الكفاءات المهنية الوطنية في مجال الرقابة والحوكمة والالتزام مع الأجهزة الرقابية الداخلية الفاعلة، يسر الديوان العام للمحاسبة أن يوجه لمعاليكم الدعوة لحضور الملتقى السادس للمراجعة الداخلية، والذي سيُعقد يوم الأحد 17/11/1446هـ الموافق 25/05/2025م، في مقر الديوان الرئيس بمدينة الرياض من الساعة التاسعة صباحًا وحتى الساعة الواحدة ظهرًا، بمشاركة نخبة من الخبراء المحليين والدوليين لمناقشة مواضيع الملتقى، والتي تتضمن:    - استراتيجيات المراجعة الداخلية وفق السياق الاستشرافي.    - المواءمة مع التقنيات الحديثة في أعمال المراجعة.    - الكفاءة المهنية للكوادر الوطنية لمواكبة التحديات.    وسيتم إرسال دعوة إلكترونية للتسجيل لاحقًا (مُرفق باركود التسجيل)، كما نأمل ترشيح (2) من المختصين من منسوبيكم لحضور هذا الملتقى في موعد أقصاه 22/11/1446هـ الموافق 29/05/2025م، وتزويدنا ببياناتهم للتنسيق مع الأستاذ/ [anonymized] على الجوال ([anonymized])، أو عبر البريد الإلكتروني ([anonymized]).    والسلام عليكم ورحمة الله وبركاته.

مع التحية، مؤسسة مسك"
ما هي متطلبات خارطة تدفقات العمل لتطوير مبادرة الهوية التجارية الرقمية؟,"السيد/[anonymized] المحترم/ة,

يتطلب خارطة تدفقات العمل لتطوير مبادرة الهوية التجارية الرقمية تقديم طلب رسمي مع الوثائق: معالي وزير التجارة  حفظه الله    السلام عليكم ورحمة الله وبركاته،    إشارة إلى الجهود التكاملية بين الهيئة ووزارة التجارة في مجالات تمكين الخدمات الرقمية للقطاع الخاص، أود إفادة معاليكم بأن الهيئة تعمل حاليًا على تطوير مبادرة وطنية تهدف إلى تبسيط رحلة التأسيس الرقمي للمنشآت، من خلال الربط التقني الموحد بين الجهات المعنية بالترخيص.    عليه، آمل من معاليكم التفضل بتوجيه المختصين في الوزارة بتزويد الهيئة بخارطة تدفقات العمل والإجراءات الحالية، تمهيدًا لتطوير نموذج تشغيلي موحد ضمن نطاق المشروع الوطني للهوية التجارية الرقمية.  وللتنسيق في هذا الشأن أو الحصول على مزيد من التفاصيل، يمكن التواصل مع الأستاذ/ [anonymized]، بالهاتف المتنقل ([anonymized]) أو البريد الإلكتروني: ([anonymized]).    والسلام عليكم ورحمة الله وبركاته.

مع التحية، مؤسسة مسك"
ما هي تفاصيل الدعوة لحضور الملتقى الوطني “رقمنة المناطق”؟,"السيد/[anonymized] المحترم/ة,

يتم إرسال دعوة رسمية لحضور الملتقى الوطني “رقمنة المناطق”: صاحب السمو الملكي الأمير [anonymized]  أمير منطقة تبوك  حفظه الله    السلام عليكم ورحمة الله وبركاته،    إشارة إلى جهود إمارة منطقة تبوك في تمكين التحول الرقمي وتعزيز البنية التحتية التقنية في المحافظات، أود إفادة سموكم بأن الهيئة بصدد تنظيم الملتقى الوطني “رقمنة المناطق” الذي سيعقد بمدينة الرياض يوم الثلاثاء ??/??/????هـ، بمشاركة أصحاب السمو والمعالي وعدد من الجهات الحكومية والخاصة.    عليه، آمل من سموكم التفضل بالموافقة على مشاركة الإمارة في أعمال الملتقى، وتسمية من ترونه مناسبًا من القيادات التقنية لدى الإمارة لتقديم عرض حول أبرز المبادرات الرقمية في المنطقة.  وللتنسيق في هذا الشأن أو الحصول على مزيد من المعلومات، يمكن التواصل مع الأستاذ/ [anonymized]، بالهاتف المتنقل ([anonymized]) أو البريد الإلكتروني ([anonymized]).    والسلام عليكم ورحمة الله وبركاته.

مع التحية، مؤسسة مسك"
ما هي تفاصيل الإفادة بشأن مواءمة قواعد البيانات الإحصائية مع التصنيفات الرقمية الموحدة؟,"السيد/[anonymized] المحترم/ة,

توفر الإفادة معلومات حول مواءمة قواعد البيانات الإحصائية مع التصنيفات الرقمية الموحدة: سعادة مدير عام هيئة الإحصاء  سلّمه الله    السلام عليكم ورحمة الله وبركاته،    إشارة إلى خطاب سعادتكم رقم (????) وتاريخ ??/?/????هـ، بشأن مواءمة قواعد البيانات الإحصائية مع التصنيفات الرقمية الموحدة المعتمدة من الهيئة.    أود إفادة سعادتكم بأن الهيئة راجعت البيانات الواردة، وأوصت بعدد من التعديلات المعيارية بما يتماشى مع إطار البيانات المفتوحة الوطني، وتم إعداد جدول توضيحي مشترك.    نأمل تزويدنا بالنسخة المعدلة من قواعد البيانات بعد التحديث، تمهيدًا لاعتمادها ضمن منصة البيانات الوطنية.    والسلام عليكم ورحمة الله وبركاته.

مع التحية، مؤسسة مسك"
ما هي تفاصيل الإفادة بشأن إفادة دراسة متطلبات المحتوى المحلي في العقود الرقمية؟,"السيد/[anonymized] المحترم/ة,

توفر الإفادة معلومات حول إفادة دراسة متطلبات المحتوى المحلي في العقود الرقمية: سعادة الرئيس التنفيذي لهيئة المحتوى المحلي والمشتريات الحكومية  سلّمه الله    السلام عليكم ورحمة الله وبركاته،    إشارة إلى التنسيق المستمر بين الهيئة وهيئتكم الموقرة بشأن تمكين المحتوى المحلي في عقود الخدمات الرقمية الحكومية، أود إفادة سعادتكم بأن الهيئة استكملت مؤخرًا دراسة تحليلية حول مستوى تضمين متطلبات المحتوى المحلي في العقود التقنية، وخلصت إلى عدد من التوصيات التنفيذية التي من شأنها رفع كفاءة الإنفاق وتعزيز توطين التقنيات.    عليه، آمل من سعادتكم التكرّم بتوجيه المختصين في الهيئة للاطلاع على مخرجات الدراسة ومناقشة سبل مواءمتها مع سياسات المشتريات الحكومية الحالية.  وللتنسيق في هذا الشأن أو الحصول على مزيد من المعلومات، يمكن التواصل مع الأستاذ/ [anonymized]، بالهاتف المتنقل ([anonymized]) أو البريد الإلكتروني ([anonymized]).    والسلام عليكم ورحمة الله وبركاته.

مع التحية، مؤسسة مسك"
ما هي مستجدات تطوير منصة دعم القرار؟,"السيد/[anonymized] المحترم/ة,

توفر الإحاطة تحديثات حول تطوير منصة دعم القرار: معالي محافظ الهيئة العامة للإحصاء  حفظه الله    السلام عليكم ورحمة الله وبركاته،    إشارة إلى اللقاء التنسيقي المنعقد يوم ??/??/????هـ بشأن تطوير القدرات الوطنية في مجال التحليل والتوقعات الرقمية.    أود إفادة معاليكم بأن الهيئة بصدد تدشين نسخة محدثة من “منصة دعم القرار” المعززة بتقنيات الذكاء الاصطناعي، لتمكين الجهات من إعداد سيناريوهات تخطيطية مبنية على بيانات حقيقية ومتكاملة.    نأمل من معاليكم التفضل بمراجعة الخصائص المقترحة والمساهمة في إثرائها بخبرات الهيئة العامة للإحصاء.    والسلام عليكم ورحمة الله وبركاته.

مع التحية، مؤسسة مسك"
ما هي تفاصيل الإفادة بشأن إفادة حول معايير تقييم الجاهزية الرقمية؟,"السيد/[anonymized] المحترم/ة,

توفر الإفادة معلومات حول إفادة حول معايير تقييم الجاهزية الرقمية: سعادة المدير العام لمركز المعلومات الوطني  سلّمه الله    السلام عليكم ورحمة الله وبركاته،    إشارة إلى خطاب سعادتكم رقم (5678) وتاريخ 12/2/1447هـ، بشأن استفساركم حول معايير تقييم الجاهزية الرقمية للجهات الحكومية.    أود إفادة سعادتكم بأن الهيئة قد اعتمدت مؤخرًا إطارًا جديدًا لتقييم الجاهزية الرقمية، يشمل معايير متقدمة في مجالات الحوكمة، والأمن السيبراني، وجودة البيانات، والتكامل مع المنصات الوطنية.    وقد جرت مشاركة هذا الإطار مع الجهات الحكومية كافة، ونأمل من سعادتكم التكرّم بمراجعة المعايير وتقديم أي ملاحظات أو مقترحات ترونها مناسبة.  وللتنسيق في هذا الشأن، يمكن التواصل مع الأستاذ/ [anonymized]، بالهاتف المتنقل ([anonymized]) أو البريد الإلكتروني ([anonymized]).    والسلام عليكم ورحمة الله وبركاته.

مع التحية، مؤسسة مسك"
ما هي تفاصيل الدعوة لحضور ملتقى الابتكار الرقمي؟,"السيد/[anonymized] المحترم/ة,

يتم إرسال دعوة رسمية لحضور ملتقى الابتكار الرقمي: معالي نائب وزير الخارجية  حفظه الله    السلام عليكم ورحمة الله وبركاته،    يسر هيئة الحكومة الرقمية دعوة معاليكم للمشاركة في ملتقى الابتكار الرقمي، الذي تنظمه الهيئة، والمقرر انعقاده يوم الخميس 1445/9/20هـ، في مقر الهيئة بمدينة الرياض.    نأمل من معاليكم التكرم بالموافقة على الحضور، والتوجيه بترشيح ممثل عن الوزارة لحضور الملتقى.    وتفضلوا بقبول خالص التحية والتقدير.    م. [anonymized]  محافظ هيئة الحكومة الرقمية

مع التحية، مؤسسة مسك"
ما هي تفاصيل ترشيح ممثل بشأن ترشيح ممثلة عن الهيئة لتطوير برنامج تدريبي رقمي بالتعاون مع جامعة الأمير سطام؟,"السيد/[anonymized] المحترم/ة,

يتم ترشيح ممثل للمشاركة في ترشيح ممثلة عن الهيئة لتطوير برنامج تدريبي رقمي بالتعاون مع جامعة الأمير سطام: سعادة رئيس جامعة الأمير سطام بن عبدالعزيز  سلّمه الله    السلام عليكم ورحمة الله وبركاته،    إشارة إلى مذكرة التفاهم الموقعة بين الهيئة والجامعة بتاريخ 1445/11/22هـ، بشأن تطوير برنامج تدريبي مشترك في مجال التحول الرقمي، أود إفادة سعادتكم بأن الهيئة تعتزم ترشيح الأستاذة/ [anonymized]، للمشاركة ضمن الفريق الأكاديمي المشكّل من الجهتين لتصميم محتوى البرنامج وتقييم مخرجاته.    عليه، آمل من سعادتكم التكرّم باعتماد الترشيح، وتوجيه الفريق المعني بالتواصل مع المرشحة لاستكمال المتطلبات الأكاديمية، تمهيدًا لانطلاق البرنامج في الفصل الدراسي الأول من العام القادم.  وللتنسيق في هذا الشأن، يمكن التواصل مع الأستاذ/ [anonymized]، بالهاتف المتنقل ([anonymized]) أو البريد الإلكتروني: ([anonymized]).    والسلام عليكم ورحمة الله وبركاته.

مع التحية، مؤسسة مسك"
ما هي مستجدات الرد على طلب استثناء الهيئة العليا للأمن الصناعي من المشاركة في دورة قياس التحول الرقمي لعام 2025دورة قياس التحول الرقمي لعام 2025م؟,"السيد/[anonymized] المحترم/ة,

توفر الإحاطة تحديثات حول الرد على طلب استثناء الهيئة العليا للأمن الصناعي من المشاركة في دورة قياس التحول الرقمي لعام 2025دورة قياس التحول الرقمي لعام 2025م: معالي محافظ الهيئة العليا للأمن الصناعي  حفظه الله    السلام عليكم ورحمة الله وبركاته،    إشارةً إلى خطاب معاليكم رقم (??????) وتاريخ 1446/9/26هـ، المتضمّن إفادتكم بأن الهيئة تمرّ بمرحلة انتقالية وتعمل على البناء المؤسسي لها، وطلبكم استثناء الهيئة من دورة “قياس التحول الرقمي للعام 2025م” بناءً على المسوغات المذكورة، واستنادًا إلى صلاحيات هيئة الحكومة الرقمية المنصوص عليها في تنظيمها الصادر بقرار مجلس الوزراء رقم (418) وتاريخ 1442/7/25هـ، الذي نصّ في مادته الرابعة على أن الهيئة تتولى إصدار القياسات والمؤشرات والتقارير المتعلقة بقياس أداء الجهات الحكومية في مجال الحكومة الرقمية، ومتابعة التزامها بالقرارات والأوامر ذات الصلة.    أودّ إفادة معاليكم بأنّ معايير ترشيح الجهات الحكومية للانضمام إلى دورة “قياس التحول الرقمي 2025م” تنطبق على الهيئة العليا للأمن الصناعي، علمًا بأن القياس يُسهم في تسريع وتيرة التحول الرقمي وتقدم المملكة في المؤشرات الدولية ذات العلاقة، لاسيما مع الدور الجوهري للهيئة في دعم التحول الرقمي وأعمال الحكومة الرقمية في مجال الأمن الصناعي.    ويرى المختصون في الهيئة مناسبة انضمام هيئتكم الموقرة إلى الدورة المشار إليها، لما في ذلك من فائدة للاستفادة من التوصيات المضمنة في التقرير السنوي للقياس، بما يسهم في تحسين عمليات التحول الرقمي مستقبلًا.    وفي حال وجود أي استفسارات، يمكن للمختصين لديكم التواصل مع فريق “قياس” عبر الهاتف المتنقل ([anonymized]) أو البريد الإلكتروني: [anonymized]    والسلام عليكم ورحمة الله وبركاته.    م. [anonymized]  محافظ هيئة الحكومة الرقمية

مع التحية، مؤسسة مسك"
كيف يتم التعبير عن الشكر بشأن على مبادرة تبادل البيانات المفتوحة؟,"السيد/[anonymized] المحترم/ة,

يتم التعبير عن الشكر عبر خطاب رسمي يُشيد بالإنجازات: سعادة مدير عام مركز المعلومات الوطني سلّمه الله  السلام عليكم ورحمة الله وبركاته،  إشارة إلى المبادرة الأخيرة التي أطلقها مركزكم الموقر حول إتاحة البيانات المفتوحة عبر المنصة الوطنية.  أود إفادة سعادتكم بأن الهيئة تقدر هذه الخطوة النوعية، والتي تعزز من مبدأ الشفافية وتساهم في دعم المشاريع الابتكارية القائمة على البيانات الحكومية.  تتقدم الهيئة بخالص الشكر والتقدير لسعادتكم على ما تبذلونه من جهود تطويرية، وتؤكد استعدادها لتقديم أي دعم فني أو تشغيلي في هذا المسار.  والسلام عليكم ورحمة الله وبركاته.

مع التحية، مؤسسة مسك"
ما هي أسباب الاعتذار عن حضور حفل افتتاح مبنى الإدارة العامة للبنك وتدشين مقر “جادة (30“جادة (30”؟,"السيد/[anonymized] المحترم/ة,

يتم تقديم الاعتذار بسبب تعارض المواعيد: سعادة الرئيس التنفيذي لبنك التنمية الاجتماعية  سلّمه الله    السلام عليكم ورحمة الله وبركاته،    إشارةً إلى خطاب سعادتكم رقم (????????) وتاريخ 1446/9/25هـ، بشأن اعتزام بنك التنمية الاجتماعية افتتاح مبنى الإدارة العامة للبنك وتدشين مقر “جادة (30)”، برعاية كريمة من صاحب السمو الملكي الأمير [anonymized] أمير منطقة الرياض -حفظه الله-، والمزمع إقامته يوم الاثنين الموافق 1446/10/23هـ في مقر البنك الرئيس.    يطيب لي أن أتقدّم لسعادتكم بالشكر الجزيل على الدعوة، وفي الوقت الذي كنت فيه حريصًا على الحضور، إلا أنّني أعتذر لارتباطاتي العملية المجدولة سابقًا. راجيًا من الله لسعادتكم ولمنسوبيكم كافة التوفيق والنجاح، وتحقيق الطموحات بما يتوافق مع رؤية السعودية 2030.    وتقبلوا خالص تحياتي.    م. [anonymized]  محافظ هيئة الحكومة الرقمية

مع التحية، مؤسسة مسك"
ما هي متطلبات إنشاء وحدة إدارة المشاريع الرقمية في الوزارة؟,"السيد/[anonymized] المحترم/ة,

يتطلب إنشاء وحدة إدارة المشاريع الرقمية في الوزارة تقديم طلب رسمي مع الوثائق: معالي وزير الموارد البشرية والتنمية الاجتماعية  حفظه الله    السلام عليكم ورحمة الله وبركاته،    إشارة إلى خطط الوزارة للتحول الرقمي، نرفع إلى معاليكم طلبًا لإنشاء “وحدة إدارة المشاريع الرقمية”،  والتي ستكون مسؤولة عن متابعة تنفيذ المشاريع الرقمية، وضمان توافقها مع مستهدفات رؤية المملكة 2030.    نأمل من معاليكم التكرم بالموافقة، والتوجيه بما يلزم لإنشاء الوحدة، وتخصيص الموارد البشرية والتقنية اللازمة لذلك.    وتفضلوا بقبول خالص التحية والتقدير.

مع التحية، مؤسسة مسك"
ما هي متطلبات بشأن تفعيل مؤشرات أداء الخدمات في منصة شمولي؟,"السيد/[anonymized] المحترم/ة,

يتطلب بشأن تفعيل مؤشرات أداء الخدمات في منصة شمولي تقديم طلب رسمي مع الوثائق: معالي رئيس الهيئة العامة للإحصاء حفظه الله  السلام عليكم ورحمة الله وبركاته،  إشارة إلى مشروع تطوير منصة “شمولي” الهادفة إلى تجميع بيانات الأداء الحكومي من مصادر متعددة.  أود إفادة معاليكم بأن الهيئة أنهت بناء مؤشرات أداء الخدمات الرقمية وفق معايير الأمم المتحدة، وبما يتماشى مع التصنيف الدولي الموحد.  عليه، آمل من معاليكم التفضل بتفعيل هذه المؤشرات ضمن منصة “شمولي”، وتكليف المختصين بالتنسيق مع فريق الهيئة لاستكمال الربط الفني.  والسلام عليكم ورحمة الله وبركاته.

مع التحية، مؤسسة مسك"
ما هي تفاصيل الدعوة لحضور اللقاء الوطني للتوعية الرقمية؟,"السيد/[anonymized] المحترم/ة,

يتم إرسال دعوة رسمية لحضور اللقاء الوطني للتوعية الرقمية: معالي وزير الإعلام  حفظه الله    السلام عليكم ورحمة الله وبركاته،    إشارة إلى خطاب معاليكم رقم (????) وتاريخ ??/??/????هـ، بشأن دعوة للمشاركة في اللقاء الوطني للتوعية الرقمية،    يسر الهيئة دعوتكم للمشاركة في اللقاء الوطني للتوعية الرقمية، والذي سيُعقد في مدينة جدة يوم الاثنين الموافق ??/??/????هـ، بحضور ممثلي الجهات الحكومية والإعلامية.    وسيتناول اللقاء آليات رفع الوعي العام باستخدام الهوية الرقمية والخدمات الحكومية الإلكترونية.    والسلام عليكم ورحمة الله وبركاته.

مع التحية، مؤسسة مسك"
ما هي متطلبات تكامل أنظمة إدارة المراجعات الحكومية؟,"السيد/[anonymized] المحترم/ة,

يتطلب تكامل أنظمة إدارة المراجعات الحكومية تقديم طلب رسمي مع الوثائق: معالي وزير التجارة  حفظه الله    السلام عليكم ورحمة الله وبركاته،    إشارة إلى التوجهات الوطنية الرامية إلى توحيد أنظمة إدارة المراجعات والرقابة في الجهات الحكومية، أود إفادة معاليكم بأن الهيئة تعمل على تطوير “نظام المراجعة الرقمية الحكومي” الذي يهدف إلى أتمتة عمليات الرقابة الداخلية وضمان تكاملها مع الأنظمة المحاسبية.    عليه، آمل من معاليكم التفضل بتوجيه المختصين لدى الوزارة للتنسيق مع الفريق الفني في الهيئة، لضمان توافق بيئة العمل التشغيلية، وسرعة التفعيل عند الإطلاق الرسمي للنظام.    والسلام عليكم ورحمة الله وبركاته.

مع التحية، مؤسسة مسك"
ما هي متطلبات ترشيح ممثل للمشاركة في فريق مبادرة الزراعة الذكية؟,"السيد/[anonymized] المحترم/ة,

يتطلب ترشيح ممثل للمشاركة في فريق مبادرة الزراعة الذكية تقديم طلب رسمي مع الوثائق: معالي وزير البيئة والمياه والزراعة  حفظه الله    السلام عليكم ورحمة الله وبركاته،    إشارة إلى الجهود المبذولة من قبل وزارتكم الموقرة في دعم التحول الرقمي في القطاع الزراعي.    أود إفادة معاليكم بأن الهيئة تعمل على تطوير مبادرة “منصة الزراعة الذكية”، بالشراكة مع عدد من الجهات ذات العلاقة، وتهدف إلى تمكين البيانات التنبؤية للمزارع والمنشآت الحيوانية.    آمل من معاليكم التفضل بتسمية ممثل عن الوزارة للانضمام إلى الفريق التأسيسي للمبادرة، وللتنسيق يمكن التواصل مع الأستاذ/ [anonymized]، بالهاتف المتنقل ([anonymized]) أو البريد الإلكتروني ([anonymized]).    والسلام عليكم ورحمة الله وبركاته.

مع التحية، مؤسسة مسك"
كيف يتم التعبير عن الشكر بشأن على المشاركة في ورشة البيانات المفتوحة في قطاع النقل؟,"السيد/[anonymized] المحترم/ة,

يتم التعبير عن الشكر عبر خطاب رسمي يُشيد بالإنجازات: معالي رئيس الهيئة العامة للطيران المدني  حفظه الله    السلام عليكم ورحمة الله وبركاته،    إشارة إلى مشاركة الهيئة العامة للطيران المدني في ورشة العمل المشتركة بشأن “البيانات المفتوحة في قطاع النقل”، التي عقدتها الهيئة بالتعاون مع وزارة النقل والخدمات اللوجستية يوم الاثنين ??/?/????هـ، أود إفادة معاليكم بأن العرض المقدم من الهيئة حول منصة الربط الجوي للبيانات التشغيلية شكّل إثراءً للنقاش الفني، وأسهم في تقديم تجربة نوعية في الاستفادة من البيانات لخدمة المسافرين والمستفيدين.    عليه، آمل من معاليكم التفضل بنقل شكر الهيئة وتقديرها لفريقكم الفني، مع التطلع إلى استمرار الشراكة التقنية في مشاريع البيانات المرتبطة بقطاع الطيران.    والسلام عليكم ورحمة الله وبركاته.

مع التحية، مؤسسة مسك"
ما هي مستجدات نتائج تجربة تكامل نظام الشكاوى؟,"السيد/[anonymized] المحترم/ة,

توفر الإحاطة تحديثات حول نتائج تجربة تكامل نظام الشكاوى: سعادة الرئيس التنفيذي لهيئة الرقابة ومكافحة الفساد  سلّمه الله    السلام عليكم ورحمة الله وبركاته،    إشارة إلى المشروع التجريبي الذي تم تنفيذه بالتنسيق مع هيئتكم، لتكامل نظام الشكاوى مع بوابة الخدمات الحكومية.    أود إفادة سعادتكم بأن التجربة أثمرت عن تقليص متوسط وقت الإحالة بنسبة ???، وتحسين دقة التوثيق الرقمي عبر ربط المستخدم بمنصة النفاذ الموحد.    نأمل من سعادتكم التكرم بإبداء مرئياتكم حيال التقرير المرفق، تمهيدًا لتعميم التكامل على باقي الجهات المعنية.    والسلام عليكم ورحمة الله وبركاته.

مع التحية، مؤسسة مسك"
ما هي تفاصيل الإفادة بشأن إفادة بنتائج مراجعة البيانات الجغرافية للطرق الحيوية؟,"السيد/[anonymized] المحترم/ة,

توفر الإفادة معلومات حول إفادة بنتائج مراجعة البيانات الجغرافية للطرق الحيوية: معالي وزير النقل والخدمات اللوجستية  حفظه الله    السلام عليكم ورحمة الله وبركاته،    إشارة إلى خطاب معاليكم رقم (????) وتاريخ ??/??/????هـ، بشأن نتائج مراجعة البيانات الجغرافية للطرق الحيوية،    أود إفادة معاليكم بأن الهيئة أنهت مراجعة تكامل البيانات الجغرافية للطرق الحيوية على المنصة الوطنية، وقد أظهرت النتائج توافقًا جيدًا مع المعايير، فيما تبين وجود ثغرات في الربط اللحظي في بعض المناطق النائية.    آمل من معاليكم التفضل بتكليف الفريق المختص باستكمال التكامل الفني في المناطق المشار إليها.    والسلام عليكم ورحمة الله وبركاته.

مع التحية، مؤسسة مسك"
كيف يتم التعبير عن الشكر بشأن على مبادرة التحول الرقمي في المحاكم الإدارية؟,"السيد/[anonymized] المحترم/ة,

يتم التعبير عن الشكر عبر خطاب رسمي يُشيد بالإنجازات: سعادة رئيس ديوان المظالم  سلّمه الله    السلام عليكم ورحمة الله وبركاته،    إشارة إلى ما أطلقه ديوان المظالم من حزمة مبادرات تقنية هدفت إلى تحسين إجراءات التقاضي الرقمي في المحاكم الإدارية.    أود إفادة سعادتكم بأن الهيئة تابعت هذه المبادرات باهتمام، وتثمّن جهودكم في هذا السياق، لما تمثله من نموذج يحتذى في الأتمتة القضائية وتبسيط إجراءات العدالة.    تتقدم الهيئة بخالص الشكر والتقدير لسعادتكم وكافة فرق العمل، وتؤكد دعمها الدائم لمبادراتكم المستقبلية.    والسلام عليكم ورحمة الله وبركاته.

مع التحية، مؤسسة مسك"
ما هي متطلبات بشأن التنسيق لتوسيع الخدمات الرقمية في منطقة الباحة؟,"السيد/[anonymized] المحترم/ة,

يتطلب بشأن التنسيق لتوسيع الخدمات الرقمية في منطقة الباحة تقديم طلب رسمي مع الوثائق: صاحب السمو الملكي أمير منطقة الباحة  حفظه الله    السلام عليكم ورحمة الله وبركاته،  إشارة إلى خطاب سموكم رقم (????) وتاريخ ??/?/????هـ، بشأن توسيع نطاق الخدمات الرقمية في المنطقة،  أود إفادة سموكم بأن الهيئة بصدد إطلاق مبادرة شاملة لتحسين تقديم الخدمات الرقمية في المناطق الطرفية، ونأمل التفضل بدعم التنسيق مع الجهات الخدمية بالمنطقة.  وللتنسيق في هذا الشأن يمكن التواصل مع الأستاذ/ [anonymized]، بالهاتف المتنقل ([anonymized]) أو البريد الإلكتروني ([anonymized]).  والسلام عليكم ورحمة الله وبركاته.

مع التحية، مؤسسة مسك"
ما هي تفاصيل الإفادة بشأن رد على مقترح توقيع مذكرة تفاهم بين جامعة الجوف ومجمع الملك سلمان العالمي للغة العربية؟,"السيد/[anonymized] المحترم/ة,

توفر الإفادة معلومات حول رد على مقترح توقيع مذكرة تفاهم بين جامعة الجوف ومجمع الملك سلمان العالمي للغة العربية: سعادة عميد كلية الآداب – جامعة الجوف  سلمه الله    السلام عليكم ورحمة الله وبركاته،    إشارة إلى خطاب سعادتكم المرسل إلى البريد الرسمي للمجمع، رقم (…) وتاريخ 1446/5/19هـ، المتضمن مقترح توقيع مذكرة تفاهم بين جامعة الجوف ومجمع الملك سلمان العالمي للغة العربية،  يطيب للمجمع أن يتقدَّم لسعادتكم بوافر الشكر والتقدير على تواصلكم، ويؤكد أهمية الاستفادة من القدرات والكفاءات القيّمة في جامعاتنا السعودية، ومنها جامعة الجوف، ويمكن تعزيز الشراكة والتعاون بين كليتكم الموقرة والمجمع مباشرةً في تنفيذ البرامج والأنشطة والمبادرات ذات العلاقة بخدمة اللغة العربية، وتحقيق الأهداف المشتركة، دون الحاجة إلى توقيع مذكرة تفاهم بين الطرفين.  ويود المجمع الإشارة إلى أن هناك مسارًا دوليًا خاصًا بالمذكرات، أما الجهات اللغوية الوطنية فهم شركاء مستمرون لا يتطلب الأمر معهم إجراءات مذكرات، بل تفعيل مباشر للبرامج.  ويسعد المجمع دائمًا بتلقي مرئياتكم ومقترحاتكم بشأن البرامج والمشروعات المشتركة، لدراستها وتحديد آليات العمل عليها، وفق الإجراءات واللوائح المنظمة لذلك.  وتفضلوا بقبول خالص التحية والتقدير.    أ.[anonymized]. [anonymized]  الأمين العام – مجمع الملك سلمان العالمي للغة العربية

مع التحية، مؤسسة مسك"
ما هي متطلبات دعم لإطلاق مبادرة التحول الرقمي الشامل في القطاع الحكومي؟,"السيد/[anonymized] المحترم/ة,

يتطلب دعم لإطلاق مبادرة التحول الرقمي الشامل في القطاع الحكومي تقديم طلب رسمي مع الوثائق: معالي وزير الاتصالات وتقنية المعلومات حفظه الله    السلام عليكم ورحمة الله وبركاته،    إشارة إلى الجهود المستمرة لدعم مشاريع التحول الرقمي،  نرفع إلى معاليكم طلبًا للموافقة على تقديم الدعم اللازم لإطلاق مبادرة ""التحول الرقمي الشامل في القطاع الحكومي""،  والتي تهدف إلى تعزيز كفاءة الخدمات، وتحقيق التكامل بين الجهات الحكومية، بما يواكب مستهدفات رؤية المملكة 2030.    والسلام عليكم ورحمة الله وبركاته.

مع التحية، مؤسسة مسك"
ما هي مستجدات حول تقويم أداء منصة الربط الصناعي الحكومي؟,"السيد/[anonymized] المحترم/ة,

توفر الإحاطة تحديثات حول حول تقويم أداء منصة الربط الصناعي الحكومي: معالي وزير الصناعة والثروة المعدنية  حفظه الله    السلام عليكم ورحمة الله وبركاته،    إشارة إلى خطاب معاليكم رقم (????) وتاريخ ??/??/????هـ، بشأن إحاطة حول أداء منصة الربط الصناعي الحكومي،    أود إحاطة معاليكم بأن الهيئة استكملت تقويم منصة الربط الصناعي الحكومي التي تم إطلاقها خلال الربع السابق، وأظهرت البيانات أن أكثر من ??? جهة استفادت من المنصة في خدمات الترخيص ومتابعة الامتثال.    نوصي بتوسيع استخدام المنصة لتشمل الجهات التمويلية، بما يسهم في تسريع رحلة المستثمر.    والسلام عليكم ورحمة الله وبركاته.

مع التحية، مؤسسة مسك"
ما هي تفاصيل الإفادة بشأن إفادة حول التكامل مع مؤشرات قياس الأداء الحكومي؟,"السيد/[anonymized] المحترم/ة,

توفر الإفادة معلومات حول إفادة حول التكامل مع مؤشرات قياس الأداء الحكومي: سعادة المشرف العام على المركز الوطني لقياس أداء الأجهزة العامة  سلّمه الله    السلام عليكم ورحمة الله وبركاته،    إشارة إلى خطاب سعادتكم رقم (????) وتاريخ ??/?/????هـ، بشأن طلب الإفادة عن جاهزية الهيئة للربط مع منصة قياس مؤشرات الأداء الحكومية.    أود إفادة سعادتكم بأن الهيئة قد أنهت إعداد حزمة البيانات المطلوبة، وقامت بتحديث التكامل التقني مع المنصة عبر واجهات الربط الحكومية، وتم التحقق من مواءمة البيانات وفق المعايير المعتمدة لديكم.    ولضمان استمرارية التنسيق، يمكن التواصل مع الأستاذ/ [anonymized]، بالهاتف المتنقل ([anonymized]) أو البريد الإلكتروني ([anonymized]).    والسلام عليكم ورحمة الله وبركاته.

مع التحية، مؤسسة مسك"
كيف يتم التعبير عن الشكر بشأن على المشاركة في صياغة معايير التصديق الرقمي؟,"السيد/[anonymized] المحترم/ة,

يتم التعبير عن الشكر عبر خطاب رسمي يُشيد بالإنجازات: معالي رئيس الهيئة السعودية للمواصفات والمقاييس والجودة  حفظه الله    السلام عليكم ورحمة الله وبركاته،    إشارة إلى مشاركة الهيئة السعودية للمواصفات والمقاييس والجودة في صياغة المعايير الفنية لنظام التصديق الرقمي الوطني، بالتعاون مع الجهات ذات العلاقة.    أود إفادة معاليكم بأن مشاركتكم ساهمت في تسريع اعتماد النموذج النهائي للمنصة، كما أن الخبرات الفنية التي قدمها فريقكم كان لها دور جوهري في توحيد الضوابط التقنية.    تتقدم الهيئة لكم بالشكر والتقدير على ما بذلتموه من جهود، ونأمل استمرار هذا التعاون البناء في المشاريع القادمة.    والسلام عليكم ورحمة الله وبركاته.

مع التحية، مؤسسة مسك"
ما هي تفاصيل ترشيح ممثل بشأن لعضوية فريق مواءمة مؤشرات الأداء الرقمية؟,"السيد/[anonymized] المحترم/ة,

يتم ترشيح ممثل للمشاركة في لعضوية فريق مواءمة مؤشرات الأداء الرقمية: سعادة مدير عام الهيئة العامة للإحصاء  سلّمه الله    السلام عليكم ورحمة الله وبركاته،    إشارة إلى خطاب سعادتكم رقم (????) وتاريخ ??/??/????هـ، بشأن المشاركة في فريق مواءمة مؤشرات الأداء الرقمية،    ترشح الهيئة الأستاذ/ [anonymized]، مدير وحدة المؤشرات الرقمية، لتمثيل الهيئة في فريق العمل الوطني لمواءمة مؤشرات الأداء الرقمية.    وذلك لدوره الفاعل في تطوير النماذج التحليلية الوطنية وتعزيز التوافق المؤسسي.    والسلام عليكم ورحمة الله وبركاته.

مع التحية، مؤسسة مسك"
ما هي تفاصيل ترشيح ممثل بشأن ترشيح لعضوية لجنة مراجعة المعايير المفتوحة؟,"السيد/[anonymized] المحترم/ة,

يتم ترشيح ممثل للمشاركة في ترشيح لعضوية لجنة مراجعة المعايير المفتوحة: سعادة المدير التنفيذي لهيئة تنمية البحث والتطوير والابتكار  سلّمه الله    السلام عليكم ورحمة الله وبركاته،    إشارة إلى خطاب سعادتكم رقم (????) وتاريخ ??/??/????هـ، بشأن تشكيل لجنة لمراجعة وتحديث المعايير المفتوحة في تطوير الخدمات الرقمية.    أود إفادة سعادتكم بأن الهيئة ترشح الأستاذ/ [anonymized]، مدير إدارة المعايير والواجهات، للمشاركة في هذه اللجنة، لما يتمتع به من خبرة مهنية واسعة في هذا المجال.    وللتنسيق في هذا الشأن يمكن التواصل معه عبر الهاتف المتنقل ([anonymized]) أو البريد الإلكتروني ([anonymized]).    والسلام عليكم ورحمة الله وبركاته.

مع التحية، مؤسسة مسك"
ما هي متطلبات استثناء مركز تنمية الإيرادات غير النفطية من المشاركة في دورة قياس؟,"السيد/[anonymized] المحترم/ة,

يتطلب استثناء مركز تنمية الإيرادات غير النفطية من المشاركة في دورة قياس تقديم طلب رسمي مع الوثائق: معالي محافظ هيئة الحكومة الرقمية  السلام عليكم ورحمة الله وبركاته    إشارة إلى كتاب معاليكم رقم (2038) وتاريخ 1446/01/11هـ، المشار فيه إلى قرار مجلس الوزراء رقم (???) وتاريخ 1445/07/25هـ، القاضي بالموافقة على تنظيم هيئة الحكومة الرقمية، وما أوضحتموه بهذا الخصوص وطلب معاليكم ترشيح ضابط اتصال للتنسيق وتحديث بيانات التواصل عن طريق بوابة بيان.    أود الإفادة بأن مركز تنمية الإيرادات غير النفطية اعتمد إستراتيجية متقدمة مهمة وأدوار مستقبلية ويجري العمل على مشروع إعادة الهيكلة وتطوير إستراتيجيات التحول الرقمي والعمل على تحديث بعض المهام والترتيبات التنظيمية الداخلية للمركز والمتعلقة بالمعايير الأساسية للتحول الرقمي كالتالي:  - منظور الإستراتيجية والتخطيط.  - منظور العمليات والتقنية.  - إدارة المخاطر واستمرارية الأعمال.  - منظور الحكومة الشاملة.  - منظور الحوكمة والامتثال.  - منظور تنمية المعلومات.  - منظور القنوات والخدمات.  - منظور مركزية المستفيد.  - منظور البيانات الحكومية.    آمل تفضل معاليكم بالاطلاع والتوجيه من يلزم باستثناء المركز من المشاركة في دورة قياس ????م ليستكمل المركز استكمال العمل على المعايير الأساسية للتحول الرقمي. ويمكن التواصل مع ضابط الاتصال الأستاذة/ [anonymized] أباعود على جوال رقم ([anonymized]) أو البريد الإلكتروني ([anonymized]).    وتقبلوا تحياتي.    [anonymized]    الرئيس التنفيذي لمركز تنمية الإيرادات غير النفطية المكلف

مع التحية، مؤسسة مسك"
ما هي متطلبات تسمية مختصين للمشاركة في ورشة سياسة أنظمة التعلم الإلكتروني؟,"السيد/[anonymized] المحترم/ة,

يتطلب تسمية مختصين للمشاركة في ورشة سياسة أنظمة التعلم الإلكتروني تقديم طلب رسمي مع الوثائق: معالي وزير التعليم  حفظه الله    السلام عليكم ورحمة الله وبركاته،    إشارة إلى التنسيق القائم بين الهيئة ووزارة التعليم في تطوير البيئة الرقمية للجامعات السعودية، وحرصًا على تعزيز التكامل التقني بين الأنظمة التعليمية الوطنية.    أود إفادة معاليكم بأن الهيئة تعكف حاليًا على إعداد سياسة وطنية موحدة لأنظمة إدارة التعلم الإلكتروني في مؤسسات التعليم العالي، وتهدف هذه السياسة إلى توحيد المعايير الفنية، وضمان أمن البيانات، وتحقيق التوافق مع مستهدفات التحول الرقمي.    ولذا، آمل من معاليكم التفضل بتسمية مختصين من الوزارة للمشاركة في ورشة العمل المزمع عقدها بهذا الشأن في النصف الثاني من شهر محرم المقبل.  وللتنسيق، يمكن التواصل مع الأستاذ/ [anonymized]، بالهاتف المتنقل ([anonymized]) أو البريد الإلكتروني ([anonymized]).    والسلام عليكم ورحمة الله وبركاته.

مع التحية، مؤسسة مسك"
ما هي متطلبات ترشيح ممثل لحضور ورشة العمل الوطنية للتحول الرقمي؟,"السيد/[anonymized] المحترم/ة,

يتطلب ترشيح ممثل لحضور ورشة العمل الوطنية للتحول الرقمي تقديم طلب رسمي مع الوثائق: معالي محافظ هيئة الحكومة الرقمية  حفظه الله    السلام عليكم ورحمة الله وبركاته،    إشارة إلى خطاب معاليكم رقم (24567) وتاريخ 1445/05/12هـ، والمتضمن الدعوة للمشاركة في ورشة العمل الوطنية للتحول الرقمي، والمقرر عقدها يوم الأربعاء 1445/06/10هـ،  نأمل من معاليكم التكرم بالموافقة على ترشيح الأستاذة/ [anonymized] - مدير إدارة التحول الرقمي في الوزارة - لحضور الورشة، وتمثيل وزارة الموارد البشرية والتنمية الاجتماعية في أعمالها.    ويأتي هذا الترشيح في إطار حرص الوزارة على الإسهام الفعّال في مبادرات التحول الرقمي الوطني، والاستفادة من مخرجات الورشة في تطوير الأداء المؤسسي وتحقيق التكامل الرقمي مع الجهات الحكومية.    والسلام عليكم ورحمة الله وبركاته.    المهندس/ [anonymized]  وزير الموارد البشرية والتنمية الاجتماعية

مع التحية، مؤسسة مسك"
ما هي متطلبات اعتماد خطة تطوير قطاع النقل الذكي؟,"السيد/[anonymized] المحترم/ة,

يتطلب اعتماد خطة تطوير قطاع النقل الذكي تقديم طلب رسمي مع الوثائق: معالي وزير النقل والخدمات اللوجستية  حفظه الله    السلام عليكم ورحمة الله وبركاته،    إشارة إلى خطط الوزارة لتطوير البنية التحتية للنقل، نرفع إلى معاليكم طلبًا لاعتماد خطة “تطوير قطاع النقل الذكي”،  والتي تشمل تنفيذ أنظمة نقل حديثة تعتمد على الذكاء الاصطناعي وإنترنت الأشياء لإدارة حركة المرور والمركبات ذاتية القيادة.    يهدف المشروع إلى:   • تحسين تجربة النقل العام،   • خفض معدلات الحوادث المرورية،   • تقليل الانبعاثات الكربونية،  وذلك بما ينسجم مع أهداف الاستدامة والتحول الوطني الرقمي.    نأمل من معاليكم التكرم بالموافقة والتوجيه بما يلزم لاعتماد الخطة وبدء تنفيذها بالتنسيق مع الجهات المعنية.    وتفضلوا بقبول خالص الاحترام والتقدير.    م. [anonymized]  محافظ هيئة الحكومة الرقمية

مع التحية، مؤسسة مسك"
ما هي تفاصيل الإفادة بشأن معالجة إصدار جوازات سفر بديلة للمواطنين في الخارج؟,"السيد/[anonymized] المحترم/ة,

توفر الإفادة معلومات حول معالجة إصدار جوازات سفر بديلة للمواطنين في الخارج: صاحب السمو الملكي وزير الداخلية حفظه الله،  نسخة إلى معالي رئيس مركز المعلومات الوطني سلمه الله،  نسخة إلى معالي محافظ هيئة الحكومة الرقمية سلمه الله،    السلام عليكم ورحمة الله وبركاته،    أود إفادة سموكم بأن الوزارة تلقت برقية سفارة المملكة في واشنطن رقم ??? وتاريخ ? / ? / ????هـ، المتضمنة تلقيها خطابًا بالمصادقة العسكرية وبموجبها يطلب تعديل جواز سفر المواطن أ.[anonymized].أ وإلغاء جوازه الحالي واستصدار جواز سفر جديد بديلًا عنه، حيث أشارت السفارة إلى أن المواطن عند محاولته تقديم الطلب عبر منصة «أبشر» ورقمي جواز السفر والهوية الوطنية غير مطابقين، مما يتعذر معه إكمال الخدمة. ونظرًا لأن سفارات المملكة بالخارج لا تملك صلاحية تعديل البيانات عبر المنصات الإلكترونية بشكل مباشر، أضافت السفارة أنه من الضروري تمكين طلبات تعديل البيانات إلكترونيًا عبر نظام «أبشر»، لتسهيل إجراءات المواطنين المسافرين بالخارج ومعالجة المشكلات التي قد تتسبب بتعطيل مهماتهم، خاصة مع المواطنين الذين يكون سفرهم لغرض الدراسة أو العمل.    كما تود الوزارة الإشارة إلى أن الخدمات الحالية المحدودة والمتاحة لديها ترتكز فقط على تجديد الجوازات للمواطنين بالخارج، في حين أن تعديل بيانات الجوازات أو إصدار جوازات سفر جديدة يتطلب حضور المواطن شخصيًا داخل المملكة. وبناءً على ما سبق، تود الوزارة إحاطة سموكم بأهمية معالجة هذه التحديات وضرورة وضع حلول إلكترونية تكفل إنهاء الإجراءات للمواطنين بالخارج بكل يسر وسهولة.    عليه، أمل الاطلاع والتوجيه حيال ما يلزم نحو دراسة الموضوع واتخاذ ما ترونه مناسبًا لمعالجة الموضوع بصفة عاجلة، لما لذلك من أثر على مصالح المواطنين.    وتفضلوا بقبول أطيب تحياتي.    والسلام عليكم ورحمة الله وبركاته.    [anonymized]  وزير الخارجية

مع التحية، مؤسسة مسك"
ما هي تفاصيل ترشيح ممثل بشأن ترشيح ممثلين من الهيئة للمشاركة في ملتقى التحول الرقمي بالمنطقة الشرقية؟,"السيد/[anonymized] المحترم/ة,

يتم ترشيح ممثل للمشاركة في ترشيح ممثلين من الهيئة للمشاركة في ملتقى التحول الرقمي بالمنطقة الشرقية: معالي وزير الموارد البشرية والتنمية الاجتماعية  حفظه الله    السلام عليكم ورحمة الله وبركاته،    إشارةً إلى برقية معاليكم رقم (132831) وتاريخ 1446/10/12هـ، بشأن إقامة “ملتقى التحول الرقمي” بنسخته الرابعة، تحت رعاية صاحب السمو الملكي الأمير [anonymized]، أمير المنطقة الشرقية، وذلك يومي الأربعاء والخميس الموافق 14-15 مايو 2025م بمدينة الدمام، والذي يهدف إلى استعراض منتجات الوزارة الرقمية، وتعزيز الشراكة مع القطاعين العام والخاص، وإبراز قصص النجاح.    يطيب لي أن أتقدّم بالشكر الجزيل لمعاليكم على الدعوة الكريمة، وأفيد معاليكم بأنه قد جرى التنسيق مع ضابط الاتصال لديكم، وتم الاتفاق على مشاركة الهيئة في جلسات الملتقى الحوارية، حيث سيمثّل الهيئة في الجلسة الحوارية بعنوان:  “توظيف الذكاء الاصطناعي في المهام الوظيفية الحكومية”  الأستاذ/ [anonymized] – مدير إدارة البيانات وذكاء الأعمال،  ويمكن للمختصين لديكم التواصل معه عبر الجوال: ([anonymized])  أو البريد الإلكتروني: [anonymized]    كما سيمثّل الهيئة في الجلسة الحوارية بعنوان:  “دور الشمولية الرقمية في رفع جودة الخدمات للمستفيدين”  الأستاذ/ [anonymized] – مدير إدارة الاستشارات والدراسات،  ويمكن التواصل معه عبر الجوال: ([anonymized])  أو البريد الإلكتروني: [anonymized]    والسلام عليكم ورحمة الله وبركاته.    م. [anonymized]  محافظ هيئة الحكومة الرقمية

مع التحية، مؤسسة مسك"
ما هي تفاصيل الدعوة لحضور دعوة سفير مملكة تايلند للقاء معالي المحافظ لبحث التعاون الفني؟,"السيد/[anonymized] المحترم/ة,

يتم إرسال دعوة رسمية لحضور دعوة سفير مملكة تايلند للقاء معالي المحافظ لبحث التعاون الفني: معالي محافظ هيئة الحكومة الرقمية  السلام عليكم ورحمة الله وبركاته،  أفيد معاليكم بتلقي الوزارة مذكرة السفارة الملكية التايلاندية في الرياض المتضمنة رغبة سفير مملكة تايلند لدى المملكة السيد / [anonymized]، لبحث سبل التعاون الفني بين البلدين في مجال الحكومة الإلكترونية والبيانات.  لطفًا معاليكم بالإطلاع واتخاذ ما ترونه مناسبًا، وتزويد وزارة الخارجية باسم وتفاصيل من ترونه مناسبًا لتنسيق اللقاء، في حال الموافقة عليه.  وتقبلوا أطيب تحياتي.    [anonymized]  وزير الخارجية

مع التحية، مؤسسة مسك"
ما هي تفاصيل الإفادة بشأن توقيع اتفاقية مستوى خدمة دوائر الاتصال مع مركز المعلومات الوطني؟,"السيد/[anonymized] المحترم/ة,

توفر الإفادة معلومات حول توقيع اتفاقية مستوى خدمة دوائر الاتصال مع مركز المعلومات الوطني: سعادة مساعد مدير مركز المعلومات الوطني لإدارة العملاء  سلمه الله    السلام عليكم ورحمة الله وبركاته،    إشارة إلى خطاب سعادتكم رقم (11667) وتاريخ 1445/12/28هـ، المتضمن طلب مجمع الملك سلمان العالمي للغة العربية الاستفادة من خدمة دوائر الاتصال المقدمة من الهيئة السعودية للبيانات والذكاء الاصطناعي (سدايا)، وما أشار إليه الخطاب من أن تقديم هذه الخدمة يتطلب توقيع اتفاقية مستوى خدمة بين المجمع والمركز.    يطيب لنا شكر سعادتكم على مبادرتكم بتوقيع هذه الاتفاقية، وتزويدنا بنسخة للتوقيع.  ونرفق لكم نسخة أصلية من الاتفاقية بعد التوقيع عليها؛ للاطلاع واتخاذ ما ترونه مناسبًا.    وتفضلوا بقبول خالص التحية والتقدير.

مع التحية، مؤسسة مسك"
ما هي إجراءات تنسيق تفعيل الاحتفاء باليوم العالمي للغة العربية بالتعاون مع وزارة الرياضة؟,"السيد/[anonymized] المحترم/ة,

يتطلب تنسيق تفعيل الاحتفاء باليوم العالمي للغة العربية بالتعاون مع وزارة الرياضة التواصل مع الجهات: سعادة مساعد وزير الرياضة لشؤون الإعلام والتواصل  سلمه الله    السلام عليكم ورحمة الله وبركاته،    إشارة إلى مذكرة التفاهم المبرمة بين مجمع الملك سلمان العالمي للغة العربية ووزارة الرياضة بتاريخ 1444/04/21هـ الموافق 2022/11/15م، والتي تهدف إلى تعزيز مكانة اللغة العربية في الرياضة السعودية والعالمية.    يأمل المجمع تنفيذ بعض البرامج الداعمة لهذه التوجهات بالشراكة مع وزارتكم الموقرة، ومنها الاحتفاء باليوم العالمي للغة العربية الذي يوافق الثامن عشر من ديسمبر، ويحتفي به المجمع هذا العام تحت شعار:    “نفخر بها”    ومن المقترحات المطروحة:   • التفاعل مع المناسبة عبر حسابات الأندية والاتحادات، خصوصًا، وعموم منصات وزارة الرياضة.   • إدراج اللغة العربية في التغطيات الإعلامية للفعاليات.   • إبراز المناسبة أثناء المباريات على شاشات الملاعب.    نأمل من سعادتكم التفضل بالتوجيه بما ترونه مناسبًا بشأن فرص الشراكة المذكورة أعلاه، وتفويض من يمكنه التنسيق مع المجمع في هذا الشأن.    ويمكن للمختصين لديكم التواصل مع الأستاذ/ [anonymized] عبر:   • الجوال: 0000000000   • البريد الإلكتروني: [anonymized]    وتفضلوا بقبول خالص التحية والتقدير.    مجمع الملك سلمان العالمي للغة العربية

مع التحية، مؤسسة مسك"
ما هي متطلبات التعاون مع معهد الإدارة العامة لإعداد برنامج تدريبي في الحكومة الرقمية؟,"السيد/[anonymized] المحترم/ة,

يتطلب التعاون مع معهد الإدارة العامة لإعداد برنامج تدريبي في الحكومة الرقمية تقديم طلب رسمي مع الوثائق: سعادة المدير العام لمعهد الإدارة العامة  سلّمه الله    السلام عليكم ورحمة الله وبركاته،    إشارة إلى سعي الهيئة إلى تطوير برنامج تدريبي وطني موحد بعنوان “مقدمة في الحكومة الرقمية”، يستهدف بناء القدرات الأولية للموظفين الجدد في القطاع الحكومي.    أود إفادة سعادتكم بأن الهيئة ترغب في التعاون مع المعهد في إعداد المنهج، واعتماده ضمن سلسلة البرامج التأسيسية الحكومية، وذلك لما للمعهد من خبرة أكاديمية وإدارية مشهودة.    آمل من سعادتكم التكرم بتسمية فريق أكاديمي للتنسيق مع الهيئة حول إعداد المحتوى، وآلية التقييم، وجدول التنفيذ.    والسلام عليكم ورحمة الله وبركاته.

مع التحية، مؤسسة مسك"
ما هي متطلبات بشأن تعميد بإتاحة واستضافة خدمة حجز السيارات في المنصة الوطنية للخدمات الحكومية؟,"السيد/[anonymized] المحترم/ة,

يتطلب بشأن تعميد بإتاحة واستضافة خدمة حجز السيارات في المنصة الوطنية للخدمات الحكومية تقديم طلب رسمي مع الوثائق: معالي محافظ هيئة الحكومة الرقمية  السلام عليكم ورحمة الله وبركاته،  إشارة إلى تعاون وزارة المالية مع المركز الوطني لنظم الموارد الحكومية لتقديم خدمات للمستفيدين من خلال قنوات رقمية مميزة، تهدف لرفع جودة أداء تقديم الخدمات بما يحقق الأهداف الإلكترونية ويزيد من مستوى الأتمتة في الأعمال داخل الوزارة وأجهزتها، وفي التعاملات مع المستفيدين من خدماتها، إضافة إلى الأثر الكبير في تعزيز أهداف واستراتيجية الوزارة لتمكين التحول الرقمي.  وبهدف تحسين واستكمال إجراءات نقل ملكية السيارات لكبار مسؤولي الدولة والاستفادة من خدمات حجز إحدى الجهات الحكومية إلكترونيًا لهذه الفئة والتي تستهدف خدمة المستفيدين من كبار المسؤولين في الدولة من نقل ملكية المركبات، بعد استيفاء الشروط وتحقيق متطلبات الخدمة، وحيث تم إطلاق النسخة الجديدة من خدمة خطوة والتي نطلع لاستضافتها في المنصة الوطنية للخدمات الحكومية (GOV.SA).  آمل من معاليكم الموافقة لحجز النطاق (Khutwa.eserve.gov.sa) واستضافة الخدمة في المنصة الوطنية للخدمات (GOV.SA).  وتقبلوا تحياتي.

مع التحية، مؤسسة مسك"
ما هي تفاصيل ترشيح ممثل بشأن ترشيح للمشاركة في لجنة تحديث معايير التكامل الحكومي؟,"السيد/[anonymized] المحترم/ة,

يتم ترشيح ممثل للمشاركة في ترشيح للمشاركة في لجنة تحديث معايير التكامل الحكومي: معالي رئيس هيئة المحتوى المحلي والمشتريات الحكومية حفظه الله  السلام عليكم ورحمة الله وبركاته،  إشارة إلى التوجه المشترك نحو تطوير معايير وطنية لتكامل الخدمات الحكومية وتوحيد متطلباتها التقنية.  أود إفادة معاليكم بأن الهيئة ترشح الأستاذ/ [anonymized]، خبير الحوكمة الرقمية، للمشاركة في لجنة تحديث معايير التكامل، لما لديه من خبرة عملية في تصميم أطر العمل المشتركة.  وللتنسيق يمكن التواصل معه عبر الهاتف المتنقل ([anonymized]) أو البريد الإلكتروني ([anonymized]).  والسلام عليكم ورحمة الله وبركاته.

مع التحية، مؤسسة مسك"
ما هي أسباب الاعتذار عن حضور الجلسة الحوارية لرحلة الحاج الرقمية وتمثيل الهيئة؟,"السيد/[anonymized] المحترم/ة,

يتم تقديم الاعتذار بسبب تعارض المواعيد: سعادة الرئيس التنفيذي لبرنامج خدمة ضيوف الرحمن  سلّمه الله    السلام عليكم ورحمة الله وبركاته،    إشارة إلى دعوتكم الكريمة لمعالي المحافظ لحضور الجلسة الحوارية الخاصة بتطوير رحلة الحاج الرقمية، والمقررة يوم الخميس ??/?/????هـ في مكة المكرمة.    أود إفادة سعادتكم بأن معالي المحافظ يثمّن دعوتكم، ويشيد بمبادرتكم النوعية، إلا أن لديه ارتباطًا رسميًا في الوقت نفسه، ما يحول دون تمكنه من الحضور.    ويمثل الهيئة في المناسبة سعادة نائب المحافظ للتمكين الرقمي. وللتنسيق، يمكن التواصل مع الأستاذ/ [anonymized]، بالهاتف المتنقل ([anonymized]) أو البريد الإلكتروني ([anonymized]).    والسلام عليكم ورحمة الله وبركاته.

مع التحية، مؤسسة مسك"
ما هي متطلبات إصدار تأشيرات لوفد الهيئة العامة للموانئ لحضور قمة الابتكار؟,"السيد/[anonymized] المحترم/ة,

يتطلب إصدار تأشيرات لوفد الهيئة العامة للموانئ لحضور قمة الابتكار تقديم طلب رسمي مع الوثائق: معالي وزير الخارجية  حفظه الله    السلام عليكم ورحمة الله وبركاته،    إشارة إلى اعتزام وفد من الهيئة العامة للموانئ السفر إلى جمهورية سنغافورة لحضور قمة الابتكار اللوجستي الآسيوي، والمقرر عقدها خلال الفترة من 1445/10/10هـ إلى 1445/10/15هـ،    نأمل من معاليكم التكرم بإصدار التأشيرات اللازمة لأعضاء الوفد الرسمي، وتوجيه المختصين لديكم للتنسيق مع وزارة النقل والخدمات اللوجستية إنفاذًا لذلك.    وتفضلوا بقبول خالص التحية والتقدير.    [anonymized] حريري  رئيس الهيئة العامة للموانئ

مع التحية، مؤسسة مسك"
ما هي تفاصيل الدعوة لحضور الملتقى الوطني “رقمنة المناطق”؟,"السيد/[anonymized] المحترم/ة,

يتم إرسال دعوة رسمية لحضور الملتقى الوطني “رقمنة المناطق”: صاحب السمو الملكي الأمير [anonymized]  أمير منطقة تبوك  حفظه الله    السلام عليكم ورحمة الله وبركاته،    إشارة إلى جهود إمارة منطقة تبوك في تمكين التحول الرقمي وتعزيز البنية التحتية التقنية في المحافظات، أود إفادة سموكم بأن الهيئة بصدد تنظيم الملتقى الوطني “رقمنة المناطق” الذي سيعقد بمدينة الرياض يوم الثلاثاء ??/??/????هـ، بمشاركة أصحاب السمو والمعالي وعدد من الجهات الحكومية والخاصة.    عليه، آمل من سموكم التفضل بالموافقة على مشاركة الإمارة في أعمال الملتقى، وتسمية من ترونه مناسبًا من القيادات التقنية لدى الإمارة لتقديم عرض حول أبرز المبادرات الرقمية في المنطقة.  وللتنسيق في هذا الشأن أو الحصول على مزيد من المعلومات، يمكن التواصل مع الأستاذ/ [anonymized]، بالهاتف المتنقل ([anonymized]) أو البريد الإلكتروني ([anonymized]).    والسلام عليكم ورحمة الله وبركاته.

مع التحية، مؤسسة مسك"
ما هي تفاصيل الدعوة لحضور هاكاثون البيانات الحكومية المفتوحة؟,"السيد/[anonymized] المحترم/ة,

يتم إرسال دعوة رسمية لحضور هاكاثون البيانات الحكومية المفتوحة: سعادة الرئيس التنفيذي لمدينة الملك عبدالعزيز للعلوم والتقنية سلّمه الله  السلام عليكم ورحمة الله وبركاته،  إشارة إلى التعاون القائم بين الهيئة ومدينتكم في مجالات البيانات والذكاء الاصطناعي.  يسر الهيئة دعوتكم للمشاركة في “هاكاثون البيانات الحكومية المفتوحة” المزمع عقده في الرياض خلال الفترة ??–?? صفر ????هـ، بمشاركة الجهات الوطنية ومجتمع التقنية.  نأمل من سعادتكم التكرم بترشيح فريق يمثل المدينة، وللتنسيق يمكن التواصل مع الأستاذ/ [anonymized]، بالهاتف المتنقل ([anonymized]) أو البريد الإلكتروني ([anonymized]).  والسلام عليكم ورحمة الله وبركاته.

مع التحية، مؤسسة مسك"
ما هي إجراءات تنسيق التأكد من توفير وسائل الوقاية من الحريق في المرافق الحكومية؟,"السيد/[anonymized] المحترم/ة,

يتطلب تنسيق التأكد من توفير وسائل الوقاية من الحريق في المرافق الحكومية التواصل مع الجهات: سعادة مدير مركز السلامة الميداني بالسليمانية  سلمه الله    السلام عليكم ورحمة الله وبركاته،    إشارةً إلى خطابكم رقم (ف/د139) وتاريخ 1446/5/1هـ، بشأن التأكد من تطبيق الإجراءات والتدابير اللازمة فيما يخص توفير وسائل ومتطلبات الوقاية من الحريق في جميع المنشآت والمرافق التي تشرف عليها الوزارات والمصالح الحكومية.    أفيدكم بأن ضابط الاتصال في هذا الشأن هو الأستاذ/ X، ويمكن للمختصين لديكم التواصل معه عبر:   • الهاتف المتنقل: 0000000000   • البريد الإلكتروني: [anonymized]    وتفضلوا بقبول خالص التحية والتقدير.

مع التحية، مؤسسة مسك"
ما هي متطلبات التنسيق بشأن إطلاق منصة موحدة لبث المؤتمرات الصحفية؟,"السيد/[anonymized] المحترم/ة,

يتطلب التنسيق بشأن إطلاق منصة موحدة لبث المؤتمرات الصحفية تقديم طلب رسمي مع الوثائق: معالي وزير الإعلام  حفظه الله    السلام عليكم ورحمة الله وبركاته،    إشارة إلى خطة الهيئة لإطلاق منصة وطنية موحدة لبث المؤتمرات الصحفية الحكومية، وبالتنسيق مع الجهات ذات العلاقة.    أود إفادة معاليكم بأن المنصة تهدف إلى توحيد النشر، وتسهيل وصول المواطنين إلى المعلومات الموثوقة، ودعم حضور الدولة الرقمي.    آمل من معاليكم التفضل بتكليف من يلزم للتنسيق بشأن الربط مع المنصات الإعلامية الرسمية، والتكامل مع البث المركزي.    والسلام عليكم ورحمة الله وبركاته.

مع التحية، مؤسسة مسك"
كيف يتم التعبير عن الشكر بشأن على المشاركة في ورشة تكامل البيانات الوطنية؟,"السيد/[anonymized] المحترم/ة,

يتم التعبير عن الشكر عبر خطاب رسمي يُشيد بالإنجازات: معالي رئيس الهيئة السعودية للبيانات والذكاء الاصطناعي  حفظه الله    السلام عليكم ورحمة الله وبركاته،    إشارة إلى مشاركة الهيئة السعودية للبيانات والذكاء الاصطناعي (سدايا) في أعمال ورشة “تكامل البيانات الوطنية”، التي عُقدت في مقر هيئة الحكومة الرقمية بتاريخ ??/??/????هـ، أود إفادة معاليكم بأن العرض الذي قدمه فريقكم الفني حول منصة “نفاذ” شكّل قيمة مضافة للنقاش، وأبرز نماذج ريادية في تمكين الهوية الرقمية على المستوى الوطني.    وتود الهيئة أن تتقدم بخالص شكرها وتقديرها لمعاليكم، مع الأمل في استمرار التعاون المثمر في المشاريع الوطنية ذات الطابع الرقمي المشترك.    والسلام عليكم ورحمة الله وبركاته.

مع التحية، مؤسسة مسك"
ما هي متطلبات اعتماد برنامج التحول الرقمي للقطاع الزراعي؟,"السيد/[anonymized] المحترم/ة,

يتطلب اعتماد برنامج التحول الرقمي للقطاع الزراعي تقديم طلب رسمي مع الوثائق: معالي وزير البيئة والمياه والزراعة  حفظه الله    السلام عليكم ورحمة الله وبركاته،    حرصًا على تطوير القطاع الزراعي وتعزيز استدامته، نرفع إلى معاليكم طلبًا لاعتماد “برنامج التحول الرقمي للقطاع الزراعي”،  والذي يشمل توظيف التقنيات الحديثة لتحسين الإنتاج الزراعي، ورفع الكفاءة التشغيلية للمشاريع، وتمكين التحول الذكي في سلاسل الإمداد الزراعي.    يهدف البرنامج إلى بناء بيئة زراعية رقمية تعتمد على البيانات والذكاء الاصطناعي، مما يسهم في تعزيز الأمن الغذائي وتحقيق مستهدفات الاستدامة البيئية والاقتصادية.    نأمل من معاليكم التكرم بالموافقة والتوجيه بما يلزم لبدء تنفيذ البرنامج بالتنسيق مع الجهات المعنية.    وتفضلوا بقبول خالص التحية والتقدير.    م. [anonymized]  محافظ هيئة الحكومة الرقمية

مع التحية، مؤسسة مسك"
ما هي تفاصيل الإفادة بشأن إفادة مقترح تطوير منصة مركزية لحصر البيانات الإحصائية الرقمية؟,"السيد/[anonymized] المحترم/ة,

توفر الإفادة معلومات حول إفادة مقترح تطوير منصة مركزية لحصر البيانات الإحصائية الرقمية: سعادة رئيس الهيئة العامة للإحصاء  سلّمه الله    السلام عليكم ورحمة الله وبركاته،    إشارة إلى خطاب سعادتكم رقم (????) وتاريخ ??/??/????هـ، بشأن مقترح تطوير منصة مركزية لحصر البيانات الإحصائية الرقمية، أود إفادة سعادتكم بأن الهيئة درست المقترح المقدم، وتؤكد دعمها لمثل هذه المبادرات الهادفة إلى تعزيز التكامل في البيانات الحكومية.    وقد جرى التنسيق داخليًا لتسمية ممثل فني للمشاركة في إعداد التصور المبدئي للمنصة.  وللتنسيق في هذا الشأن أو الحصول على مزيد من التفاصيل، يمكن التواصل مع الأستاذ/ [anonymized]، بالهاتف المتنقل ([anonymized]) أو البريد الإلكتروني ([anonymized]).    والسلام عليكم ورحمة الله وبركاته.

مع التحية، مؤسسة مسك"
ما هي إجراءات تنفيذ التعميم بشأن تعميم ترشيح ممثل للتسجيل في منصة سوق البيانات؟,"السيد/[anonymized] المحترم/ة,

يتم تنفيذ التعميم عبر إبلاغ الجهات المعنية: الموضوع: ترشيح ممثل للتسجيل في منصة سوق البيانات    تعميم إلى كافة الجهات الحكومية    السلام عليكم ورحمة الله وبركاته    استنادًا إلى اختصاصات هيئة الحكومة الرقمية الواردة في تنظيمها بقرار مجلس الوزراء رقم (418) وتاريخ 1442/7/25هـ، والتي نصت على أن الهيئة هي الجهة المختصة بكل ما يتعلق بالحكومة الرقمية، وتعد المرجع الوطني في شؤونها،  وإشارة إلى إطلاق الهيئة السعودية للبيانات والذكاء الاصطناعي (سدايا) سوق البيانات ضمن المنصة الوطنية للبيانات، والتي تمكن الجهات الحكومية من إجراء عمليات مشاركة البيانات عن طريق واجهات الخدمات البرمجية (APIs) وطلب الاشتراك بها.    عليه، نأمل ترشيح ممثل من الجهة للقيام بالمهام التالية:   1. طلب الاشتراك في خدمات مشاركة البيانات (APIs) المقدمة من الجهات الأخرى.   2. رفع اتفاقيات مشاركة البيانات المبرمة مع الجهات المنشئة للبيانات.   3. الموافقة على طلبات المشاركة لخدمات البيانات المقدمة من جهتكم.   4. إضافة وإدارة مستخدمين آخرين من الجهة في المنصة.    ونفيدكم بأن عمليات مشاركة البيانات، بما في ذلك قناة التكامل الحكومية (GSB)، ستتم فقط عبر منصة سوق البيانات ابتداءً من 2023/7/1م.    يرجى إرسال بيانات المرشح إلى مركز المعلومات الوطني،  وللاستفسار يمكن التواصل مع الأستاذة/ X   • البريد الإلكتروني: [anonymized]    وتقبلوا خالص التحية.  م. [anonymized]  محافظ هيئة الحكومة الرقمية

مع التحية، مؤسسة مسك"
ما هي أسباب الاعتذار عن عدم التمكن من حضور الاجتماع الفني مع الهيئة العامة للنقل؟,"السيد/[anonymized] المحترم/ة,

يتم تقديم الاعتذار بسبب تعارض المواعيد: معالي رئيس الهيئة العامة للنقل  حفظه الله    السلام عليكم ورحمة الله وبركاته،    إشارة إلى خطاب معاليكم رقم (????) وتاريخ ?/??/????هـ، بشأن اعتذار عن عدم التمكن من حضور الاجتماع الفني،    نود إفادة معاليكم بأن الهيئة يتعذر عليها حضور الاجتماع الفني المقرر عقده يوم الأربعاء المقبل، نظرًا لارتباطها باجتماع وزاري طارئ.    آمل من معاليكم التفضل باعتماد موعد بديل في الأسبوع الذي يليه، مع استعداد فريق الهيئة للتنسيق الكامل.    والسلام عليكم ورحمة الله وبركاته.

مع التحية، مؤسسة مسك"
ما هي تفاصيل ترشيح ممثل بشأن إطلاق الدورة الثانية لمؤشر جاهزية تبني التقنيات الناشئة؟,"السيد/[anonymized] المحترم/ة,

يتم ترشيح ممثل للمشاركة في إطلاق الدورة الثانية لمؤشر جاهزية تبني التقنيات الناشئة: معالي وزير التعليم  حفظه الله    السلام عليكم ورحمة الله وبركاته،    إشارة إلى قرار مجلس الوزراء رقم (418) وتاريخ 1442/7/25هـ، القاضي بالموافقة على تنظيم هيئة الحكومة الرقمية،  وما نصّت عليه المادة (الرابعة) من أن من مهام الهيئة إصدار القياسات والمؤشرات والأدوات والتقارير لقياس أداء الجهات الحكومية وقدراتها في مجال الحكومة الرقمية ورضا المستفيد عنها، وتقديم المساندة للجهات الحكومية فيما يتعلق بخدمات الحكومة الرقمية، وتمكينها من تبني التقنيات الحديثة.    وانطلاقًا من هذا الدور، أطلقت الهيئة في فبراير 2023م الدورة الأولى من مؤشر جاهزية تبني التقنيات الناشئة، الذي يُعنى بتمكين الجهات الحكومية من فهم الوضع الراهن لإمكانياتها وجاهزيتها لتبني هذه التقنيات، ووضع خطط مخصصة لتحسين جاهزيتها.    وقد شمل التقييم ثلاث عشرة جهة حكومية، من بينها وزارة التعليم، والتي تُعد من شركاء النجاح للهيئة، نظرًا لقصص التعاون المثمرة التي تحققت.    واستكمالًا لذلك، أود إحاطة معاليكم بأن الهيئة ستطلق الدورة الثانية من مؤشر جاهزية تبني التقنيات الناشئة خلال شهر أكتوبر 2023م، وستُعقد ورشة عمل تعريفية تفصيلية بهذا الشأن، يعقبها مباشرة مرحلة التقييم.    آمل من معاليكم التفضل بتسمية ممثل لوزارتكم ليكون نقطة اتصال مع فريق الهيئة، والتنسيق في هذا الشأن.  ويمكن للمختصين لديكم التواصل مع المهندس/ [anonymized] على:   • الهاتف المتنقل: 0000000000   • البريد الإلكتروني: [anonymized]    وتفضلوا معاليكم بقبول خالص التحية والتقدير.  [anonymized]  رئيس مجلس إدارة هيئة الحكومة الرقمية

مع التحية، مؤسسة مسك"
ما هي مستجدات حول تعزيز التكامل بين منصة “بلدي” ومنصة “البنية التحتية الوطنية”؟,"السيد/[anonymized] المحترم/ة,

توفر الإحاطة تحديثات حول حول تعزيز التكامل بين منصة “بلدي” ومنصة “البنية التحتية الوطنية”: معالي وزير البلديات والإسكان  حفظه الله    السلام عليكم ورحمة الله وبركاته،    إشارة إلى خطاب معاليكم رقم (????) وتاريخ ?/??/????هـ، بشأن التكامل بين منصة “بلدي” ومنصة “البنية التحتية الوطنية”، أود إحاطة معاليكم بأن الهيئة أجرت مراجعة فنية لآلية الربط بين المنصتين، وتبين وجود فرص كبيرة لتعزيز التكامل في مجالات تصاريح البناء والربط مع الجهات الخدمية.    وقد تم رفع تقرير فني تفصيلي إلى الفريق المشترك، وتضمنت توصياته عددًا من الحلول القابلة للتنفيذ خلال فترة قصيرة.  يسر الهيئة مواصلة التنسيق مع الوزارة لاستكمال التحسينات، بما ينعكس إيجابًا على تجربة المستخدم وجودة الخدمات المقدمة.    والسلام عليكم ورحمة الله وبركاته.

مع التحية، مؤسسة مسك"
ما هي متطلبات إحالة ومراجعة الميثاق الأخلاقي لاستخدام الذكاء الاصطناعي بدول مجلس التعاون؟,"السيد/[anonymized] المحترم/ة,

يتطلب إحالة ومراجعة الميثاق الأخلاقي لاستخدام الذكاء الاصطناعي بدول مجلس التعاون تقديم طلب رسمي مع الوثائق: عاجل جدًا الموضوع: الميثاق الأخلاقي لاستخدام الذكاء الاصطناعي لأعضاء مجلس التعاون معالي رئيس الهيئة السعودية للبيانات والذكاء الاصطناعي حفظه الله  السلام عليكم ورحمة الله وبركاته،  إشارة إلى برقية معالي رئيس الديوان الملكي رقم (????) وتاريخ 1445/1/9هـ، المبلّغ بها صدور قرار مجلس الوزراء رقم (??) وتاريخ 1445/1/7هـ، القاضي بالموافقة الكريمة على إنشاء مركز باسم “المركز الدولي لأبحاث وأخلاقيات الذكاء الاصطناعي”، وإلى قرار اللجنة التنفيذية للحكومة الإلكترونية بدول مجلس التعاون لدول الخليج العربية في اجتماعها (الثالث والعشرين) المؤرخ في 2021/6/20م، القاضي بإنشاء فريق عمل الذكاء الاصطناعي والتقنيات الناشئة التابع للجنة.  وقد أعدّت هيئة المعلومات والحكومة الإلكترونية بمملكة البحرين مشكورة “الميثاق الأخلاقي لاستخدام الذكاء الاصطناعي” للدول الأعضاء بمجلس التعاون لدول الخليج العربية، وذلك استنادًا إلى خطة عمل فريق الذكاء الاصطناعي والتقنيات الناشئة (2022–2023) الصادرة عن الأمانة العامة لمجلس التعاون.  وحيث يرتبط هذا الميثاق ارتباطًا وثيقًا بأعمال الهيئة السعودية للبيانات والذكاء الاصطناعي (سدايا)، فقد يرى معاليكم مناسبة إحالة الوثيقة إلى هيئتكم الموقّرة لمراجعتها وإبداء المرئيات عليها إن وجدت، علمًا بأن هيئة الحكومة الرقمية – بصفتها أحد أعضاء فريق عمل الذكاء الاصطناعي والتقنيات الناشئة – قد أنهت مراجعة الميثاق المشار إليه.  آمل من معاليكم التفضل بالتوجيه لمن يلزم لمراجعة الميثاق وإبداء الملحوظات والمرئيات حياله، وتزويد هيئة الحكومة الرقمية بها قبل نهاية الشهر الحالي.  ويمكن للمختصين لديكم التنسيق في هذا الشأن مع الأستاذة/ [anonymized] عبر الهاتف المتنقل: [anonymized] أو البريد الإلكتروني: [anonymized]  وتفضلوا معاليكم بقبول خالص التحية والتقدير. م. [anonymized] محافظ هيئة الحكومة الرقمية

مع التحية، مؤسسة مسك"
ما هي متطلبات الاستعانة بخبرة الأستاذ [anonymized] للعمل كمستشار غير متفرغ؟,"السيد/[anonymized] المحترم/ة,

يتطلب الاستعانة بخبرة الأستاذ [anonymized] للعمل كمستشار غير متفرغ تقديم طلب رسمي مع الوثائق: معالي محافظ هيئة الحكومة الرقمية  سلمه الله  السلام عليكم ورحمة الله وبركاته،    إشارة إلى مبدأ التعاون الدائم بين الجهات الحكومية فيما يخدم الصالح العام، ونظرًا لحاجة الهيئة العامة للمساحة والمعلومات الجيومكانية إلى الاستعانة بالخبرات الوطنية والكفاءات التي تساهم في إنجاز أعمال التحول والتسكين،    نتقدّم إلى معاليكم بطلب الاستعانة بخبرة الأستاذ/ [anonymized] للعمل في الهيئة كمستشار غير متفرغ، لمدة ثلاثة (?) أشهر.    آمل من معاليكم التكرم بالموافقة على ذلك. ولمزيد من الاستفسار والتنسيق، يمكن للمعنيين لديكم التواصل مع الأستاذ/ [anonymized]، مدير إدارة الاستقطاب، على الهاتف المتنقل ([anonymized]) أو البريد الإلكتروني: [anonymized]    وتقبلوا معاليكم فائق التحية والتقدير.    المهندس [anonymized]/ [anonymized]  رئيس الهيئة العامة للمساحة والمعلومات الجيومكانية

مع التحية، مؤسسة مسك"
ما هي تفاصيل الدعوة لحضور دعوة لزيارة معرض اللغة العربية للطفل؟,"السيد/[anonymized] المحترم/ة,

يتم إرسال دعوة رسمية لحضور دعوة لزيارة معرض اللغة العربية للطفل: سعادة مدير إدارة الرصد والعلاقات الإعلامية في وزارة الصناعة والثروة المعدنية حفظه الله    السلام عليكم ورحمة الله وبركاته،    يسعد مجمع الملك سلمان العالمي للغة العربية دعوة أطفال منسوبيكم لزيارة معرض اللغة العربية للطفل،  للاستمتاع بتجربة ثرية وماتعة تعكس جماليات اللغة العربية الموجهة إلى الطفل، حيث تسهم هذه الزيارة في ترسيخ أهمية اللغة العربية وتعزيز ثقافته اللغوية، باستخدام أحدث الوسائل التقنية المبتكرة في تجربة تمزج بين التعلم والمتعة.    يستهدف المعرض الفئة العمرية من 6 إلى 12 سنة، ويرافق الأطفال عددٌ من الميسرين لضمان تحقيق المتعة والفائدة،  وذلك خلال الفترة من 15 جمادى الأولى 1446هـ إلى 15 جمادى الآخرة 1446هـ، الموافق 17 نوفمبر إلى 16 ديسمبر 2024م،  في مقر المجمع بمدينة الرياض.    ويمكن للمختصين لديكم التنسيق لحجز موعد لزيارة أطفال منسوبيكم عبر التواصل مع الأستاذ/ [anonymized] رائد – قطاع البرامج الثقافية،  على الجوال رقم: [anonymized]، أو عبر البريد الإلكتروني: [anonymized].    والسلام عليكم ورحمة الله وبركاته.

مع التحية، مؤسسة مسك"
ما هي مستجدات  إطلاق المرحلة التجريبية لمنصة السحابة الحكومية المفتوحة؟,"السيد/[anonymized] المحترم/ة,

توفر الإحاطة تحديثات حول  إطلاق المرحلة التجريبية لمنصة السحابة الحكومية المفتوحة: سعادة الرئيس التنفيذي لهيئة البيانات والذكاء الاصطناعي  سلّمه الله    السلام عليكم ورحمة الله وبركاته،    إشارة إلى الجهود المشتركة لتعزيز البنية التحتية الوطنية للحوسبة السحابية الحكومية، أود إفادة سعادتكم بأن الهيئة تعتزم إطلاق المرحلة التجريبية الأولى لمنصة “السحابة الحكومية المفتوحة”، والتي تهدف إلى تمكين الجهات الحكومية من الاستفادة من بنية سحابية موثوقة وآمنة.    وقد جرى تحديد مجموعة من الجهات المستهدفة في المرحلة الأولى، وفق معايير الجاهزية التقنية والاحتياج التشغيلي. وستتواصل فرق الهيئة مع المختصين في هيئتكم لتنسيق متطلبات الربط والمشاركة.    ولمزيد من التفاصيل يمكن التواصل مع الأستاذ/ [anonymized]، على الهاتف المتنقل ([anonymized]) أو عبر البريد الإلكتروني ([anonymized]).    والسلام عليكم ورحمة الله وبركاته.

مع التحية، مؤسسة مسك"
ما هي متطلبات الموافقة على توقيع اتفاقية تعاون مع جهة دولية؟,"السيد/[anonymized] المحترم/ة,

يتطلب الموافقة على توقيع اتفاقية تعاون مع جهة دولية تقديم طلب رسمي مع الوثائق: معالي محافظ هيئة الحكومة الرقمية  حفظه الله    السلام عليكم ورحمة الله وبركاته،    في إطار تعزيز التعاون الدولي في مجال التحول الرقمي، تتقدم وزارة الاقتصاد والتخطيط بطلب الموافقة على توقيع اتفاقية تعاون مع منظمة التعاون والتنمية الاقتصادية (OECD)،  وذلك بهدف تبادل الخبرات وتطوير آليات العمل المشترك في مجالات السياسات الرقمية، وتحليل البيانات، وبناء القدرات، بما يدعم توجهات المملكة نحو اقتصاد معرفي قائم على البيانات والتقنية.    نأمل من معاليكم التكرم بالموافقة على توقيع الاتفاقية، والتوجيه بما يلزم لاستكمال الإجراءات النظامية والتنسيق مع الجهات المعنية.    والسلام عليكم ورحمة الله وبركاته.    [anonymized]  وزير الاقتصاد والتخطيط

مع التحية، مؤسسة مسك"
كيف يتم التعبير عن الشكر بشأن على إعداد التقرير السنوي لأعمال إدارة التشغيل والصيانة؟,"السيد/[anonymized] المحترم/ة,

يتم التعبير عن الشكر عبر خطاب رسمي يُشيد بالإنجازات: سعادة مدير عام التشغيل والصيانة  م. [anonymized]  حفظه الله    السلام عليكم ورحمة الله وبركاته    تلقينا بخطاب سعادتكم رقم ???? وتاريخ ????/?/??هـ، المرفق به (???) نسخة من التقرير السنوي لأعمال الإدارة العامة للتشغيل والصيانة المنجزة خلال عام ????هـ.    نشكر لكم جهودكم الطيبة في إعداد وإصدار هذا التقرير المفيد الذي يتضمن معلومات وإحصائيات أولية هامة لبرامج الأمانة التشغيلية وتفعيل المرافق والمنشآت المرتبطة بها، آملين مواصلة هذه الجهود المخلصة، والبناء على منجزاتكم ومنجزات الإدارة، مع أطيب تمنياتنا للجميع بالتوفيق والسداد.    ولكم تحياتنا…    أمين منطقة الرياض  د. [anonymized]

مع التحية، مؤسسة مسك"
ما هي تفاصيل الدعوة لحضور بشأن مشاركة السعودية الرقمية في مؤتمر جارتنر برشلونة 2023؟,"السيد/[anonymized] المحترم/ة,

يتم إرسال دعوة رسمية لحضور بشأن مشاركة السعودية الرقمية في مؤتمر جارتنر برشلونة 2023: الموضوع: مشاركة السعودية الرقمية في مؤتمر جارتنر برشلونة (2023)    معالي وزير الاتصالات وتقنية المعلومات  حفظه الله    السلام عليكم ورحمة الله وبركاته    إشارة إلى برقية معالي رئيس الديوان الملكي التعميمية رقم (39175) وتاريخ 1444/6/4هـ، المتضمنة الموافقة الكريمة على ما وجه به مجلس الوزراء في البند (أولًا) بأن “تكون مشاركة الجهات الحكومية في الفعاليات والمؤتمرات والمعارض ذات العلاقة بالحكومة الرقمية والتحول الرقمي – بالتنسيق مع هيئة الحكومة الرقمية – من خلال برنامج (السعودية الرقمية)”.    وانطلاقًا من أهمية مشاركة الجهات الحكومية السعودية في تلك الفعاليات بهوية وطنية موحدة تعكس صورة المملكة وتعزز مكانتها، وتساهم في تحقيق مستهدفات رؤية المملكة 2030.    وبما أن مؤتمر جارتنر 2023م يُعد من أبرز الفعاليات الدولية التي نعمل من خلالها على إبراز الجهات الحكومية، والتوعية والتمكين في مجالي التحول الرقمي محليًا وعالميًا؛  آمل من معاليكم ترشيح ممثل من الوزارة لحضور الفعالية والاطلاع على المعرض المصاحب، الذي يضم أبرز صناع التقنية ويتيح فرصًا استثمارية تخدم الاقتصاد الرقمي.    ويمكن للمختصين لديكم التنسيق مع الأستاذ/ X   • الهاتف: 0000000000   • البريد الإلكتروني: [anonymized]    وتفضلوا معاليكم بقبول خالص تحياتي،  م. [anonymized]  محافظ هيئة الحكومة الرقمية

مع التحية، مؤسسة مسك"
ما هي تفاصيل ترشيح ممثل بشأن بشأن للمشاركة في الدورة السادسة لفريق الخبراء الحكومي؟,"السيد/[anonymized] المحترم/ة,

يتم ترشيح ممثل للمشاركة في بشأن للمشاركة في الدورة السادسة لفريق الخبراء الحكومي: الموضوع: بشأن ترشيح ممثل للمشاركة في الدورة السادسة لفريق الخبراء الحكومي    سعادة محافظ الهيئة العامة للتجارة الخارجية المكلّف  سلمه الله    السلام عليكم ورحمة الله وبركاته    أشير إلى برقية سعادتكم رقم (34676) وتاريخ 1444/10/11هـ، المشار فيها إلى عزم مؤتمر الأمم المتحدة للتجارة والتنمية (الأونكتاد) عقد “الدورة السادسة لفريق الخبراء الحكومي الدولي المعني بالتجارة الإلكترونية والاقتصاد الرقمي” في المدة من (10) إلى (12) مايو 2023م في مدينة جنيف أو عبر الاتصال المرئي، وطلب سعادتكم ترشيح ممثل من هذه الهيئة للمشاركة ضمن وفد المملكة المشارك في الدورة المشار إليها.    عليه، أُفيد سعادتكم بترشيح مدير عام الاستراتيجية والأداء المؤسسي، المهندس/ X، ويمكن التواصل معه عبر الهاتف المتنقل: 0000000000 أو البريد الإلكتروني: [anonymized]    وتقبلوا خالص تحياتي،    م. [anonymized]  محافظ هيئة الحكومة الرقمية

مع التحية، مؤسسة مسك"
ما هي متطلبات تنظيم ندوة حول الذكاء الاصطناعي في قطاع الصحة؟,"السيد/[anonymized] المحترم/ة,

يتطلب تنظيم ندوة حول الذكاء الاصطناعي في قطاع الصحة تقديم طلب رسمي مع الوثائق: معالي وزير الصحة  حفظه الله    السلام عليكم ورحمة الله وبركاته،    نظرًا للدور المتنامي لتقنيات الذكاء الاصطناعي في تطوير قطاع الصحة،  نرفع إلى معاليكم طلبًا للموافقة على تنظيم “ندوة الذكاء الاصطناعي في الرعاية الصحية”،  وتهدف الندوة إلى استعراض أبرز الحلول التقنية التي تسهم في تحسين دقة تشخيص الأمراض، وتطوير خطط العلاج، وتسريع تقديم الخدمات الصحية.    كما ستجمع الندوة نخبة من الخبراء في المجالين الصحي والتقني، لبحث التطبيقات الحديثة الداعمة للقطاع الصحي في المملكة، واستكشاف فرص التكامل بين الجهات ذات العلاقة.    نأمل من معاليكم التكرم بالموافقة والتوجيه بما يلزم لتنظيم الندوة بالتنسيق مع هيئة الحكومة الرقمية.    والسلام عليكم ورحمة الله وبركاته.    م. [anonymized]  محافظ هيئة الحكومة الرقمية

مع التحية، مؤسسة مسك"
ما هي متطلبات اعتماد مشروع تطوير نظام إلكتروني لإدارة الموارد البشرية؟,"السيد/[anonymized] المحترم/ة,

يتطلب اعتماد مشروع تطوير نظام إلكتروني لإدارة الموارد البشرية تقديم طلب رسمي مع الوثائق: معالي وزير الموارد البشرية والتنمية الاجتماعية  حفظه الله    السلام عليكم ورحمة الله وبركاته،    إشارة إلى جهود الوزارة في رفع كفاءة الأداء الحكومي وتحقيق التحول الرقمي في إدارة الموارد البشرية،  تتقدم هيئة الحكومة الرقمية إلى معاليكم بطلب اعتماد مشروع “تطوير نظام إلكتروني لإدارة الموارد البشرية”،  وذلك بهدف أتمتة العمليات الوظيفية، بدءًا من التوظيف، والتدريب، والتطوير، وصولًا إلى تقييم الأداء، والترقيات، والتخطيط للقوى العاملة.    سيسهم المشروع في:   • تحسين تجربة الموظف الحكومي.   • رفع كفاءة إدارة الموارد البشرية عبر أدوات ذكية.   • ضمان التكامل بين الجهات من خلال بنية رقمية موحدة.    نأمل من معاليكم التكرم بالموافقة على المشروع، والتوجيه بما يلزم لبدء تنفيذه بالتنسيق مع الهيئة.    وتفضلوا بقبول خالص التحية والتقدير.    م. [anonymized]  محافظ هيئة الحكومة الرقمية

مع التحية، مؤسسة مسك"
ما هي تفاصيل ترشيح ممثل بشأن ترشيح خبير للمشاركة في منصة توحيد العقود الحكومية؟,"السيد/[anonymized] المحترم/ة,

يتم ترشيح ممثل للمشاركة في ترشيح خبير للمشاركة في منصة توحيد العقود الحكومية: معالي رئيس الهيئة العامة للمنافسة  حفظه الله    السلام عليكم ورحمة الله وبركاته،    إشارة إلى طلب معاليكم بشأن ترشيح خبير تقني للمشاركة في تطوير منصة موحدة للعقود الحكومية لضمان الشفافية والتنافسية.    أود إفادة معاليكم بأن الهيئة ترشح الأستاذ/ [anonymized]، مستشار السياسات الرقمية، لما له من خبرة عملية في بناء أنظمة تعاقدية تعتمد على معايير موحدة وآليات تقييم رقمية.    وللتنسيق يمكن التواصل معه عبر الهاتف المتنقل ([anonymized]) أو البريد الإلكتروني ([anonymized]).    والسلام عليكم ورحمة الله وبركاته.

مع التحية، مؤسسة مسك"
ما هي تفاصيل ترشيح ممثل بشأن للمشاركة في تطوير قاعدة بيانات إلكترونية للمنظمات غير الربحية؟,"السيد/[anonymized] المحترم/ة,

يتم ترشيح ممثل للمشاركة في للمشاركة في تطوير قاعدة بيانات إلكترونية للمنظمات غير الربحية: سعادة المدير العام للمركز الوطني لتنمية القطاع غير الربحي  سلّمه الله    السلام عليكم ورحمة الله وبركاته،    إشارة إلى خطاب سعادتكم رقم (???) وتاريخ ??/?/????هـ، بشأن تشكيل فريق تنسيقي لتطوير قاعدة بيانات إلكترونية للمنظمات غير الربحية.    أود إفادة سعادتكم بأن الهيئة ترشح الأستاذ/ [anonymized]، مدير إدارة الحلول الرقمية، لتمثيل الهيئة في هذا الفريق، لما له من خبرة سابقة في تصميم قواعد البيانات التفاعلية للجهات غير الربحية.    وللتنسيق في هذا الشأن، يمكن التواصل معه عبر الهاتف المتنقل ([anonymized]) أو البريد الإلكتروني ([anonymized]).    والسلام عليكم ورحمة الله وبركاته.

مع التحية، مؤسسة مسك"
ما هي تفاصيل الإفادة بشأن حجز نطاق واستضافة خدمة “خطوة” في المنصة الوطنية للخدمات الحكومية؟,"السيد/[anonymized] المحترم/ة,

توفر الإفادة معلومات حول حجز نطاق واستضافة خدمة “خطوة” في المنصة الوطنية للخدمات الحكومية: سعادة مساعد وزير المالية للشؤون المالية  سلّمه الله    السلام عليكم ورحمة الله وبركاته،    إشارةً إلى خطاب سعادتكم رقم (?????) وتاريخ 1446/9/29هـ، بشأن طلبكم الموافقة على حجز نطاق لخدمة “خطوة”، واستضافة الخدمة عبر المنصة الوطنية للخدمات الحكومية (khutwa.eserve.gov.sa)، والتي تأتي ضمن تعاون وزارة المالية مع المركز الوطني لنظم الموارد الحكومية لأتمتة إجراءات نقل ملكية السيارات لكبار مسؤولي الدولة.    أود إفادة سعادتكم بأنه بعد مراجعة تفاصيل الخدمة والتحقق منها؛ فإن الهيئة ترى مناسبة أن تكون الخدمة ضمن المنصة القطاعية الموحدة للقطاع المالي والاقتصادي “اعتماد”، وذلك تحقيقًا لتوجهات برنامج الحكومة الشاملة، وتيسيرًا لرحلة المستفيد.    وفي حال وجود أي استفسارات، يمكن للمختصين لديكم التواصل مع الأستاذة/ [anonymized] عبر الهاتف المتنقل ([anonymized]) أو عبر البريد الإلكتروني ([anonymized]).    والسلام عليكم ورحمة الله وبركاته.    م. [anonymized]  محافظ هيئة الحكومة الرقمية

مع التحية، مؤسسة مسك"
ما هي تفاصيل تمديد أعمال لجنة تفعيل الهيكل التنظيمي؟,"السيد/[anonymized] المحترم/ة,

قرار إداري رقم (?) وتاريخ ????/?/??هـ    الموضوع: تمديد أعمال لجنة تفعيل الهيكل التنظيمي    إنَّ محافظ هيئة الحكومة الرقمية، وبناءً على الصلاحيات الممنوحة له نظامًا،  وبعد الاطلاع على قرار مجلس الوزراء رقم (???) وتاريخ ????/?/??هـ، الصادر بتنظيم هيئة الحكومة الرقمية،  وبعد الاطلاع على القرار الإداري رقم (??) وتاريخ ????/?/??هـ، القاضي بتشكيل لجنة تفعيل الهيكل التنظيمي،  وبعد الاطلاع على القرار الإداري رقم (??) وتاريخ ????/?/??هـ، القاضي بتمديد أعمال لجنة تفعيل الهيكل التنظيمي،  ولما تقتضيه مصلحة العمل وحسن سيره وانتظامه،    يُقرر ما يأتي:    أولًا: تمديد أعمال لجنة تفعيل الهيكل التنظيمي لمدة (أربعة) أشهر إضافية بدءًا من تاريخ ????/??/??هـ.    ثانيًا: يُلغي هذا القرار ما يتعارض معه من قرارات سابقة.    ثالثًا: يُعمل بهذا القرار من تاريخه، ويُبلَّغ من يلزم لإنفاذه.    والله الموفق.    م. [anonymized]  محافظ هيئة الحكومة الرقمية

مع التحية، مؤسسة مسك"
كيف يتم التعبير عن الشكر بشأن لمشاركة وزارة التعليم في مؤتمر جارتنر لتقنية المعلومات؟,"السيد/[anonymized] المحترم/ة,

يتم التعبير عن الشكر عبر خطاب رسمي يُشيد بالإنجازات: الموضوع: مشاركة السعودية الرقمية في مؤتمر جارتنر لتقنية المعلومات (2023)    معالي وزير التعليم  حفظه الله    السلام عليكم ورحمة الله وبركاته    أشير إلى مشاركة السعودية الرقمية في مؤتمر جارتنر لتقنية المعلومات (2023)، المُقام في مدينة برشلونة – إسبانيا، خلال المدة من 6 إلى 9 نوفمبر 2023م،  والذي يهدف إلى مشاركة الخبرات والفرص العالمية، وبحث سبل التطوير والتوجهات المستقبلية للتقنيات الحديثة، وأفضل الممارسات لاستراتيجيات تقنية المعلومات.    وقد أسهمت مشاركة وزارة التعليم ضمن جناح السعودية الرقمية في إظهار المستوى المتقدم للحكومة الرقمية في المملكة، وذلك من خلال استعراض رحلة التسجيل الإلكتروني للطلاب.    يسرني أن أهنئ معاليكم بنجاح الوفد السعودي المشارك، وأشكر معاليكم ولممثلكم الدكتور/ X، على الدعم والمشاركة المميزة في المؤتمر.    وتفضلوا معاليكم بقبول خالص تحياتي.  [anonymized]  وزير الاتصالات وتقنية المعلومات  رئيس مجلس إدارة هيئة الحكومة الرقمية

مع التحية، مؤسسة مسك"
ما هي متطلبات استثناء من تطبيق معيار دمج المنصات الإلكترونية المرتبطة بتقديم الخدمات؟,"السيد/[anonymized] المحترم/ة,

يتطلب استثناء من تطبيق معيار دمج المنصات الإلكترونية المرتبطة بتقديم الخدمات تقديم طلب رسمي مع الوثائق: معالي محافظ هيئة الحكومة الرقمية    السلام عليكم ورحمة الله وبركاته،      إشارة إلى وثيقة المعايير الأساسية للتحول الرقمي الصادرة بتاريخ 12 مارس 2023م، وإلى المعيار رقم (5.3.1) والمعيار (5.3.2) من معايير التحول الرقمي المتعلقين بتوحيد ودمج المنصات الخاصة بالجهات الحكومية والقطاعات والانطلاقات التي تعتمد عليها أو تتكامل تقنيًا معها،      نفيد معاليكم بأنه في إطار تعزيز كفاءة الواقع الإلكتروني الحكومي، وحرصكم الدائم على تطويرها بما يسهم في تحسين جودة الخدمات الرقمية، نفيدكم بأن الأمانة العامة للجان الفصل في منازعات الأوراق المالية لديها منصة رقمية مستقلة باسم ""الأمانة العامة للجان الفصل في منازعات الأوراق المالية"" (crsd.org.sa)، ترتبط قضائيًا بموضوع قضايا الفصل في المنازعات والأحكام القضائية،      ونظرًا للطبيعة الخاصة للمهام، فإن دمج نطاق الموقع الإلكتروني للأمانة ضمن النطاق المؤسسي لهيئة السوق المالية يؤثر على مستوى الاستقلالية التي تتمتع بها الأمانة عند أداء مهامها،      وبناءً عليه، نأمل من معاليكم التكرم بالنظر في استثناء نطاق الأمانة العامة للجان الفصل في منازعات الأوراق المالية من متطلبات المعيار المشار إليه، وذلك لاعتبارات خصوصيتها واستقلاليتها.      وتفضلوا بقبول فائق الاحترام والتقدير،      [anonymized]    رئيس مجلس هيئة السوق المالية    (عن/ [anonymized] – نائب الرئيس)

مع التحية، مؤسسة مسك"
ما هي متطلبات التعاون في مشروع تطوير مؤشرات التحول الرقمي في المرافق الخدمية؟,"السيد/[anonymized] المحترم/ة,

يتطلب التعاون في مشروع تطوير مؤشرات التحول الرقمي في المرافق الخدمية تقديم طلب رسمي مع الوثائق: معالي وزير البيئة والمياه والزراعة  حفظه الله    السلام عليكم ورحمة الله وبركاته،    إشارة إلى خطاب معاليكم رقم (????) وتاريخ ??/??/????هـ، بشأن مشروع تطوير مؤشرات التحول الرقمي في المرافق الخدمية التابعة للوزارة.    أود إفادة معاليكم بأن الهيئة ترحب بهذا التعاون، وتقترح تشكيل فريق عمل مشترك لمواءمة المؤشرات مع المعايير الوطنية للتحول الرقمي، وضمان انسجامها مع إستراتيجية الحكومة الرقمية.    آمل من معاليكم التفضل بتسمية نقطة اتصال من الوزارة للتنسيق بشأن تشكيل الفريق ومهامه، وللتنسيق يمكن التواصل مع الأستاذ/ [anonymized]، بالهاتف المتنقل ([anonymized]) أو البريد الإلكتروني ([anonymized]).    والسلام عليكم ورحمة الله وبركاته.

مع التحية، مؤسسة مسك"
ما هي إجراءات تنسيق بشأن تأهيل الكفاءات النسائية في التحول الرقمي؟,"السيد/[anonymized] المحترم/ة,

يتطلب تنسيق بشأن تأهيل الكفاءات النسائية في التحول الرقمي التواصل مع الجهات: سعادة رئيسة جامعة الأميرة نورة بنت عبدالرحمن  سلّمها الله    السلام عليكم ورحمة الله وبركاته،    إشارة إلى التعاون القائم بين الهيئة والجامعة في مجالات الابتكار والتقنية وتمكين المرأة في القطاع الحكومي.    أود إفادة سعادتكم بأن الهيئة بصدد إطلاق “برنامج القيادات النسائية الرقمية”، المخصص لتأهيل الكفاءات النسائية في الجهات الحكومية بمجالات التحول الرقمي والحوكمة التقنية.    آمل من سعادتكم التكرم بتسمية من ترونها مناسبة من قيادات الجامعة للمشاركة في البرنامج.    والسلام عليكم ورحمة الله وبركاته.

مع التحية، مؤسسة مسك"
ما هي متطلبات دعم لإطلاق برنامج التدريب المهني في قطاع الطاقة؟,"السيد/[anonymized] المحترم/ة,

يتطلب دعم لإطلاق برنامج التدريب المهني في قطاع الطاقة تقديم طلب رسمي مع الوثائق: معالي وزير الطاقة حفظه الله    السلام عليكم ورحمة الله وبركاته،    انطلاقًا من جهود وزارة الطاقة في دعم وتنمية الكفاءات الوطنية في مجالات الطاقة المتجددة،  يسرنا رفع طلب لدعم إطلاق ""برنامج التدريب المهني لقطاع الطاقة""،  والذي يهدف إلى تدريب وتأهيل الكوادر الوطنية على تقنيات الطاقة النظيفة وكفاءة الطاقة، وتعزيز قدراتهم الفنية للمشاركة بفعالية في مشاريع الطاقة المستقبلية بالمملكة.    نأمل من معاليكم التكرم بالموافقة على دعم تنفيذ البرنامج، والتوجيه بما يلزم للتنسيق مع المؤسسات الأكاديمية والمهنية ذات العلاقة.    والسلام عليكم ورحمة الله وبركاته.

مع التحية، مؤسسة مسك"
ما هي مستجدات بلاغ / متابعة صيانة؟,"السيد/[anonymized] المحترم/ة,

توفر الإحاطة تحديثات حول بلاغ / متابعة صيانة: الموضوع: تسرب للمياه من الشبكة العامة مقابل البوابة الرئيسة لمقر هيئة الحكومة الرقمية    سعادة الرئيس التنفيذي لشركة المياه الوطنية  حفظه الله    السلام عليكم ورحمة الله وبركاته    إشارة إلى سلسلة البلاغات المرفوعة إلى شركة المياه الوطنية ذات الأرقام:  (0363942159، 0775520010، 8729152463، 3537411808، 3138733526، 4550121435)، والمتعلقة بتسرب المياه من الشبكة العامة مقابل البوابة الرئيسية لمقر هيئة الحكومة الرقمية الواقع في حي المرسلات، على طريق هشام بن عبدالملك (مقر وزارة الاتصالات وتقنية المعلومات سابقًا).    أفيد سعادتكم أن التسرب قد تم التعامل معه مؤقتًا من قبل فرق الصيانة في السنتين الماضيتين، لكن المشكلة تتجدد بعد فترات وجيزة لا تتجاوز أسبوعًا،  ويؤكد ذلك البلاغ الأخير رقم (4550121435) بتاريخ 2023/12/26م، والبلاغ السابق رقم (9982210646) بتاريخ 2023/11/30م.    عليه، ونظرًا لأهمية الموضوع، وحرصًا على الحفاظ على الموارد المائية والمظهر العام للمرافق الحكومية، آمل من سعادتكم التكرم بالإيعاز لمن يلزم بمعالجة الأسباب المؤدية للتسرب، وإيجاد حلول دائمة تمنع تكرار المشكلة.    وتقبلوا خالص تحياتي.  [anonymized]  نائب المحافظ للخدمات المشتركة

مع التحية، مؤسسة مسك"
ما هي مستجدات التقدم في مشروع أتمتة الشكاوى البيئية؟,"السيد/[anonymized] المحترم/ة,

توفر الإحاطة تحديثات حول التقدم في مشروع أتمتة الشكاوى البيئية: معالي وزير البيئة والمياه والزراعة  حفظه الله    السلام عليكم ورحمة الله وبركاته،  إشارة إلى خطاب معاليكم رقم (????) وتاريخ ??/?/????هـ، بشأن مشروع أتمتة الشكاوى البيئية،  أود إحاطة معاليكم بأن الهيئة أنجزت التصميم الفني الأولي للنظام الموحد، وتم إجراء اختبار تجريبي بالتعاون مع ثلاث أمانات، وجارٍ التحضير للربط الكامل.  آمل من معاليكم التفضل بدعم الفرق الفنية لاستكمال مراحل التكامل الفني مع المنصات البيئية المحلية.  والسلام عليكم ورحمة الله وبركاته.

مع التحية، مؤسسة مسك"
ما هي إجراءات تنسيق ترشيح ممثل لمتابعة بعض الفرص والإمكانات لمبادرة السعودية الخضراء؟,"السيد/[anonymized] المحترم/ة,

يتطلب تنسيق ترشيح ممثل لمتابعة بعض الفرص والإمكانات لمبادرة السعودية الخضراء التواصل مع الجهات: صاحب السمو الملكي وزير الطاقة  حفظه الله    السلام عليكم ورحمة الله وبركاته،    إشارة إلى برقية معالي رئيس الديوان الملكي رقم (????) وتاريخ ????/?/??هـ، المشار فيها إلى كتاب أمانة اللجنة العليا السعودية الخضراء رقم (??) وتاريخ ????/?/?هـ، المشار فيه إلى التطوير المستمر الذي تشهده مبادرة السعودية الخضراء، ومطالبة بالإجازة إلى عدد من الجهات بتسمية نقاط اتصال لمناقشة بعض الفرص والإمكانات وفق التوجيه الكريم؛ لإكمال الالتزام من الجهات المعنية كل فيما يخصه.    أود إفادة سموكم الكريم بأن الهيئة يسعدها تسميه ممثل لمتابعة فرص الاستفادة من المنتجات الرقمية لدى الجهات الحكومية والإمكانات المتوفرة لديها في سبيل دعم تحقيق مستهدفات مبادرة السعودية الخضراء، بحسب التوجيه المذكور في البيان المرفق بالبرقية المشار إليها آنفًا.    ويمكن للمختصين لديكم التفضل بالتواصل مع الأستاذ/ [anonymized]، على الهاتف المتنقل (???[anonymized]) أو البريد الإلكتروني ([anonymized]).    والسلام عليكم ورحمة الله وبركاته.    م. [anonymized]  محافظ هيئة الحكومة الرقمية

مع التحية، مؤسسة مسك"
ما هي متطلبات التنسيق لبناء نموذج تشغيلي موحد للمؤشرات الإحصائية؟,"السيد/[anonymized] المحترم/ة,

يتطلب التنسيق لبناء نموذج تشغيلي موحد للمؤشرات الإحصائية تقديم طلب رسمي مع الوثائق: معالي رئيس الهيئة العامة للإحصاء  حفظه الله    السلام عليكم ورحمة الله وبركاته،    إشارة إلى خطاب معاليكم رقم (????) وتاريخ ??/?/????هـ، بشأن تطوير منصة موحدة للمؤشرات الإحصائية الحكومية، أود إفادة معاليكم بأن الهيئة ترى أهمية التكامل مع منظومة “منصة قياس” التابعة لها، بما يضمن عدم تكرار البيانات، وتحقيق الربط بين مؤشرات الأداء الرقمي والمؤشرات الإحصائية الوطنية.    عليه، آمل من معاليكم التفضل بتوجيه الفريق التقني لديكم للتنسيق مع الهيئة لبناء نموذج تشغيلي موحد يجمع بيانات مؤشرات الأداء مع المنصات التحليلية ذات العلاقة.  وللتنسيق في هذا الشأن أو الحصول على مزيد من المعلومات، يمكن التواصل مع الأستاذ/ [anonymized]، بالهاتف المتنقل ([anonymized]) أو البريد الإلكتروني ([anonymized]).    والسلام عليكم ورحمة الله وبركاته.

مع التحية، مؤسسة مسك"
ما هي متطلبات اختبار خطة استمرارية الأعمال ومركز البيانات الاحتياطي لمنصة “صحة”؟,"السيد/[anonymized] المحترم/ة,

يتطلب اختبار خطة استمرارية الأعمال ومركز البيانات الاحتياطي لمنصة “صحة” تقديم طلب رسمي مع الوثائق: معالي وزير الصحة  حفظه الله    السلام عليكم ورحمة الله وبركاته،    أُشير إلى تعميم هيئة الحكومة الرقمية رقم (1878) وتاريخ 24/9/1443هـ، بشأن معايير استمرارية الأعمال، واستنادًا إلى وثيقة المعايير الأساسية للتحول الرقمي الصادرة من الهيئة.    وانطلاقًا من دور الهيئة في دعم الجهات الحكومية والتأكد من ضمان استمرارية الخدمات الحكومية الرقمية وتوافرها، وسعيًا إلى توحيد الجهود وتعزيز الشراكة بين الهيئة والجهات الحكومية.    ونظرًا لما تقدمه وزارتكم من خدمات رقمية مهمة وحساسة، آمل تفضل معاليكم بالاطلاع وتكليف الفريق المختص بالتنسيق مع الهيئة لجدولة زيارات ميدانية للمشاركة في اختبارات خطط استمرارية الأعمال ومراكز البيانات الاحتياطية لمنصة “صحة”.    ويمكن للمختصين في وزارتكم التواصل مع المهندس/ [anonymized] على الجوال: ([anonymized])، أو عبر البريد الإلكتروني: [anonymized].    والسلام عليكم ورحمة الله وبركاته.    [anonymized]  وزير الاتصالات وتقنية المعلومات  رئيس مجلس إدارة هيئة الحكومة الرقمية

مع التحية، مؤسسة مسك"
ما هي تفاصيل الدعوة لحضور ورشة إعداد خارطة الخدمات الرقمية؟,"السيد/[anonymized] المحترم/ة,

يتم إرسال دعوة رسمية لحضور ورشة إعداد خارطة الخدمات الرقمية: سعادة مدير عام مركز دعم اتخاذ القرار سلّمه الله  السلام عليكم ورحمة الله وبركاته،  إشارة إلى التعاون القائم بين الهيئة ومركزكم الموقر في إعداد خارطة الخدمات الرقمية على مستوى الجهات الحكومية.  يسرنا دعوتكم للمشاركة في ورشة العمل التفاعلية التي تنظمها الهيئة يوم الثلاثاء ??/??/????هـ بمدينة الرياض، بحضور ممثلي الجهات ذات العلاقة، بهدف مراجعة مصفوفة الخدمات وتصنيفها حسب الأولوية والأثر.  وللتنسيق يمكن التواصل مع الأستاذ/ [anonymized]، بالهاتف المتنقل ([anonymized]) أو البريد الإلكتروني ([anonymized]).  والسلام عليكم ورحمة الله وبركاته.

مع التحية، مؤسسة مسك"
ما هي إجراءات تنفيذ التعميم بشأن اعتماد إجازة الطلاب للتخفيف من الاختناق المروري؟,"السيد/[anonymized] المحترم/ة,

يتم تنفيذ التعميم عبر إبلاغ الجهات المعنية: صاحب المعالي وزير التعليم حفظه الله    السلام عليكم ورحمة الله وبركاته    حيث صدر الأمر السامي رقم ???? وتاريخ ????/?/??هـ بالموافقة على توصيات اللجنة العليا للإعداد للقمة الرابعة للدول العربية ودول أمريكا الجنوبية والتي ستعقد في الرياض يومي ?? و ????/?/??هـ ومن بينها التوصية رقم (?) بأن يكون يوم الثلاثاء الموافق ????/?/??هـ إجازة لجميع الطلاب بمدينة الرياض وذلك لتخفيف الاختناق المروري.    وبناء على التوجيه الكريم، أمل إكمال اللازم.. وتقبلوا تحياتي وتقديري.

مع التحية، مؤسسة مسك"
ما هي تفاصيل الإفادة بشأن استثناء مستشفى الملك فيصل التخصصي ومركز الأبحاث من المشاركة في قياس التحول الرقمي (2025في قياس التحول الرقمي (2025م)؟,"السيد/[anonymized] المحترم/ة,

توفر الإفادة معلومات حول استثناء مستشفى الملك فيصل التخصصي ومركز الأبحاث من المشاركة في قياس التحول الرقمي (2025في قياس التحول الرقمي (2025م): معالي الرئيس التنفيذي  مستشفى الملك فيصل التخصصي ومركز الأبحاث  حفظه الله    السلام عليكم ورحمة الله وبركاته،    إشارةً إلى برقيتكم رقم (??/????/????) وتاريخ 1446/10/17هـ، المتضمّنة رغبة مستشفى الملك فيصل التخصصي ومركز الأبحاث في سحب ترشيح المستشفى من المشاركة في “قياس التحول الرقمي 2025م”، نظرًا لما يمرّ به المستشفى هذا العام من إعادة ترتيب الإجراءات والمعايير والمؤشرات ضمن رحلة التحول المؤسسي.    أفيد معاليكم بأن الهيئة قامت بدراسة الموضوع من قبل المختصين، وفقًا لمعايير الاستثناء المعتمدة للجهات الحكومية المشمولة في دورة قياس 2025م.    وعليه؛ نود إفادتكم بأن المستشفى لن يكون مشمولًا ضمن دورة قياس هذا العام، على أن يتم تضمينه -بإذن الله- في دورة العام القادم 2026م.    وفي حال وجود أي استفسارات في هذا الشأن، يمكن للمختصين في جهتكم التواصل مع فريق “قياس” عبر الجوال: ([anonymized])، أو البريد الإلكتروني: [anonymized]    والسلام عليكم ورحمة الله وبركاته.    م. [anonymized]  محافظ هيئة الحكومة الرقمية

مع التحية، مؤسسة مسك"
ما هي تفاصيل الإفادة بشأن مستجدات تكامل الأنظمة مع السحابة الحكومية؟,"السيد/[anonymized] المحترم/ة,

توفر الإفادة معلومات حول مستجدات تكامل الأنظمة مع السحابة الحكومية: معالي وزير الاتصالات وتقنية المعلومات  حفظه الله    السلام عليكم ورحمة الله وبركاته،  إشارة إلى خطاب معاليكم رقم (????) وتاريخ ??/??/????هـ، بشأن مستجدات تكامل الأنظمة مع السحابة الحكومية،  أود إفادة معاليكم بأن الهيئة قد أنجزت الربط الفني مع السحابة الحكومية الموحدة لما يزيد عن ?? جهة، ويجري حاليًا تقييم الأثر التحويلي لتكامل هذه الأنظمة على الأداء المؤسسي والخدمات الرقمية.  آمل من معاليكم التفضل بتوجيه الجهات التابعة لكم بسرعة استكمال الربط وتحديث بيانات الاستضافة وفق السياسات التقنية المعتمدة.  والسلام عليكم ورحمة الله وبركاته.

مع التحية، مؤسسة مسك"
ما هي إجراءات تنسيق تفعيل الاحتفاء باليوم العالمي للغة العربية؟,"السيد/[anonymized] المحترم/ة,

يتطلب تنسيق تفعيل الاحتفاء باليوم العالمي للغة العربية التواصل مع الجهات: سعادة الرئيس التنفيذي لهيئة الأدب والنشر والترجمة  سلمه الله    السلام عليكم ورحمة الله وبركاته،    إشارة إلى التعاون القائم والمستمر بين هيئة الحكومة الرقمية وهيئتكم الموقرة،  وإلى ما تم بشأن تنسيق الاحتفاء باليوم العالمي للغة العربية الذي يصادف يوم 18 ديسمبر من كل عام.    فإن هيئة الحكومة الرقمية تعتز بمكانة اللغة العربية وتحرص على دعم مبادرات تعزيز حضورها في البيئة الرقمية، وتفعيل دورها في المحتوى والخدمات الحكومية الرقمية، بما يعكس عمقها الثقافي ويواكب التوجهات الحديثة في التقنية والاتصال.    عليه، نأمل من سعادتكم التكرم بالتنسيق مع فريق هيئة الحكومة الرقمية فيما يتصل بالفعاليات أو الحملات الإعلامية المزمع تنفيذها بهذه المناسبة، بما يسهم في تعزيز التكامل بين الجهات ويُبرز جهود المملكة في خدمة اللغة العربية في الفضاء الرقمي.    ويمكن للمختصين لديكم التواصل مع الأستاذ/ X عبر:   • الهاتف المتنقل: 0000000000   • البريد الإلكتروني: [anonymized]    وتفضلوا بقبول خالص التحية والتقدير.  م. [anonymized]  محافظ هيئة الحكومة الرقمية

مع التحية، مؤسسة مسك"
ما هي تفاصيل الإفادة بشأن طلب استثناء مركز تنمية الإيرادات غير النفطية من المشاركة في دورة قياس التحول الرقمي للعام 2025دورة قياس التحول الرقمي للعام 2025م؟,"السيد/[anonymized] المحترم/ة,

توفر الإفادة معلومات حول طلب استثناء مركز تنمية الإيرادات غير النفطية من المشاركة في دورة قياس التحول الرقمي للعام 2025دورة قياس التحول الرقمي للعام 2025م: سعادة الرئيس التنفيذي لمركز تنمية الإيرادات غير النفطية المكلّف  سلّمه الله    السلام عليكم ورحمة الله وبركاته،    إشارةً إلى خطاب سعادتكم رقم (?????) وتاريخ 1446/9/25هـ، المتضمّن إفادتكم بأنّ المركز يمرّ بمرحلة انتقالية ويعمل على مشروع إعادة هيكلة إستراتيجيات التحول الرقمي وتطويرها، وطلبكم استثناء المركز من دورة “قياس التحول الرقمي للعام 2025م” بناءً على المسوغات الواردة في خطابكم المشار إليه.    أفيد سعادتكم بأنّ تنظيم هيئة الحكومة الرقمية الصادر بقرار مجلس الوزراء رقم (418) وتاريخ 1442/7/25هـ، نصّ في مادته الرابعة على أن الهيئة تتولى إصدار القياسات والمؤشرات والتقارير المتعلقة بقياس أداء الجهات الحكومية وقدراتها في مجال الحكومة الرقمية، ورضا المستفيد عنها، إضافةً إلى متابعة التزام الجهات الحكومية بالقرارات والأوامر الصادرة في شأن التعاملات الحكومية الرقمية.    وبناءً عليه، فإنّ معايير ترشيح الجهات الحكومية للانضمام إلى دورة “قياس التحول الرقمي 2025م” تنطبق على مركز تنمية الإيرادات غير النفطية. ويُشار إلى أنّ الجهات التي تشارك للمرة الأولى في القياس لا تُضمّن في التقرير الرفع للمقام السامي أو المنشورات الإعلامية إلا بعد مضي دورة سنوية كاملة، مما يمنحكم فرصة الاستفادة من التوصيات والتحسينات الواردة في تقرير القياس.    ولا يخفى على سعادتكم أهمية هذا القياس في تسريع التحول الرقمي وتعزيز موقع المملكة في المؤشرات الدولية ذات العلاقة، خاصة وأنّ للمركز دورًا محوريًا في دعم التحول الرقمي في مجال تنمية الإيرادات غير النفطية. وبناء عليه؛ يرى المختصون في الهيئة مناسبة مشاركة المركز في دورة القياس للعام 2025م.    وفي حال وجود أي استفسارات، يمكن التواصل مع فريق “قياس” عبر الهاتف المتنقل ([anonymized]) أو البريد الإلكتروني: [anonymized]    والسلام عليكم ورحمة الله وبركاته.    م. [anonymized]  محافظ هيئة الحكومة الرقمية

مع التحية، مؤسسة مسك"
ما هي متطلبات بشأن تسريع تكامل منصات الإنقاذ والخدمات الطارئة؟,"السيد/[anonymized] المحترم/ة,

يتطلب بشأن تسريع تكامل منصات الإنقاذ والخدمات الطارئة تقديم طلب رسمي مع الوثائق: معالي الفريق [anonymized]  مدير عام الدفاع المدني  حفظه الله    السلام عليكم ورحمة الله وبركاته،  إشارة إلى ما تم الاتفاق عليه في ورشة العمل المشتركة بشأن تكامل المنصات الرقمية المعنية بالخدمات الطارئة،  نأمل من معاليكم التفضل بتكليف الفريق التقني المختص باستكمال الربط مع منصة البلاغات الموحدة، بما يضمن سرعة تمرير البيانات وتعزيز الاستجابة الرقمية.  وللتنسيق يمكن التواصل مع الأستاذ/ [anonymized] عبر البريد الإلكتروني ([anonymized]).  والسلام عليكم ورحمة الله وبركاته.

مع التحية، مؤسسة مسك"
ما هي تفاصيل ترشيح ممثل بشأن طلب تسمية ضابط اتصال للتنسيق بشأن مشروع رؤية استضافة كأس العالم (2034م) وخارطة الطريق؟,"السيد/[anonymized] المحترم/ة,

يتم ترشيح ممثل للمشاركة في طلب تسمية ضابط اتصال للتنسيق بشأن مشروع رؤية استضافة كأس العالم (2034م) وخارطة الطريق: معالي رئيس اللجنة التنفيذية للهيئة العليا لاستضافة كأس العالم (2034م)  حفظه الله    السلام عليكم ورحمة الله وبركاته،    إشارةً إلى برقية معاليكم رقم (19-1446-2-334) وتاريخ 1446/10/12هـ، المُشار فيها إلى قرار مجلس الوزراء رقم (382) وتاريخ 1446/4/26هـ، بشأن تأسيس الهيئة العليا لاستضافة كأس العالم (2034م)، وحيث يجري العمل على إعداد مشروع ""رؤية استضافة كأس العالم (2034م) وخارطة الطريق""، المتصلة بما يتعلق بدراسة الوضع الراهن والخطط المستقبلية، والمواءمة مع الإستراتيجيات الوطنية والقطاعية والمناطقية ذات العلاقة باستضافة المملكة للبطولة، وطلبكم تسمية ممثل من هيئة الحكومة الرقمية للمشاركة في ورشة العمل المُشار إليها.    أودّ إفادة معاليكم بأنّ ممثّل هذه الهيئة للمشاركة في هذا الشأن هي الأستاذة/ [anonymized]، ويمكن للمختصين لدى جهتكم الموقرة التواصل معها عبر الهاتف المتنقل ([anonymized]) أو عبر البريد الإلكتروني ([anonymized]).    والسلام عليكم ورحمة الله وبركاته.    م. [anonymized]  محافظ هيئة الحكومة الرقمية

مع التحية، مؤسسة مسك"
ما هي متطلبات تنظيم ورشة عمل حول الابتكار في الخدمات الحكومية؟,"السيد/[anonymized] المحترم/ة,

يتطلب تنظيم ورشة عمل حول الابتكار في الخدمات الحكومية تقديم طلب رسمي مع الوثائق: معالي وزير الاقتصاد والتخطيط  حفظه الله    السلام عليكم ورحمة الله وبركاته،    يسر هيئة الحكومة الرقمية التقدم إلى معاليكم بطلب الموافقة على تنظيم ورشة عمل بعنوان “الابتكار في الخدمات الحكومية”،  وذلك ضمن جهود الوزارة لتعزيز الكفاءة التشغيلية، وتحقيق الاستدامة في القطاع الحكومي من خلال تبني نماذج عمل جديدة تعتمد على الحلول الرقمية والتقنيات المبتكرة.    تهدف الورشة إلى جمع ممثلي الجهات الحكومية والخبراء المتخصصين لمناقشة أفضل الممارسات في تطوير الخدمات العامة، وتحفيز التفكير الابتكاري في تقديم الخدمات للمستفيدين.    نأمل من معاليكم التكرم بالموافقة والتوجيه بما يلزم للتنسيق مع الجهات ذات العلاقة.    والسلام عليكم ورحمة الله وبركاته.    م. [anonymized]  محافظ هيئة الحكومة الرقمية

مع التحية، مؤسسة مسك"
كيف يتم التعبير عن الشكر بشأن  إشادة بجهود جمعية سقيا الماء وتقرير برنامج سقيا الحاج لعام 1443سقيا الحاج لعام 1443هـ؟,"السيد/[anonymized] المحترم/ة,

يتم التعبير عن الشكر عبر خطاب رسمي يُشيد بالإنجازات: سعادة رئيس مجلس إدارة جمعية سقيا الماء بمنطقة مكة المكرمة  سلمه الله    السلام عليكم ورحمة الله وبركاته،    إشارةً إلى خطاب سعادتكم رقم (88/خ/2023) وتاريخ 1444/6/20هـ، المرفق به تقرير منجزات سقيا الماء بمنطقة مكة المكرمة لعام 2021م، وتقرير برنامج سقيا الحاج لعام 1443هـ.    عليه، فإن وزارة الحج والعمرة تثمن لسعادتكم ولكافة منسوبي الجمعية هذه الجهود المتميزة في سقيا الماء، والتوعية بترشيد استهلاكه، وتنمية مصادره، والتعاون مع القطاعات المختلفة لخدمة ضيوف الرحمن، وعلى ما نفذتم من برامج ومشاريع ساهمت في تحقيق مهام الجمعية وأهدافها لخدمة الوطن والمجتمع، في إطار رؤية المملكة 2030.    بارك الله في أعمالكم، وسدد على طريق الخير خطاكم.  وتفضلوا بقبول فائق التحية والتقدير.    وزير الحج والعمرة

مع التحية، مؤسسة مسك"
ما هي تفاصيل الدعوة لحضور منتدى “مستقبل الحكومة الرقمية”؟,"السيد/[anonymized] المحترم/ة,

يتم إرسال دعوة رسمية لحضور منتدى “مستقبل الحكومة الرقمية”: معالي وزير الاقتصاد والتخطيط  حفظه الله    السلام عليكم ورحمة الله وبركاته،    إشارة إلى خطاب معاليكم رقم (????) وتاريخ ??/?/????هـ، بشأن التعاون المشترك في قياس مؤشرات الأداء الرقمي، أود إفادة معاليكم بأن الهيئة تنظم المنتدى السنوي “مستقبل الحكومة الرقمية” خلال الأسبوع الأول من شهر محرم القادم، برعاية معالي وزير الاتصالات وتقنية المعلومات، وسيُسلّط الضوء خلال المنتدى على تجارب الدول الرائدة في التكامل الرقمي، وتعزيز دور البيانات في اتخاذ القرار الحكومي.    عليه، آمل من معاليكم التفضل بالمشاركة في أعمال المنتدى، وتوجيه المختصين لديكم بالمشاركة في الجلسة المخصصة لمؤشرات الحوكمة الرقمية.  وللتنسيق في هذا الشأن أو الحصول على مزيد من التفاصيل، يمكن التواصل مع الأستاذ/ [anonymized]، بالهاتف المتنقل ([anonymized]) أو البريد الإلكتروني ([anonymized]).    والسلام عليكم ورحمة الله وبركاته.

مع التحية، مؤسسة مسك"
ما هي تفاصيل الإفادة بشأن رد على تقرير مؤشر كفاءة المواقع الإلكترونية والمحتوى الرقمي للعام 2024؟,"السيد/[anonymized] المحترم/ة,

توفر الإفادة معلومات حول رد على تقرير مؤشر كفاءة المواقع الإلكترونية والمحتوى الرقمي للعام 2024: معالي وزير النقل والخدمات اللوجستية  حفظه الله    السلام عليكم ورحمة الله وبركاته،    إشارة إلى برقية معاليكم رقم (16600/1) وتاريخ 1446/9/24هـ، بشأن تقرير “مؤشر كفاءة المواقع الإلكترونية والمحتوى الرقمي” للعام 2024م، وارتباط التقرير بالموقع الإلكتروني السابق للوزارة، والذي استُبدل بالموقع الإلكتروني الجديد.    يطيب لي بداية أن أشكر لمعاليكم حرصكم وتفاعلكم مع ما ورد في تقرير “مؤشر كفاءة المواقع الإلكترونية والمحتوى الرقمي لعام 2024م”، وما لمسناه من استفادتكم من التوصيات الواردة فيه، والتي أسهمت في تطوير موقعكم الجديد.    وأحيط معاليكم بأن الموقع الإلكتروني الجديد للوزارة سيُضم -بإذن الله- في دورة المؤشر القادمة لعام 2025م، حيث سيُعد له تقرير مستقل يشمل التقييم والتوصيات اللازمة.    وفي حال وجود أي استفسارات، يمكن للمختصين لديكم التواصل مع الأستاذ/ [anonymized] عبر الهاتف المتنقل ([anonymized]) أو البريد الإلكتروني ([anonymized]).    والسلام عليكم ورحمة الله وبركاته.    [anonymized]  وزير الاتصالات وتقنية المعلومات  رئيس مجلس إدارة هيئة الحكومة الرقمية

مع التحية، مؤسسة مسك"
"ما هي تفاصيل الدعوة لحضور ورشة “استشراف مستقبل الدبلوماسية في ظل التحولات الرقمية""؟","السيد/[anonymized] المحترم/ة,

يتم إرسال دعوة رسمية لحضور ورشة “استشراف مستقبل الدبلوماسية في ظل التحولات الرقمية"": معالي محافظ هيئة الحكومة الرقمية  سلمه الله    السلام عليكم ورحمة الله وبركاته،    ينظم معهد الأمير سعود الفيصل للدراسات الدبلوماسية، بالتعاون مع مركز الحوار الإنساني في جنيف، ورشة عمل بعنوان:  “استشراف مستقبل الدبلوماسية السيبرانية: الاستراتيجيات العالمية ودور التقنيات الناشئة في المجال الدبلوماسي”،  وذلك انطلاقًا من أهمية استشراف مستقبل الدبلوماسية في ظل التحولات الرقمية المتسارعة.    تهدف الورشة إلى استكشاف دور الذكاء الاصطناعي في تطوير الممارسات الدبلوماسية، مع التركيز على الأبعاد الاستراتيجية، والتحديات الأخلاقية المرتبطة به، وأهمية الدبلوماسية السيبرانية في حماية البنية التحتية الحيوية.    تعقد الورشة يوم الاثنين 16 ديسمبر 2024م، في مقر المعهد، من الساعة التاسعة صباحًا وحتى الواحدة ظهرًا،  يعقبها مأدبة غداء. علمًا بأن الورشة ستكون باللغة الإنجليزية.    يسرّنا حضور معاليكم أو من ترشحونه، حيث إن مشاركتكم ستثري النقاش وتسهم في تحقيق أهداف الورشة.  وللتأكيد على الحضور، يرجى التسجيل عبر وسائل الاتصال التالية:   • الأستاذ/ [anonymized]   • الهاتف: 0000000000   • البريد الإلكتروني: [anonymized]    نسعد بمشاركتكم ونتطلع إلى حضوركم الكريم، وتقبلوا معاليكم أطيب تحياتي.    مدير عام معهد الأمير سعود الفيصل للدراسات الدبلوماسية

مع التحية، مؤسسة مسك"
ما هي تفاصيل التهنئة بشأن بالثقة الملكية؟,"السيد/[anonymized] المحترم/ة,

يتم تقديم التهنئة عبر خطاب رسمي يُشيد بالإنجازات: الموضوع: تهنئة بالثقة الملكية    معالي الدكتور/ [anonymized]  مساعد وزير الداخلية  حفظه الله    السلام عليكم ورحمة الله وبركاته    يشرفني أن أرفع إلى معاليكم الكريم أسمى آيات التهاني والتبريكات، بمناسبة صدور الثقة الملكية الكريمة بتعيينكم مساعدًا لوزير الداخلية،  سائلًا المولى العلي القدير أن يوفقكم لخدمة هذا الوطن الغالي وأبنائه، في ظل توجيهات سيدي خادم الحرمين الشريفين الملك [anonymized] وسمو سيدي ولي العهد الأمير [anonymized] – حفظهما الله.    وتفضلوا معاليكم بقبول خالص تحياتي.  م. [anonymized]  محافظ هيئة الحكومة الرقمية

مع التحية، مؤسسة مسك"
ما هي متطلبات بشأن تصوير مبنى مركز الابتكار والتقنيات الناشئة؟,"السيد/[anonymized] المحترم/ة,

يتطلب بشأن تصوير مبنى مركز الابتكار والتقنيات الناشئة تقديم طلب رسمي مع الوثائق: الموضوع: بشأن طلب تصوير مبنى مركز الابتكار والتقنيات الناشئة    سعادة مدير عام المساحة العسكرية والمعلومات الجيومكانية للقوات المسلحة  سلمه الله    السلام عليكم ورحمة الله وبركاته    تعتزم هيئة الحكومة الرقمية، ممثلة في الإدارة العامة للإعلام، إنتاج فيديو لأغراض إعلامية، بهدف الاستفادة منه في الوسائل الإعلامية المرئية.  وحيث إن الهيئة ترغب في استخدام طائرات بدون طيار (درونز) لتصوير فيديو لمركز الابتكار والتقنيات الناشئة في مقر الهيئة بحي المرسلات للأغراض المشار إليها أعلاه.    أود إفادة سعادتكم بأننا بصدد التعاقد مع إحدى الشركات المتخصصة في التصوير الجوي وتصوير الفيديو، وعليه نأمل من سعادتكم الإيعاز إلى من يلزم بإصدار الموافقات اللازمة، ويمكن للمختصين لديكم التواصل والتنسيق في هذا الشأن مع مدير قسم العلاقات الإعلامية الأستاذ/ X، عبر الهاتف المتنقل: 0000000000 أو البريد الإلكتروني: [anonymized]    وتقبلوا خالص تحياتي.  أكرم شرف الدين  نائب المحافظ للتسويق والتواصل

مع التحية، مؤسسة مسك"
ما هي تفاصيل الإفادة بشأن تسمية ممثلين للمشاركة في مشروع خطة العمل التنفيذية للتحول في احتساب المدد من الهجرية إلى الميلادية وأحكامه الانتقالية؟,"السيد/[anonymized] المحترم/ة,

توفر الإفادة معلومات حول تسمية ممثلين للمشاركة في مشروع خطة العمل التنفيذية للتحول في احتساب المدد من الهجرية إلى الميلادية وأحكامه الانتقالية: معالي رئيس هيئة الخبراء بمجلس الوزراء  حفظه الله    السلام عليكم ورحمة الله وبركاته،    إشارةً إلى خطاب معاليكم رقم (7684) وتاريخ 1446/10/19هـ، المُشار فيه إلى المعاملة الواردة إلى هيئة الخبراء من أمانة مجلس الشؤون الاقتصادية والتنمية رقم (12442) وتاريخ 1446/10/6هـ، في شأن مشروع آلية “خطة العمل التنفيذية للتحول في احتساب المدد من الهجرية إلى الميلادية وأحكامه الانتقالية”، وما تضمّنه من تحديد موعد لعقد اجتماع لهذا الغرض عبر تطبيق (CISCO) يوم الاثنين الموافق 1446/10/23هـ، الساعة الواحدة ظهرًا، وطلبكم تسمية ممثل من هيئة الحكومة الرقمية وتكليفه بالتنسيق مع المستشار/ د. [anonymized].    أود إفادة معاليكم بأنه سيمثل الهيئة في هذا الاجتماع كل من:   • م. [الاسم الأول] [الاسم الثاني]، ويمكن التواصل معه عبر البريد الإلكتروني: [anonymized]، أو الهاتف المتنقل: ([anonymized]).   • أ. [الاسم الأول] [الاسم الثاني]، ويمكن التواصل معه عبر البريد الإلكتروني: [anonymized]، أو الهاتف المتنقل: ([anonymized]).    والسلام عليكم ورحمة الله وبركاته.    م. [anonymized]  محافظ هيئة الحكومة الرقمية

مع التحية، مؤسسة مسك"
ما هي تفاصيل الإفادة بشأن مؤشرات تقييم تجربة المستخدم في المنصات الحكومية؟,"السيد/[anonymized] المحترم/ة,

توفر الإفادة معلومات حول مؤشرات تقييم تجربة المستخدم في المنصات الحكومية: سعادة المدير العام لمركز قياس رضا المستفيدين  سلّمه الله    السلام عليكم ورحمة الله وبركاته،    إشارة إلى استفساركم الوارد في خطابكم رقم (????) وتاريخ ??/?/????هـ، بشأن مؤشرات الأداء المعتمدة لتقييم تجربة المستخدم في المنصات الحكومية.    أود إفادة سعادتكم بأن الهيئة اعتمدت مؤخرًا إطارًا مرجعيًا جديدًا يضم ثلاثة محاور رئيسة: الكفاءة، والوضوح، والرضا العام، وقد جرى تزويد الجهات بدليل توضيحي لاستخدام هذه المؤشرات على منصاتها.    آمل من سعادتكم التكرّم بمراجعة الإطار، ويمكن التواصل مع الأستاذ/ [anonymized]، بالهاتف المتنقل ([anonymized]) أو البريد الإلكتروني ([anonymized]) لأي استفسارات إضافية.    والسلام عليكم ورحمة الله وبركاته.

مع التحية، مؤسسة مسك"
ما هي تفاصيل التهنئة بشأن بعيد الفطر المبارك لعام 1446هـ؟,"السيد/[anonymized] المحترم/ة,

يتم تقديم التهنئة عبر خطاب رسمي يُشيد بالإنجازات: سعادة مدير عام المكتب التنفيذي لهيئة الحكومة الرقمية  حفظه الله    السلام عليكم ورحمة الله وبركاته،،،    يسرني بمناسبة حلول عيد الفطر المبارك لعام 1446هـ، أن أقدم لسعادتكم أصدق التهاني والتبريكات، سائلًا الله تعالى أن يعيده علينا وعليكم وعلى وطننا الغالي ونحن ننعم بالأمن والأمان والاستقرار في ظل قيادتنا الرشيدة – أيدها الله –.    وتقبلوا سعادتكم أطيب تحياتي وتقديري،،،    المستشار والمشرف العام  على مكتب رئيس الجامعة  د. [anonymized]

مع التحية، مؤسسة مسك"
ما هي أسباب الاعتذار عن  عدم التمكن من حضور اجتماع اللجنة التنسيقية؟,"السيد/[anonymized] المحترم/ة,

يتم تقديم الاعتذار بسبب تعارض المواعيد: معالي وزير الاقتصاد والتخطيط  حفظه الله    السلام عليكم ورحمة الله وبركاته،  إشارة إلى خطاب معاليكم رقم (???) وتاريخ ??/??/????هـ، بشأن تحديد موعد اجتماع اللجنة التنسيقية للمؤشرات الرقمية،  نود إفادة معاليكم بأن الهيئة يتعذر عليها حضور الاجتماع المقترح في الموعد المحدد بسبب تعارضه مع التزامات مسبقة.  آمل من معاليكم التفضل بتحديد موعد بديل، وسيتم التنسيق مع فريق معاليكم مباشرة.  والسلام عليكم ورحمة الله وبركاته.

مع التحية، مؤسسة مسك"
ما هي أسباب الاعتذار عن المشاركة في فعالية إطلاق دليل تجارب المدينة؟,"السيد/[anonymized] المحترم/ة,

يتم تقديم الاعتذار بسبب تعارض المواعيد: الموضوع: بشأن ترشيح ممثل لحضور فعالية إطلاق دليل تجارب المدينة    معالي الرئيس التنفيذي لهيئة تطوير منطقة المدينة المنورة  حفظه الله    السلام عليكم ورحمة الله وبركاته    إشارة إلى خطاب معاليكم رقم (18471) وتاريخ 1445/2/27هـ، بشأن اعتزام هيئة تطوير منطقة المدينة المنورة إطلاق (دليل تجارب المدينة)، وانطلاقًا من اهتمام الهيئة المبكر بمفهوم المدن الذكية (Smart Cities Early Adopter)، والمتضمن الدعوة لترشيح من يلزم لحضور فعالية إطلاق الدليل التي ستقام يوم الاثنين الموافق 1445/3/3هـ.    يطيب لي أن أتقدم لمعاليكم بالشكر الجزيل على الدعوة الكريمة، وأفيدكم باعتذارنا عن المشاركة وذلك للارتباط المسبق، راجين لكم التوفيق وتحقيق تطلعاتكم بما يتماشى مع أهداف رؤية المملكة (2030).    وتفضلوا معاليكم بقبول خالص تحياتي.    م. [anonymized]  محافظ هيئة الحكومة الرقمية

مع التحية، مؤسسة مسك"
ما هي تفاصيل بشأن  اعتماد إطار الحوكمة الرقمية الموحد؟,"السيد/[anonymized] المحترم/ة,

معالي رؤساء الجهات الحكومية حفظه الله  السلام عليكم ورحمة الله وبركاته،  إشارة إلى الاجتماع التنسيقي المنعقد بتاريخ ??/??/????هـ، بشأن توحيد ممارسات الحوكمة الرقمية في الجهات الحكومية.  أود إفادة معاليكم بأنه قد جرى اعتماد “إطار الحوكمة الرقمية الموحد”، الذي يتضمن سبعة مكونات رئيسية تشمل السياسات، والأدوار، والامتثال، وقياس النضج، ويُعمل به ابتداءً من ?/?/????هـ.  آمل من معاليكم التفضل بتوجيه المختصين لديكم لتطبيق الإطار، والتنسيق مع فريق الهيئة لتقديم الدعم اللازم.  والسلام عليكم ورحمة الله وبركاته.

مع التحية، مؤسسة مسك"
ما هي تفاصيل إعادة تشكيل فريق عمل تنمية المحتوى المحلي؟,"السيد/[anonymized] المحترم/ة,

إنّ محافظ هيئة الحكومة الرقمية  بناءً على الصلاحيات الممنوحة له نظامًا، وبعد الاطلاع على تنظيم الهيئة الصادر بقرار مجلس الوزراء رقم (???) وتاريخ 1442/7/25هـ، وعلى الأمر السامي رقم (13239) وتاريخ 1443/3/1هـ، القاضي بقيام كل جهة حكومية تباشر أعمال وإجراءات طرح الأعمال والمشتريات والتعاقد، بتشكيل فريق عمل لتنمية المحتوى المحلي يرتبط برئيس الجهة،  وعلى القرار الإداري رقم (12) وتاريخ 1443/5/1هـ، القاضي بإنشاء فريق عمل لتنمية المحتوى المحلي،  وعلى القرار الإداري رقم (7) وتاريخ 1446/2/24هـ، القاضي بإعادة تشكيل فريق العمل،  ولما تقتضيه مصلحة العمل وحسن سيره وانتظامه؛    يُقرّر ما يأتي:    أولًا: إعادة تشكيل فريق عمل (تنمية المحتوى المحلي) بالمهام ذاتها، وعضوية كل من:   • [anonymized] – رئيسًا   • [anonymized]   • [anonymized]   • [anonymized]   • [anonymized] فضل   • [anonymized]   • [anonymized]   • [anonymized]   • [anonymized]   • [anonymized] – عضوًا وأمينًا    ثانيًا: يعقد الفريق اجتماعاته دوريًا مرة كل ثلاثة أشهر، ولرئيس الفريق طلب عقد اجتماعات أخرى متى دعت الحاجة لذلك.    ثالثًا: يجوز للفريق الاستعانة بمن يراه مناسبًا من خبراء ومستشارين داخل الهيئة أو خارجها.    رابعًا: يُعمل بهذا القرار من تاريخه، ويُبلغ من يلزم لتنفيذه والعمل بمقتضاه.    والله الموفق،  م. [anonymized]  محافظ هيئة الحكومة الرقمية

مع التحية، مؤسسة مسك"
ما هي تفاصيل الإفادة بشأن تسمية ممثلي هيئة الحكومة الرقمية لحضور مناقشة التقرير السنوي أمام مجلس الشورى؟,"السيد/[anonymized] المحترم/ة,

توفر الإفادة معلومات حول تسمية ممثلي هيئة الحكومة الرقمية لحضور مناقشة التقرير السنوي أمام مجلس الشورى: معالي رئيس مجلس الشورى  حفظه الله    السلام عليكم ورحمة الله وبركاته،    أُشير إلى برقيتكم رقم (3361) وتاريخ 9/11/1446هـ، المتضمّنة إحاطة الهيئة بأن مجلس الشورى سيُناقش -بإذن الله– التقرير السنوي لهيئة الحكومة الرقمية للعام المالي 1445/1446هـ (2024م)، وذلك ضمن الموضوعات المدرجة في جدول أعمال جلسته السابعة والعشرين، والمقرر عقدها يوم الاثنين الموافق 14/11/1446هـ.    وحرصًا من الهيئة على دعم أعمال المجلس والاطلاع على مداولات الأعضاء حول التقرير، نأمل من معاليكم التكرم بالموافقة على حضور ممثلي الهيئة المختصين، كما ترون مناسبًا، إلى مقر المجلس في هذا الشأن.    وقد أُرفقت لمعاليكم قائمة بمرشحي الهيئة، ويمكن للمختصين لديكم التنسيق مع الأستاذ/ [anonymized] على الهاتف المتنقل ([anonymized]) أو عبر البريد الإلكتروني: [anonymized].    والسلام عليكم ورحمة الله وبركاته.    [anonymized]  وزير الاتصالات وتقنية المعلومات  رئيس مجلس إدارة هيئة الحكومة الرقمية

مع التحية، مؤسسة مسك"
كيف يتم التعبير عن الشكر بشأن على المشاركة في ورشة تطوير المنصات الموحدة؟,"السيد/[anonymized] المحترم/ة,

يتم التعبير عن الشكر عبر خطاب رسمي يُشيد بالإنجازات: سعادة رئيس الهيئة العامة للعقار  سلّمه الله    السلام عليكم ورحمة الله وبركاته،    إشارة إلى مشاركة الهيئة العامة للعقار في ورشة العمل التي نظمتها هيئة الحكومة الرقمية يوم الأحد ????/?/??هـ، حول تطوير المنصات الحكومية الموحدة، أود إفادة سعادتكم بأن العرض المقدم من فريقكم المتخصص حول “منصة مؤشرات العقار” تميز بالدقة والعمق الفني، وأسهم في إثراء النقاش حول أفضل الممارسات في التكامل الرقمي.    عليه، آمل من سعادتكم التكرّم بنقل شكر الهيئة وتقديرها للمشاركين من جهتكم، متطلعين إلى استمرار التعاون المثمر، وبما يعزز جودة الخدمات الرقمية في القطاع العقاري.  وللتنسيق في هذا الشأن أو الحصول على مزيد من المعلومات، يمكن التواصل مع الأستاذ/ [anonymized]، بالهاتف المتنقل ([anonymized]) أو البريد الإلكتروني ([anonymized]).    والسلام عليكم ورحمة الله وبركاته.

مع التحية، مؤسسة مسك"
ما هي متطلبات تخصيص ميزانية لتحديث أنظمة المراقبة الرقمية؟,"السيد/[anonymized] المحترم/ة,

يتطلب تخصيص ميزانية لتحديث أنظمة المراقبة الرقمية تقديم طلب رسمي مع الوثائق: معالي وزير الداخلية  حفظه الله    السلام عليكم ورحمة الله وبركاته،    نظرًا لأهمية تعزيز الأمن في المرافق الحيوية،  ترفع هيئة الحكومة الرقمية إلى معاليكم طلبًا لتخصيص ميزانية لتحديث أنظمة المراقبة الرقمية في القطاعات الأمنية التابعة للوزارة،  حيث يهدف المشروع إلى استبدال الأنظمة التقليدية بأنظمة مراقبة ذكية تعتمد على تقنيات الذكاء الاصطناعي، مما يسهم في تحسين كفاءة المراقبة، وزيادة فعالية الاستجابة للحوادث الأمنية، وضمان مستوى أعلى من الحماية في المواقع الحيوية.    نأمل من معاليكم التكرم بالموافقة والتوجيه بما يلزم لاعتماد المشروع وتوفير المخصصات المالية اللازمة.    والسلام عليكم ورحمة الله وبركاته.    م. [anonymized]  محافظ هيئة الحكومة الرقمية

مع التحية، مؤسسة مسك"
كيف يتم التعبير عن الشكر بشأن خطاب على جهود دعم السياحة الريفية؟,"السيد/[anonymized] المحترم/ة,

يتم التعبير عن الشكر عبر خطاب رسمي يُشيد بالإنجازات: معالي الأستاذ [anonymized] حميد الدين  الرئيس التنفيذي للهيئة السعودية للسياحة  حفظه الله    السلام عليكم ورحمة الله وبركاته،  إشارة إلى ما حققته الهيئة السعودية للسياحة من إنجازات ملموسة في دعم السياحة الريفية وتفعيل البرامج الترويجية المرتبطة بها،  تتقدم الهيئة بخالص الشكر والتقدير لمعاليكم وفريق العمل، لما قدمتموه من دعم تقني وإعلامي ساهم في تعزيز الجاذبية السياحية للمواقع الريفية.  ونتطلع إلى استمرار هذا التعاون المثمر في تطوير المزيد من المبادرات النوعية ضمن خارطة التحول السياحي الرقمي.  والسلام عليكم ورحمة الله وبركاته.

مع التحية، مؤسسة مسك"
ما هي متطلبات اعتماد مشروع تطوير أنظمة النقل الذكي؟,"السيد/[anonymized] المحترم/ة,

يتطلب اعتماد مشروع تطوير أنظمة النقل الذكي تقديم طلب رسمي مع الوثائق: معالي وزير النقل  حفظه الله    السلام عليكم ورحمة الله وبركاته،    إشارة إلى توجه وزارة النقل نحو تعزيز البنية التحتية والخدمات الذكية،  تتقدم هيئة الحكومة الرقمية إلى معاليكم بطلب اعتماد مشروع “تطوير أنظمة النقل الذكي”،  وذلك ضمن إطار التعاون المشترك لتعزيز التحول الرقمي في قطاع النقل، وتحقيق مستهدفات رؤية المملكة 2030.    يتضمن المشروع ما يلي:   • تطبيق تقنيات الذكاء الاصطناعي وإنترنت الأشياء في إدارة حركة المرور.   • تطوير أنظمة التذاكر والمدفوعات الرقمية الموحدة.   • توفير معلومات لحظية للمستفيدين عبر تطبيقات النقل العام.   • تحسين كفاءة التشغيل وتقليل استهلاك الوقود والانبعاثات.    نأمل من معاليكم التكرم باعتماد المشروع والتوجيه بالتنسيق مع الجهات ذات العلاقة لاستكمال مراحل التخطيط والتنفيذ.    وتفضلوا بقبول خالص التحية والتقدير.    م. [anonymized]  محافظ هيئة الحكومة الرقمية

مع التحية، مؤسسة مسك"
ما هي تفاصيل الدعوة لحضور دعوة معالي وزير الإعلام للمشاركة في ملتقى الحكومة الرقمية؟,"السيد/[anonymized] المحترم/ة,

يتم إرسال دعوة رسمية لحضور دعوة معالي وزير الإعلام للمشاركة في ملتقى الحكومة الرقمية: معالي محافظ هيئة الحكومة الرقمية  حفظه الله    السلام عليكم ورحمة الله وبركاته،    الموضوع: دعوة معالي وزير الإعلام للمشاركة في ملتقى الحكومة الرقمية    إشارة إلى إقامة ملتقى الحكومة الرقمية،  يطيب لنا أن نعرض على معاليكم مسودة خطاب دعوة لمعالي وزير الإعلام للمشاركة في الملتقى، عبر إلقاء كلمة عن مؤشر كفاءة وجودة المحتوى الرقمي للمواقع الإلكترونية الحكومية، الذي يهدف إلى رفع جودة المواقع الإلكترونية الحكومية وتحسين ظهورها في محركات البحث.    نأمل من معاليكم التفضل بالاطلاع، أو التوجيه بما ترونه مناسبًا.    وتقبلوا معاليكم خالص التحية والتقدير.  [anonymized] البقمي  نائب المحافظ للتسويق والتواصل

مع التحية، مؤسسة مسك"
ما هي متطلبات اعتماد خطة تطوير قطاع السياحة الرقمية؟,"السيد/[anonymized] المحترم/ة,

يتطلب اعتماد خطة تطوير قطاع السياحة الرقمية تقديم طلب رسمي مع الوثائق: معالي وزير السياحة  حفظه الله    السلام عليكم ورحمة الله وبركاته،    في إطار التكامل بين الجهات الحكومية لتعزيز جودة الخدمات ورفع كفاءة القطاعات الحيوية،  ترفع هيئة الحكومة الرقمية إلى معاليكم خطة “تطوير قطاع السياحة الرقمية”، والتي تم إعدادها بالتنسيق مع وزارة السياحة وعدد من الجهات ذات العلاقة،  وتستهدف تمكين التحول الرقمي في الخدمات السياحية، بما يسهم في تعزيز تجربة الزائر، ودعم الاقتصاد السياحي، وتحقيق مستهدفات رؤية المملكة 2030.    وتتضمن الخطة مجموعة من المبادرات والمشاريع، أبرزها:   • تطوير منصة رقمية موحدة للسياحة السعودية، تتيح للسائح الوصول إلى معلومات محدثة ومتكاملة عن الوجهات السياحية، الفعاليات، والتجارب.   • تقديم خدمات حجز ذكية ومترابطة بين مقدمي خدمات السفر والإيواء.   • توظيف تقنيات الذكاء الاصطناعي في تحليل سلوك الزوار وتقديم توصيات مخصصة.   • تعزيز التكامل التقني مع منظومة التأشيرات والتراخيص السياحية.    نأمل من معاليكم التكرم باعتماد الخطة، والتوجيه بما يلزم لاستكمال إطلاق المبادرات الواردة فيها بالتنسيق مع الهيئة.    وتفضلوا بقبول خالص التحية والتقدير.    م. [anonymized]  محافظ هيئة الحكومة الرقمية

مع التحية، مؤسسة مسك"
ما هي متطلبات إطلاق مبادرة لتطوير الكفاءات في الاقتصاد الرقمي؟,"السيد/[anonymized] المحترم/ة,

يتطلب إطلاق مبادرة لتطوير الكفاءات في الاقتصاد الرقمي تقديم طلب رسمي مع الوثائق: معالي وزير الاقتصاد والتخطيط  حفظه الله    السلام عليكم ورحمة الله وبركاته،    نرفع إلى معاليكم طلب الموافقة على إطلاق مبادرة “تطوير الكفاءات الوطنية في الاقتصاد الرقمي”،  وذلك ضمن جهود هيئة الحكومة الرقمية في تعزيز قدرات الكوادر الوطنية وتزويدها بالمهارات اللازمة للريادة في مجالات التحول الرقمي والابتكار، بما يواكب مستهدفات رؤية المملكة 2030 وبرامجها التنفيذية.    تهدف المبادرة إلى تدريب الكوادر الوطنية في تخصصات رقمية نوعية، ورفع جاهزيتها لسوق العمل، وبناء مجتمع رقمي منافس عالميًا.    نأمل من معاليكم التكرم بدعم هذه المبادرة والموافقة على إطلاقها بالتعاون مع وزارة الاقتصاد والتخطيط،  ويمكن للمختصين لديكم التنسيق في هذا الشأن مع فريق الهيئة.    وتفضلوا بقبول خالص التحية والتقدير.    م. [anonymized]  محافظ هيئة الحكومة الرقمية

مع التحية، مؤسسة مسك"
ما هي مستجدات بمستجدات مشروع الخارطة الرقمية للبنية التحتية التقنية؟,"السيد/[anonymized] المحترم/ة,

توفر الإحاطة تحديثات حول بمستجدات مشروع الخارطة الرقمية للبنية التحتية التقنية: معالي وزير الاتصالات وتقنية المعلومات  حفظه الله    السلام عليكم ورحمة الله وبركاته،    إشارة إلى خطاب معاليكم رقم (????) وتاريخ ??/??/????هـ، بشأن مستجدات مشروع الخارطة الرقمية للبنية التحتية،    أود إحاطة معاليكم بأن الهيئة استكملت المرحلة الأولى من مشروع الخارطة الرقمية للبنية التحتية التقنية، وشملت توثيق الألياف البصرية والمواقع السيادية ذات العلاقة.    وسيتم استكمال المرحلة الثانية خلال الربع القادم بالتنسيق مع الجهات المشغلة.    والسلام عليكم ورحمة الله وبركاته.

مع التحية، مؤسسة مسك"
ما هي تفاصيل التهنئة بشأن بمناسبة التميز في المعرض الدولي للاختراع والابتكار ITEX 2023؟,"السيد/[anonymized] المحترم/ة,

يتم تقديم التهنئة عبر خطاب رسمي يُشيد بالإنجازات: المكرم/ مدير ثانوية [anonymized] – نجران  سلمه الله    السلام عليكم ورحمة الله وبركاته،    إشارة إلى نتائج مشاركة المملكة العربية السعودية في المعرض الدولي للاختراع والابتكار والتكنولوجيا – آيتكس 2023 (ITEX2023)، خلال المدة من 21 إلى 23 شوال 1444هـ، الموافق من 11 إلى 13 مايو 2023م، فإنه يسعدنا بهذه المناسبة أن نتقدم بالشكر للطالب/ [anonymized]، وبخالص التهنئة والتقدير لتميزه وتفوقه في المشاركة، وحصوله على الميدالية الذهبية.    وأشكر موصول للمعلمين والمشرفين على الطالب، وولي أمره على الجهود المبذولة في متابعته ورعايته.    سائلين الله أن يكون هذا التميز حافزًا لتحقيق المزيد من النجاحات في المنافسات القادمة.    وتقبلوا فائق تحياتي وتقديري،،،    وزير التعليم  [anonymized]

مع التحية، مؤسسة مسك"
ما هي تفاصيل الدعوة لحضور منتدى المدن الذكية؟,"السيد/[anonymized] المحترم/ة,

يتم إرسال دعوة رسمية لحضور منتدى المدن الذكية: صاحب السمو الأمير [anonymized]  محافظ جدة  حفظه الله    السلام عليكم ورحمة الله وبركاته،    إشارة إلى جهود محافظة جدة في تطوير منظومتها الرقمية، وتعزيز التكامل مع المنصات الوطنية في تقديم الخدمات البلدية والصحية.    يسر الهيئة دعوتكم لحضور “منتدى المدن الذكية”، والمقرر انعقاده بمدينة الرياض يوم الاثنين ?/?/????هـ، بمشاركة نخبة من القيادات الحكومية والخبراء في مجالات التحول الرقمي الحضري.    نتطلع إلى مشاركة سموكم بكلمة افتتاحية، بالإضافة إلى عرض من المحافظة حول أبرز المبادرات الرقمية، ويمكن التنسيق مع الأستاذ/ [anonymized]، بالهاتف المتنقل ([anonymized]) أو البريد الإلكتروني ([anonymized]).    والسلام عليكم ورحمة الله وبركاته.

مع التحية، مؤسسة مسك"
ما هي تفاصيل الإفادة بشأن إفادة بنتائج تقويم التكامل الرقمي للمنصات الثقافية؟,"السيد/[anonymized] المحترم/ة,

توفر الإفادة معلومات حول إفادة بنتائج تقويم التكامل الرقمي للمنصات الثقافية: معالي وزير الثقافة  حفظه الله    السلام عليكم ورحمة الله وبركاته،    إشارة إلى خطاب معاليكم رقم (????) وتاريخ ?/??/????هـ، بشأن نتائج متابعة تكامل المنصات الثقافية،    أود إفادة معاليكم بأن الهيئة استكملت المرحلة الثانية من تقويم مستوى التكامل الرقمي للمنصات الثقافية، وقد سجلت تحسنًا في مؤشرات الربط مع منصة التراخيص الموحدة، إلى جانب ارتفاع معدل استخدام الخدمات الإلكترونية.    آمل من معاليكم التفضل بتكليف الفرق المختصة بمراجعة التوصيات الواردة والتنسيق مع الهيئة لتنفيذ الإجراءات التصحيحية.    والسلام عليكم ورحمة الله وبركاته.

مع التحية، مؤسسة مسك"
ما هي تفاصيل الدعوة لحضور دعوة من سفير دولة قطر لحضور حفل اليوم الوطني؟,"السيد/[anonymized] المحترم/ة,

يتم إرسال دعوة رسمية لحضور دعوة من سفير دولة قطر لحضور حفل اليوم الوطني: معالي محافظ هيئة الحكومة الرقمية  حفظه الله  السلام عليكم ورحمة الله وبركاته،    أفيد معاليكم بتلقي الوزارة مذكرة من سفارة دولة قطر بالرياض، المرفق بطيها الدعوة الموجهة إلى معاليكم من سعادة سفير دولة قطر لدى المملكة، وذلك لحضور حفل الاستقبال بمناسبة اليوم الوطني لدولة قطر المقرر إقامته بتاريخ 16 ديسمبر 2024م، من الساعة 19:30 إلى الساعة 21:30 في قاعة الأمير سلطان الكبرى بفندق الفيصلية.    آمل اطلاع معاليكم والإحاطة، ولمعاليكم تحياتي.    [anonymized]  وزير الخارجية

مع التحية، مؤسسة مسك"
ما هي أسباب الاعتذار عن عدم حضور حفل تدشين التقرير السنوي للقطاع المالي؟,"السيد/[anonymized] المحترم/ة,

يتم تقديم الاعتذار بسبب تعارض المواعيد: معالي محافظ البنك المركزي السعودي  حفظه الله    السلام عليكم ورحمة الله وبركاته،    إشارة إلى خطاب معاليكم رقم (????) وتاريخ ??/?/????هـ، المتضمن دعوتكم الكريمة لمعالي محافظ هيئة الحكومة الرقمية للمشاركة في حفل تدشين التقرير السنوي للقطاع المالي، والمزمع عقده يوم الأربعاء ??/?/????هـ، أود إفادة معاليكم بأن معالي المحافظ مرتبط مسبقًا بمشاركة دولية خارج المملكة في نفس التاريخ.    عليه، آمل من معاليكم التفضل بقبول اعتذار معاليه عن عدم تمكنه من الحضور، كما يسرنا أن نرشّح سعادة نائب المحافظ لقطاع السياسات والحوكمة ممثلًا عن الهيئة في المناسبة، مع تأكيد دعمنا الكامل لجهود البنك في تعزيز التحول الرقمي المالي.    والسلام عليكم ورحمة الله وبركاته.

مع التحية، مؤسسة مسك"
كيف يتم التعبير عن الشكر بشأن ترشيح متحدث للمشاركة في المسار البرلماني لمنتدى حوكمة الإنترنت ؟,"السيد/[anonymized] المحترم/ة,

يتم التعبير عن الشكر عبر خطاب رسمي يُشيد بالإنجازات: سعادة مدير التعليم بمحافظة عنيزة  سلمه الله    السلام عليكم ورحمة الله وبركاته    باسمي واسم منسوبي ومقيمي دار الرعاية الاجتماعية بمحافظة عنيزة، يسرني أن أتقدم بجزيل الشكر والتقدير والامتنان لإدارتكم ولقسم تعليم الكبار لديكم على تفعيل الشراكة الاجتماعية من خلال تمكين أبنائنا المسنين دراسيًا، وتذليل كافة الصعوبات بتجهيز البيئة المدرسية المناسبة لهم، والتي كان لها الأثر الإيجابي خلال الفصل الدراسي الأول لعام 1439هـ، متطلعين إلى مزيد من التعاون لما يخدم هذه الفئة الغالية.    سائلين الله أن يجعل ذلك في ميزان حسناتكم.  وتقبلوا تحياتنا،،،    مدير دار الرعاية الاجتماعية بمحافظة عنيزة  [anonymized]

مع التحية، مؤسسة مسك"
ما هي متطلبات الموافقة على تنفيذ مبادرة الابتكار في الخدمات الحكومية؟,"السيد/[anonymized] المحترم/ة,

يتطلب الموافقة على تنفيذ مبادرة الابتكار في الخدمات الحكومية تقديم طلب رسمي مع الوثائق: معالي وزير الاقتصاد والتخطيط  حفظه الله    السلام عليكم ورحمة الله وبركاته،    إشارة إلى جهود الوزارة في تعزيز الابتكار وتحقيق الكفاءة التشغيلية في الجهات الحكومية،  نرفع إلى معاليكم طلب الموافقة على تنفيذ “مبادرة الابتكار في الخدمات الحكومية”،  والتي تهدف إلى تبسيط الإجراءات الحكومية، وتحسين تجربة المستخدم، من خلال أتمتة العمليات الداخلية، واعتماد التقنيات الحديثة في تقديم الخدمات للمواطنين والمقيمين، بما يسهم في رفع كفاءة الأداء وتحقيق رضا المستفيدين، ويتماشى مع مستهدفات رؤية المملكة 2030.    نأمل من معاليكم التكرم بالموافقة والتوجيه بما يلزم لاعتماد المبادرة وبدء تنفيذها بالتعاون مع الجهات المعنية.    والسلام عليكم ورحمة الله وبركاته.

مع التحية، مؤسسة مسك"
ما هي تفاصيل الإفادة بشأن مراجعة مسودة كراسة نظام مركز الوثائق والمحفوظات؟,"السيد/[anonymized] المحترم/ة,

توفر الإفادة معلومات حول مراجعة مسودة كراسة نظام مركز الوثائق والمحفوظات: الموضوع: بشأن مراجعة المركز الوطني للوثائق والمحفوظات لمسودة كراسة نظام مركز الوثائق والمحفوظات    سعادة مدير عام المركز الوطني للوثائق والمحفوظات  سلّمه الله    السلام عليكم ورحمة الله وبركاته    إشارة إلى الأمر السامي الكريم رقم (28192) وتاريخ 1440/5/23هـ، بشأن الموافقة على ما وجّه به مجلس الوزراء بأن على الجهة الحكومية إذا أرادت الاستعانة بجهة من القطاع الخاص لتنظيم وثائقها ومحفوظاتها، أن تزود المركز الوطني للوثائق والمحفوظات بنسخة من كراسة شروط العقد المزمع إبرامه مع تلك الجهة، ليراجعها خلال مدة لا تتجاوز أسبوعين – وفقًا لأنظمته ولوائحه.    وتُعد موافقة المركز ضمنية إذا مضت تلك المدة دون أن يقدم أي ملحوظات بشأنها.    عليه، نأمل من سعادتكم التفضل بالإيعاز للمختصين لديكم للاطلاع على مسودة كراسة نظام مركز الوثائق والمحفوظات بالهيئة (المرفقة) وإبداء أي ملحوظات بشأنها، ليتسنى للمختصين لدينا استكمال الإجراءات اللازمة.    وتقبلوا خالص تحياتي.  [anonymized]  نائب المحافظ للخدمات المشتركة

مع التحية، مؤسسة مسك"
ما هي تفاصيل الإفادة بشأن تفعيل الربط مع جامعة الملك خالد  ؟,"السيد/[anonymized] المحترم/ة,

توفر الإفادة معلومات حول تفعيل الربط مع جامعة الملك خالد  : سعادة رئيس جامعة الملك خالد  سلّمه الله    السلام عليكم ورحمة الله وبركاته،    إشارة إلى خطاب سعادتكم رقم (????) وتاريخ ??/??/????هـ، بشأن الاستفادة من خدمات المنظومة الوطنية للتراسل الحكومي الرقمي.    أود إفادة سعادتكم بأن الهيئة ترحب بتفعيل الربط مع الجامعة ضمن المرحلة الثالثة من التوسع في المنصة، والتي تشمل عدداً من الجامعات والجهات المستقلة.    نأمل من سعادتكم التكرم بتكليف الفريق التقني لديكم بالتنسيق مع المختصين في الهيئة لإجراء الربط التجريبي خلال شهر محرم القادم.    والسلام عليكم ورحمة الله وبركاته.

مع التحية، مؤسسة مسك"
ما هي تفاصيل الإفادة بشأن مستوى الجاهزية الرقمية لمنظومة الري الذكي؟,"السيد/[anonymized] المحترم/ة,

توفر الإفادة معلومات حول مستوى الجاهزية الرقمية لمنظومة الري الذكي: معالي وزير البيئة والمياه والزراعة  حفظه الله    السلام عليكم ورحمة الله وبركاته،    إشارة إلى خطاب معاليكم رقم (????) وتاريخ ??/??/????هـ، بشأن مستوى الجاهزية الرقمية لمنظومة الري الذكي،    أود إفادة معاليكم بأن الهيئة أنهت مراجعة مؤشرات الجاهزية الرقمية لمنظومة الري الذكي، وقد لوحظ تحسن في مستوى الربط البيني مع المنصات الجغرافية، بينما لا تزال بعض المناطق بحاجة إلى تعزيز الربط اللحظي.    آمل من معاليكم التفضل بتوجيه المختصين في الوزارة للتنسيق مع الهيئة لاستكمال التكامل الفني، وفق الجدول الزمني المقترح.    والسلام عليكم ورحمة الله وبركاته.

مع التحية، مؤسسة مسك"
كيف يتم التعبير عن الشكر بشأن على إطلاق تطبيق التراخيص البيئية الموحد؟,"السيد/[anonymized] المحترم/ة,

يتم التعبير عن الشكر عبر خطاب رسمي يُشيد بالإنجازات: سعادة الرئيس التنفيذي للمركز الوطني للرقابة على الالتزام البيئي سلّمه الله  السلام عليكم ورحمة الله وبركاته،  إشارة إلى إطلاق المركز لتطبيق التراخيص البيئية الموحد، الذي تم تطويره ضمن إطار الحوكمة الرقمية البيئية.  تتقدم الهيئة لسعادتكم بالشكر والتقدير على هذا الإنجاز، الذي يسهم في تسهيل رحلة المستخدم وتوحيد نقاط التقديم والتصاريح، مما يعزز من فاعلية الالتزام البيئي.  وتؤكد الهيئة على أهمية استمرار التعاون التقني لمواكبة مستهدفات الإستراتيجية الوطنية للبيئة الرقمية.  والسلام عليكم ورحمة الله وبركاته.

مع التحية، مؤسسة مسك"
ما هي أسباب الاعتذار عن حضور حفل جائزة المحتوى المحلي بنسخته الثالثة؟,"السيد/[anonymized] المحترم/ة,

يتم تقديم الاعتذار بسبب تعارض المواعيد: معالي وزير الصناعة والثروة المعدنية  رئيس مجلس إدارة هيئة المحتوى المحلي والمشتريات الحكومية  حفظه الله    السلام عليكم ورحمة الله وبركاته،    إشارةً إلى برقية معاليكم رقم (???/?????/?) وتاريخ ????/??/?هـ، بشأن الدعوة المقدمة لحضور حفل “جائزة المحتوى المحلي” في نسخته الثالثة، المقام تحت شعار “نحتفي بإسهامك”، والمزمع إقامته يوم الأربعاء ?? / ? / ????م، بفندق هيلتون-غرناطة.    يطيب لي أن أتقدم لمعاليكم بالشكر الجزيل على هذه الدعوة الكريمة، وفي الوقت الذي كنت فيه حريصًا على الحضور، إلا أنني أعتذر عن عدم التمكن من ذلك نظرًا لارتباطات عملية مجدولة مسبقًا، وأفيد معاليكم بإنابة سعادة نائب المحافظ لقطاع الاستثمار والتميز الحكومي الدكتور/ [anonymized]، لحضور المناسبة.    ويمكن للمختصين لديكم التنسيق في هذا الشأن مع الأستاذ/ [anonymized]، عبر الهاتف المتنقل ([anonymized]) أو البريد الإلكتروني ([anonymized]).    والسلام عليكم ورحمة الله وبركاته.    م. [anonymized]  محافظ هيئة الحكومة الرقمية

مع التحية، مؤسسة مسك"
ما هي مستجدات حول نتائج تقييم منصة تصاريح البث الرقمي؟,"السيد/[anonymized] المحترم/ة,

توفر الإحاطة تحديثات حول حول نتائج تقييم منصة تصاريح البث الرقمي: معالي رئيس الهيئة العامة للإعلام المرئي والمسموع  حفظه الله    السلام عليكم ورحمة الله وبركاته،    إشارة إلى خطاب معاليكم رقم (????) وتاريخ ??/?/????هـ، بشأن تطورات مشروع منصة “تصاريح البث الرقمي”، أود إحاطة معاليكم بأن الهيئة قامت بإجراء تحليل أولي للمنصة، وبيّنت النتائج الأولية توافق المنصة بنسبة ??? مع معايير الحكومة الرقمية، مع توصيات فنية لتحسين أداء الواجهة البرمجية وضبط إجراءات التحقق من الهوية.    كما أقرت اللجنة الفنية ضرورة إصدار وثيقة ربط تكاملي لضمان الامتثال المستدام، وسيتم تزويدكم بالتقرير الفني التفصيلي خلال الأسبوع المقبل.    عليه، آمل من معاليكم التفضل بالإحاطة، وتوجيه المختصين لديكم بالتعاون مع فريق الهيئة لتنفيذ التحسينات اللازمة.    والسلام عليكم ورحمة الله وبركاته.

مع التحية، مؤسسة مسك"
ما هي تفاصيل الدعوة لحضور ورشة العمل الوطنية لمنظومة الصناعة الذكية؟,"السيد/[anonymized] المحترم/ة,

يتم إرسال دعوة رسمية لحضور ورشة العمل الوطنية لمنظومة الصناعة الذكية: معالي وزير الصناعة والثروة المعدنية  حفظه الله    السلام عليكم ورحمة الله وبركاته،  إشارة إلى خطاب معاليكم رقم (???) وتاريخ ?/?/????هـ، بشأن تطوير الخدمات الصناعية الذكية وربطها بالأنظمة الوطنية،  يسر الهيئة دعوتكم لحضور ورشة العمل الوطنية لمنظومة الصناعة الذكية، التي ستُعقد في الرياض يوم الأربعاء ??/?/????هـ، بمشاركة الجهات الرقابية والمطورين الصناعيين.  وللتنسيق في هذا الشأن يمكن التواصل مع الأستاذ/ [anonymized]، بالهاتف المتنقل ([anonymized]) أو البريد الإلكتروني ([anonymized]).  والسلام عليكم ورحمة الله وبركاته.

مع التحية، مؤسسة مسك"
ما هي أسباب الاعتذار عن  عدم التمكن من حضور اجتماع اللجنة المشتركة؟,"السيد/[anonymized] المحترم/ة,

يتم تقديم الاعتذار بسبب تعارض المواعيد: معالي رئيس مجلس إدارة هيئة تقويم التعليم والتدريب  حفظه الله    السلام عليكم ورحمة الله وبركاته،  إشارة إلى خطاب معاليكم رقم (????) وتاريخ ??/?/????هـ، بشأن عقد اجتماع اللجنة المشتركة لتكامل خدمات التقويم،  نود إفادة معاليكم بأن الهيئة تواجه تعارضًا في المواعيد خلال الأسبوع المقبل، ونعتذر عن عدم التمكن من الحضور.  آمل من معاليكم التفضل باعتماد موعد جديد خلال الأسبوع الذي يليه، وسيتم التواصل مع فريق معاليكم للتنسيق المباشر.  والسلام عليكم ورحمة الله وبركاته.

مع التحية، مؤسسة مسك"
ما هي تفاصيل ترشيح ممثل بشأن في فريق تطوير منصة النقل الذكية؟,"السيد/[anonymized] المحترم/ة,

يتم ترشيح ممثل للمشاركة في في فريق تطوير منصة النقل الذكية: معالي وزير النقل والخدمات اللوجستية  حفظه الله    السلام عليكم ورحمة الله وبركاته،    إشارة إلى خطاب معاليكم رقم (????) وتاريخ ??/?/????هـ، المتضمن طلب ترشيح ممثل عن الهيئة في فريق العمل المعني بتطوير منصة النقل الذكية.    أود إفادة معاليكم بأن الهيئة ترشح الأستاذ/ [anonymized]، مدير إدارة النمذجة الرقمية، لتمثيلها في هذا الفريق، نظرًا لخبرته العملية في تطبيقات الذكاء الاصطناعي والنماذج التنبؤية في البنية التحتية.    وللتنسيق في هذا الشأن أو الحصول على مزيد من المعلومات، يمكن التواصل مع الأستاذ/ [anonymized]، بالهاتف المتنقل ([anonymized]) أو البريد الإلكتروني ([anonymized]).    والسلام عليكم ورحمة الله وبركاته.

مع التحية، مؤسسة مسك"
ما هي تفاصيل الإفادة بشأن الإفادة تحديث وثيقة المعايير الأساسية للتحول الرقمي؟,"السيد/[anonymized] المحترم/ة,

توفر الإفادة معلومات حول الإفادة تحديث وثيقة المعايير الأساسية للتحول الرقمي: معالي محافظ هيئة الحكومة الرقمية حفظه الله  السلام عليكم ورحمة الله وبركاته،    إشارة إلى خطاب معاليكم ذي الرقم (3181) وتاريخ 29/9/1446هـ، المتضمن الإفادة ببدء أعمال دورة “قياس التحول الرقمي 2025” وفتح النظام يوم الثلاثاء 18/3/2025م، وطلب هيئة الحكومة الرقمية بتحديث وثيقة “المعايير الأساسية للتحول الرقمي” الإصدار رقم (0/4)، وترشيح ضابط اتصال وتعبئة بيانات التواصل عن طريق بوابة “رقمي”.    أفيد معاليكم أن الهيئة في مرحلة تأسيس البنية التحتية لتقنية المعلومات وخدماتها، حيث انتقلت مؤخراً من الاعتماد على البنية التحتية والخدمات التقنية الخاصة بمدينة الملك عبدالعزيز للعلوم والتقنية، وتعمل حالياً على تصميم استراتيجية التحول الرقمي الخاصة بها، والتي تشمل تطوير مشروع استراتيجية التحول الرقمي لعام 2025، بالإضافة إلى عدة مشاريع أخرى تهدف إلى تأسيس مكتب البنية التحتية لتقنية المعلومات وخدماتها، وإنشاء البنية المؤسسية وحوكمتها، وذلك لتعزيز دور الهيئة في التحول الرقمي وفق المتطلبات الوطنية الصادرة عن هيئة الحكومة الرقمية.    وبناءً عليه، قد يرى معاليكم مناسبة عدم مشاركة الهيئة في دورة قياس التحول الرقمي 2025، لعدم الجاهزية، على أن تتم المشاركة في السنوات القادمة. ويمكن للمختصين لدى معاليكم التواصل بهذا الشأن مع الأستاذ [anonymized] عبر الهاتف المتنقل ([anonymized]) أو البريد الإلكتروني ([anonymized]).    والسلام عليكم ورحمة الله وبركاته.  المشرف العام المكلف على  هيئة تنمية البحث والتطوير والابتكار  د. [anonymized]

مع التحية، مؤسسة مسك"
ما هي تفاصيل الإفادة بشأن طلب شركة كينونة لتقنية المعلومات إلغاء تقرير برنامج التعاملات الإلكترونية “يسر؟,"السيد/[anonymized] المحترم/ة,

توفر الإفادة معلومات حول طلب شركة كينونة لتقنية المعلومات إلغاء تقرير برنامج التعاملات الإلكترونية “يسر: سعادة مدير عام شركة كينونة لتقنية المعلومات  سلمه الله    السلام عليكم ورحمة الله وبركاته،    أشير إلى خطاب سعادتكم ذي الرقم (????) وتاريخ ????/?/??هـ، بشأن طلب إلغاء التقرير الصادر عن برنامج التعاملات الإلكترونية “يسر” المتعلق بأحد مشروعات “شركة كينونة لتقنية المعلومات”، لتضمنه معلومات غير صحيحة ومضللة أثرت بمصالح الشركة وحقوقها التعاقدية.    وفي ضوء ما سبق، أفيد سعادتكم بأنه قد جرى دعوة شركتكم الموقرة عن طريق البريد الإلكتروني يوم الخميس الموافق ????/?/?هـ للاستفادة من خدمة التصنيف الفني المتاحة في قطاع الاتصالات وتقنية المعلومات، التي ينتهجها المنظم المعتمد، وهي وزارة المالية ممثلةً بوزارة الاتصالات وتقنية المعلومات، ومن ثم اعتماد تلك الشهادات لتمكين الشركات من المشاركة والمنافسة على المشاريع الحكومية التقنية عبر منصة “اعتماد”.    كما أود الإفادة بأن شركتكم تُعد غير مسجلة لدى هيئة الحكومة الرقمية في منصة “تجمع الحكومة الرقمية (صفق)” بحسب قاعدة البيانات لديها، وبالتالي غير مصنفة.    عليه، آمل من سعادتكم التكرم بالاطلاع والإفادة إلى من يلزم بالتحديث على خدمة تصنيف المقاولين – المشار إليها آنفًا – عن طريق الرابط (https://sdif.dga.gov.sa)، وفي حال وجود أي استفسارات حيال هذا الشأن يمكن التواصل مع المختصين لديكم عبر البريد الإلكتروني ([anonymized]).    والسلام عليكم ورحمة الله وبركاته.    [anonymized]  وزير الاتصالات وتقنية المعلومات  رئيس مجلس إدارة هيئة الحكومة الرقمية

مع التحية، مؤسسة مسك"
ما هي إجراءات تنسيق بشأن وجود تحديات في معالجة طلبات الجوازات الإلكترونية الجديدة؟,"السيد/[anonymized] المحترم/ة,

يتطلب تنسيق بشأن وجود تحديات في معالجة طلبات الجوازات الإلكترونية الجديدة التواصل مع الجهات: صاحب السمو وزير الخارجية  حفظه الله    السلام عليكم ورحمة الله وبركاته،    إشارة إلى برقية سموكم رقم (100146013836) وتاريخ 1446/9/4هـ، بشأن طلب المواطن [anonymized] لدى الملحقية العسكرية في طلب تجديد جواز ثالث لتعذر إصدار جواز السفر للمواطنين في الخارج؛ نظرًا لعدم إتاحة الصلاحية للسفارة لإصدار جوازات السفر (الإلكترونية) للمواطنين السعوديين في الخارج، وأنه بحسب إفادة وزارة الخارجية فإن الجوازات القديمة (المدمجة) على وشك انتهاء الصلاحية، مما يستدعي وقف خدمة إصدار جوازات المواطنين في الخارج.    أولًا: أفادت سموكم بأنه لا توجد لجنة مشكلة لدى هيئة الحكومة الرقمية في هذا الشأن، وأن ما جرى العمل عليه هو طلب منحدرين من عدة جهات حكومية ممثلة في (المديرية العامة للجوازات، ووزارة الخارجية، ومركز المعلومات الوطني)، حيث تم العمل على تشكيل فريق عمل مشترك يضم الجهات المذكورة، ويستهدف معالجة التحدي التنظيمي والتقني عند إصدار الجواز الجديد وتجديد الجوازات للمواطنين بالخارج، بما يكفل الحدّ من الانقطاعات وتفاوت جودة الخدمة للمواطنين داخل المملكة وخارجها وصعوبة إتاحة الخدمة إلكترونيًا.    كما أودّ إحاطة سموكم بأنه تم العمل على تطوير مسار عمل لخدمة إصدار جواز السفر للمواطنين وتحديثه داخل المملكة، حيث جرى الاتفاق بتاريخ 1445/7/23هـ في محضر اجتماع مشترك على مسار العمل المقترح الذي يتضمن إعادة تنظيم الخدمة ضمن منصة “شرِّع” لتطوير Journey السفر داخل المملكة وخارجها وجهات مراجعتها، وبعد الموافقة على الإجراءات النظامية ذات العلاقة من الجهات ذات العلاقة في الداخل والخارج يتم مواءمتها على جانب توحيد القنوات التي تستهدف بقاء تقديم الخدمة عبر منصة وزارة الخارجية وتقديمها عن طريق منصة “شرِّع”، استكمالًا لما استند إليه فريق العمل من قرارات سابقة تتعلق بإصدار جواز السفر، مما أدى إلى استبعاد الأعمال الحساسة للشخص الأمر الذي يؤثر عليه تحديديًا في تنفيذ خدمات جواز السفر للمواطنين في الخارج.    عليه، آمل تفضل سموكم الكريم بتوجيه من ترونه مناسبًا لتطوير مسار السفر المتفق عليه مع فرق العمل المشتركة، بهدف حلّ التحديات المذكورة آنفًا، وتحسين تجربة المواطنين في الخارج. ويمكن للمختصين لدى جهتكم الموقرة التنسيق والتواصل في هذا الشأن مع ممثل الهيئة الأستاذ/ [anonymized]، بالهاتف المتنقل ([anonymized]) أو البريد الإلكتروني ([anonymized]).    والسلام عليكم ورحمة الله وبركاته.    م. [anonymized]  محافظ هيئة الحكومة الرقمية

مع التحية، مؤسسة مسك"
كيف يتم التعبير عن الشكر بشأن على المشاركة في ورشة عمل إدارة المحميات بالتقنيات الرقمية؟,"السيد/[anonymized] المحترم/ة,

يتم التعبير عن الشكر عبر خطاب رسمي يُشيد بالإنجازات: سعادة الرئيس التنفيذي لهيئة تطوير محمية الإمام [anonymized]  سلّمه الله    السلام عليكم ورحمة الله وبركاته،    إشارة إلى مشاركة هيئة تطوير محمية الإمام [anonymized] في ورشة عمل “الاستفادة من التقنيات الرقمية في إدارة المحميات”، التي أقيمت بمقر الهيئة يوم الإثنين ??/?/????هـ، أود إفادة سعادتكم بأن مداخلة الفريق البيئي الرقمي التابع لهيئتكم الموقرة شكّلت إضافة نوعية للنقاش، وساهمت في استعراض فرص استخدام الذكاء الاصطناعي في رصد التنوع البيولوجي وتحليل البيانات البيئية.    عليه، آمل من سعادتكم التكرّم بنقل شكر الهيئة وتقديرها للمشاركين، ونأمل استمرار التعاون في مشاريع التحول البيئي الرقمي القادمة.  وللتنسيق في هذا الشأن، يمكن التواصل مع الأستاذ/ [anonymized]، بالهاتف المتنقل ([anonymized]) أو البريد الإلكتروني ([anonymized]).    والسلام عليكم ورحمة الله وبركاته.

مع التحية، مؤسسة مسك"
ما هي أسباب الاعتذار عن تأجيل اجتماع اللجنة التنسيقية للمناهج الرقمية؟,"السيد/[anonymized] المحترم/ة,

يتم تقديم الاعتذار بسبب تعارض المواعيد: معالي وزير التعليم  حفظه الله    السلام عليكم ورحمة الله وبركاته،    إشارة إلى خطاب معاليكم رقم (????) وتاريخ ??/??/????هـ، بشأن اعتذار عن تأجيل اجتماع اللجنة التنسيقية للمناهج الرقمية،    نود إفادة معاليكم بأن الهيئة تواجه تعارضًا في المواعيد خلال الأسبوع الجاري، ما يحول دون عقد اجتماع اللجنة التنسيقية في الموعد المحدد.    آمل من معاليكم التفضل بتحديد موعد بديل خلال الأسبوع الذي يليه، وسيتم التواصل مع الفريق الفني لديكم لتأكيد الترتيبات.    والسلام عليكم ورحمة الله وبركاته.

مع التحية، مؤسسة مسك"
ما هي تفاصيل الإفادة بشأن عرض فكرة إنشاء مركز وطني رقمي لحماية وتحقيق أمن رقمي شامل؟,"السيد/[anonymized] المحترم/ة,

توفر الإفادة معلومات حول عرض فكرة إنشاء مركز وطني رقمي لحماية وتحقيق أمن رقمي شامل: معالي محافظ هيئة الحكومة الرقمية  حفظه الله    السلام عليكم ورحمة الله وبركاته،    الموضوع: برقية الديوان الملكي رقم (76904) وتاريخ 1446/10/23هـ بشأن فكرة إنشاء مركز وطني رقمي لحماية وتحقيق أمن رقمي شامل    إشارة إلى برقية الديوان الملكي رقم (76904) وتاريخ 1446/10/23هـ، المتضمنة رغبة المواطنة وجدان القحطاني في عرض فكرة قيادية بعنوان “مركز وطني رقمي لحماية وتحقيق أمن رقمي شامل”، نود إفادة معاليكم بأنه تم الاجتماع مع المواطنة المشار إليها، حيث اتضح أن فكرتها تدور حول وضع حوكمة وأخلاقيات متعلقة بتحليل الخوارزميات، وذلك من خلال إنشاء كيان حكومي مستقل بمسمى “الهيئة السعودية للجهات الذكية”.    وقد قامت الهيئة بمراجعة الفكرة في ضوء المهام والاختصاصات الوطنية القائمة، وتبين أن هناك عددًا من الجهات الحكومية التي تغطي مجالات الفكرة المطروحة، وتعمل على تنفيذ متطلبات الحوكمة الرقمية المرتبطة بالبيانات والذكاء الاصطناعي. ومن أبرز هذه الجهات الهيئة السعودية للبيانات والذكاء الاصطناعي، التي أصدرت - ضمن اختصاصها - مجموعة من السياسات والتشريعات والأدلة، من بينها مبادئ أخلاقيات الذكاء الاصطناعي.    وبناءً عليه، نرى أن أنسب مسار للمعاملة يتمثل في إحالتها إلى الهيئة السعودية للبيانات والذكاء الاصطناعي بوصفها الجهة المختصة، لدراسة الفكرة ضمن نطاق اختصاصها، والنظر فيما يلزم حيالها.    نأمل من معاليكم التفضل بالاطلاع، والموافقة على مشروع المذكرة المعدّة بهذا الشأن، أو التوجيه بما ترونه مناسبًا.    وتفضلوا بقبول فائق الاحترام والتقدير،    [anonymized]  نائب المحافظ للمخاطر واستمرارية الأعمال

مع التحية، مؤسسة مسك"
ما هي متطلبات تزويد الهيئة ببيانات محدثة عن مؤشرات التحول الرقمي؟,"السيد/[anonymized] المحترم/ة,

يتطلب تزويد الهيئة ببيانات محدثة عن مؤشرات التحول الرقمي تقديم طلب رسمي مع الوثائق: معالي الرئيس التنفيذي للهيئة العامة للإحصاء  حفظه الله    السلام عليكم ورحمة الله وبركاته،    إشارة إلى خطاب معاليكم رقم (????) وتاريخ ??/??/????هـ، بشأن طلب تزويد الهيئة ببيانات محدثة عن مؤشرات التحول الرقمي،    أود إفادة معاليكم بأن الهيئة تعمل على مراجعة التقرير النصف سنوي لمستوى التحول الرقمي، ويستلزم ذلك الحصول على نسخة محدثة من البيانات الإحصائية ذات العلاقة.    آمل التكرم بتزويد الهيئة بالبيانات في صيغتها التحليلية، والتنسيق مع فريق المؤشرات لضمان الاتساق مع المعايير الوطنية.    والسلام عليكم ورحمة الله وبركاته.

مع التحية، مؤسسة مسك"
ما هي تفاصيل ترشيح ممثل بشأن لعضوية فريق التكامل الرقمي في مجال التصدير والتجارة؟,"السيد/[anonymized] المحترم/ة,

يتم ترشيح ممثل للمشاركة في لعضوية فريق التكامل الرقمي في مجال التصدير والتجارة: سعادة الرئيس التنفيذي لهيئة تنمية الصادرات السعودية  سلّمه الله    السلام عليكم ورحمة الله وبركاته،    إشارة إلى خطاب سعادتكم رقم (????) وتاريخ ??/??/????هـ، بشأن ترشيح ممثل للمشاركة في فريق التكامل الرقمي للتجارة،    ترشح الهيئة الأستاذ/ [anonymized]، مستشار تطوير الأعمال الرقمية، لتمثيل الهيئة في فريق العمل المشترك المعني بتكامل الأنظمة الرقمية في مجال التصدير والتجارة.    ونأمل أن تسهم مشاركته في دعم المبادرات الوطنية ذات الصلة.    والسلام عليكم ورحمة الله وبركاته.

مع التحية، مؤسسة مسك"
كيف يتم التعبير عن الشكر بشأن على المشاركة في ورشة عمل البيانات الحكومية المفتوحة؟,"السيد/[anonymized] المحترم/ة,

يتم التعبير عن الشكر عبر خطاب رسمي يُشيد بالإنجازات: معالي رئيس مدينة الملك عبدالعزيز للعلوم والتقنية  حفظه الله    السلام عليكم ورحمة الله وبركاته،    إشارة إلى مشاركة المدينة المتميزة في ورشة عمل “مستقبل البيانات الحكومية المفتوحة”، التي عقدتها هيئة الحكومة الرقمية في مقرها يوم الأربعاء 17/10/1446هـ، أود إفادة معاليكم بأن العرض المقدم من المدينة بشأن المنهجيات العلمية لتحليل البيانات الحكومية لاقى اهتمامًا واسعًا من الجهات المشاركة.    عليه، آمل من معاليكم التفضل بنقل شكر الهيئة وتقديرها للزملاء الذين شاركوا في الورشة، كما نأمل استمرار التنسيق والتعاون العلمي بين الهيئة والمدينة في المشاريع ذات الاهتمام المشترك.  وللتنسيق في هذا الشأن، يمكن التواصل مع الأستاذ/ [anonymized]، بالهاتف المتنقل ([anonymized]) أو البريد الإلكتروني: ([anonymized]).    والسلام عليكم ورحمة الله وبركاته.

مع التحية، مؤسسة مسك"
ما هي مستجدات تحديثات منصة الإنفاق الحكومي؟,"السيد/[anonymized] المحترم/ة,

توفر الإحاطة تحديثات حول تحديثات منصة الإنفاق الحكومي: معالي وزير المالية  حفظه الله    السلام عليكم ورحمة الله وبركاته،    إشارة إلى الاجتماعات التنسيقية السابقة بين الهيئة ووزارة المالية بشأن تحسين التكامل الرقمي في منظومة الإنفاق الحكومي.    أود إفادة معاليكم بأن الهيئة أطلقت المرحلة التجريبية من تحديثات منصة “مراقب الإنفاق”، والتي تشمل تتبع الأداء اللحظي للمشتريات والميزانيات التشغيلية، وستمكّن الفرق الرقابية من إجراء تحليلات استباقية للحد من التجاوزات.    نأمل من معاليكم التفضل بتوجيه الفريق التقني المختص لدى الوزارة بمراجعة التحديثات وتزويد الهيئة بأي مرئيات أو مقترحات تطويرية.    والسلام عليكم ورحمة الله وبركاته.

مع التحية، مؤسسة مسك"
ما هي تفاصيل الإفادة بشأن الموافقة على الاستعانة بخدمات الأستاذ [anonymized] مستشارًا غير متفرغ لدى الهيئة العامة للمساحة والمعلومات الجيومكانية؟,"السيد/[anonymized] المحترم/ة,

توفر الإفادة معلومات حول الموافقة على الاستعانة بخدمات الأستاذ [anonymized] مستشارًا غير متفرغ لدى الهيئة العامة للمساحة والمعلومات الجيومكانية: سعادة رئيس الهيئة العامة للمساحة والمعلومات الجيومكانية  سلّمه الله    السلام عليكم ورحمة الله وبركاته،    إشارةً إلى خطاب سعادتكم رقم (????/??) وتاريخ 1446/10/19هـ، المتضمّن طلب الاستعانة بخدمات سعادة الأستاذ/ [anonymized]، مستشارًا (غير متفرغ) لدى الهيئة العامة للمساحة والمعلومات الجيومكانية، لمدة (ثلاثة) أشهر فقط.    أود إفادة سعادتكم بالموافقة على ما جاء في خطابكم، وذلك وفقًا للأنظمة والتعليمات المعمول بها، وضمن المدة المذكورة أعلاه، مع عدم تأثر أعماله لدى هيئة الحكومة الرقمية.    ويمكن للمختصين لدى جهتكم التواصل في هذا الشأن مع الأستاذ/ [anonymized] عبر الهاتف المتنقل: ([anonymized]) أو البريد الإلكتروني: [anonymized]    والسلام عليكم ورحمة الله وبركاته.    م. [anonymized]  محافظ هيئة الحكومة الرقمية

مع التحية، مؤسسة مسك"
ما هي تفاصيل الدعوة لحضور حفل افتتاح مبنى الإدارة العامة لبنك التنمية الاجتماعية؟,"السيد/[anonymized] المحترم/ة,

يتم إرسال دعوة رسمية لحضور حفل افتتاح مبنى الإدارة العامة لبنك التنمية الاجتماعية: معالي المهندس [anonymized]  محافظ هيئة الحكومة الرقمية  سلمه الله    السلام عليكم ورحمة الله وبركاته،،،    انطلاقاً من جهود بنك التنمية الاجتماعية ومساهماته بمسيرته التنموية الممتدة لأكثر من 53 عاماً في التمكين الشامل للأسر وبناء الوطن، وإزاء ما يدعمه التنمية المجتمعية الوطنية والطاقات الواعدة من خلال بيئة عمل تحفّز على الابتكار والاستدامة انسجاماً مع مستهدفات رؤية 2030؛    يسرني دعوتكم لحضور حفل افتتاح مبنى الإدارة العامة للبنك، وتدشين مقر (جادة 30)، برعاية كريمة وتقدير من صاحب السمو الملكي الأمير [anonymized] أمير منطقة الرياض –حفظه الله–، وذلك مساء يوم الاثنين 23 شعبان 1446هـ، الموافق 1 أبريل 2025م، في تمام الساعة 8:00 مساءً، بمقر البنك التنموي الواقع على طريق العليا العام بحي العليا بمدينة الرياض.    إن حضوركم الكريم سيثرى هذا الحدث ويعزز من أهميته، ليحتفي معنا بانطلاقة جديدة نحو آفاق أرحب من التميز والإنجاز.  وللتنسيق في هذا الشأن، أمل من معاليكم الكريم توجيه من ترون بالتواصل مع الأستاذ/ [anonymized]، على الجوال رقم (###) أو البريد الإلكتروني (###).    وتفضلوا بقبول أطيب تحياتي،،،    [anonymized]  الرئيس التنفيذي

مع التحية، مؤسسة مسك"
ما هي متطلبات الموافقة على مشروع تطوير البنية التحتية للطاقة النظيفة؟,"السيد/[anonymized] المحترم/ة,

يتطلب الموافقة على مشروع تطوير البنية التحتية للطاقة النظيفة تقديم طلب رسمي مع الوثائق: معالي وزير الطاقة  حفظه الله    السلام عليكم ورحمة الله وبركاته،    نظرًا لأهمية الاستثمار في مشاريع الطاقة المستدامة، وفي إطار جهود الوزارة لتقليل الاعتماد على الوقود التقليدي،  نرفع إلى معاليكم طلبًا للموافقة على تنفيذ “مشروع تطوير البنية التحتية للطاقة النظيفة”،  والذي يستهدف تعزيز استخدام الطاقة الشمسية وطاقة الرياح، من خلال تطوير شبكات حديثة ومراكز إنتاج تعتمد على مصادر الطاقة المتجددة، بما يواكب مستهدفات رؤية المملكة 2030.    نأمل من معاليكم التكرم بالموافقة، والتوجيه بما يلزم لإطلاق المشروع بالتعاون مع الجهات ذات العلاقة.    والسلام عليكم ورحمة الله وبركاته.

مع التحية، مؤسسة مسك"
ما هي إجراءات تنسيق مشاركة برنامج السعودية الرقمية في معرض جايتكس دبي 2023؟,"السيد/[anonymized] المحترم/ة,

يتطلب تنسيق مشاركة برنامج السعودية الرقمية في معرض جايتكس دبي 2023 التواصل مع الجهات: الموضوع: بشأن مشاركة برنامج السعودية الرقمية في معرض جايتكس دبي 2023    معالي / سعادة [عدة جهات: هيئة الزكاة، هيئة الصادرات، وزارة الثقافة، وزارة العدل، وزارة الصناعة، وزارة الداخلية وغيرها]  حفظهم الله    السلام عليكم ورحمة الله وبركاته    إشارة إلى تعميم معالي رئيس الديوان الملكي رقم (39175) وتاريخ 1444/6/4هـ، المتضمن توجيه مجلس الوزراء بأن تكون مشاركة الجهات الحكومية في الفعاليات المتعلقة بالحكومة الرقمية – بالتنسيق مع هيئة الحكومة الرقمية – عبر برنامج السعودية الرقمية.    وبناءً عليه، يسر الهيئة دعوتكم للمشاركة في معرض جايتكس دبي 2023، الذي سيُقام في المدة من 16 إلى 20 أكتوبر.    نأمل منكم:   • تأكيد المشاركة   • ترشيح ضابط اتصال للتنسيق حول المعرض والفعاليات المرتبطة بالحكومة الرقمية    للتنسيق يمكن التواصل مع:  الأستاذة/ [anonymized]   • الهاتف: 0000000000   • البريد الإلكتروني: [anonymized]     وتقبلوا خالص تحياتي.  م. [anonymized]  محافظ هيئة الحكومة الرقمية

مع التحية، مؤسسة مسك"
ما هي متطلبات تمديد تكليف أمين عام منظمة التعاون الرقمي لأربع سنوات إضافية؟,"السيد/[anonymized] المحترم/ة,

يتطلب تمديد تكليف أمين عام منظمة التعاون الرقمي لأربع سنوات إضافية تقديم طلب رسمي مع الوثائق: صاحب السمو وزير الخارجية  حفظه الله    السلام عليكم ورحمة الله وبركاته،،،    إشارةً إلى البرقية السامية رقم (71186) وتاريخ 1446/10/1هـ، والمتضمنة الأمر السامي رقم (40157) وتاريخ 1442/7/18هـ، القاضي بترشيح الأستاذة/ [anonymized] أمينًا عامًا لمنظمة التعاون الرقمي، وإلى برقيتكم رقم (154913) وتاريخ 1446/6/5هـ، بشأن طلب تمديد تكليفها أمينًا عامًا للمنظمة لمدة أربع سنوات إضافية.    وحيث وردت برقية معالي الأمين العام لمجلس الوزراء رقم (12072) وتاريخ 1446/9/26هـ، المتضمنة توصية مجلس الشؤون الاقتصادية والتنمية رقم (9/46-8/هـ) وتاريخ 1446/8/14هـ، بما يلي:    أولًا: الموافقة على تمديد تكليف الأستاذة/ [anonymized] أمينًا عامًا لمنظمة التعاون الرقمي لمدة أربع سنوات إضافية.  ثانيًا: قيام وزارة الاتصالات وتقنية المعلومات - بالتنسيق مع وزارة الخارجية - باستكمال ما يلزم حيال ذلك.    نأمل من سموكم الكريم التفضل بتوجيه المختصين لدى وزارة الخارجية لتسليم الخطاب المرفق إلى الأمانة العامة لمنظمة التعاون الرقمي، وفق الطرق الدبلوماسية المتبعة.    وللتنسيق، يمكن التواصل مع الأستاذة/ [anonymized]، عبر الهاتف المتنقل ([anonymized]) أو البريد الإلكتروني ([anonymized]).    والسلام عليكم ورحمة الله وبركاته.    [anonymized]  وزير الاتصالات وتقنية المعلومات  رئيس مجلس إدارة هيئة الحكومة الرقمية

مع التحية، مؤسسة مسك"
ما هي تفاصيل ترشيح ممثل بشأن في لجنة تسريع التحول الرقمي في الأمانات؟,"السيد/[anonymized] المحترم/ة,

يتم ترشيح ممثل للمشاركة في في لجنة تسريع التحول الرقمي في الأمانات: سعادة أمين منطقة القصيم سلّمه الله  السلام عليكم ورحمة الله وبركاته،  إشارة إلى التوصيات الصادرة عن ملتقى “التقنية في خدمة المدن”، المنعقد في الرياض بتاريخ ??/??/????هـ، بشأن تسريع التحول الرقمي في الأمانات.  أود إفادة سعادتكم بأن الهيئة بصدد تشكيل لجنة دائمة لمتابعة تنفيذ خارطة التحول الرقمي للقطاع البلدي، وتهدف إلى التوحيد والتكامل بين المنصات البلدية والخدمية.  نأمل من سعادتكم التكرم بترشيح ممثل عن الأمانة ضمن أعمال اللجنة الفنية.  والسلام عليكم ورحمة الله وبركاته.

مع التحية، مؤسسة مسك"
ما هي متطلبات المشاركة في مشروع التحول الرقمي الخليجي المشترك؟,"السيد/[anonymized] المحترم/ة,

يتطلب المشاركة في مشروع التحول الرقمي الخليجي المشترك تقديم طلب رسمي مع الوثائق: معالي وزير الاقتصاد والتخطيط حفظه الله    السلام عليكم ورحمة الله وبركاته،    في إطار جهود المملكة لتعزيز التكامل الرقمي بين دول مجلس التعاون الخليجي،  نرفع إلى معاليكم طلب المشاركة في مشروع “التحول الرقمي الخليجي المشترك”،  الذي يهدف إلى توحيد الأنظمة والخدمات الحكومية بين دول المجلس، بما يسهم في تسهيل تبادل المعلومات، وتقديم خدمات إلكترونية موحدة للمواطنين في جميع الدول الأعضاء.    نأمل من معاليكم التكرم بالتوجيه بما يلزم للمشاركة في المشروع، والتنسيق مع الجهات ذات العلاقة لضمان نجاح هذه المبادرة الإقليمية.    والسلام عليكم ورحمة الله وبركاته.

مع التحية، مؤسسة مسك"
كيف يتم التعبير عن الشكر بشأن لمركز المعلومات الوطني على المشاركة في الاجتماع التنسيقي؟,"السيد/[anonymized] المحترم/ة,

يتم التعبير عن الشكر عبر خطاب رسمي يُشيد بالإنجازات: سعادة المدير العام لمركز المعلومات الوطني  سلّمه الله    السلام عليكم ورحمة الله وبركاته،    إشارة إلى مشاركة المركز في الاجتماع التنسيقي الرابع للجهات الحكومية المعنية بمنصة التكامل الرقمي الموحد، والذي عُقد في مقر الهيئة بتاريخ ??/??/????هـ.    أود إفادة سعادتكم بأن المداخلات الفنية والمقترحات التي قدمها فريق المركز كانت ذات أثر كبير في ضبط مسارات العمل، وساهمت في تسريع اعتماد النموذج المرجعي المشترك.    ويسرني بهذه المناسبة أن أعبّر عن شكر الهيئة وتقديرها لمساهمتكم النوعية، آملين استمرار الشراكة البناءة في المشاريع الوطنية ذات الطابع الإستراتيجي.    والسلام عليكم ورحمة الله وبركاته.

مع التحية، مؤسسة مسك"
ما هي تفاصيل الإفادة بشأن المتطلبات الأساسية لاعتماد الترقيم الموحد للجهات الحكومية؟,"السيد/[anonymized] المحترم/ة,

توفر الإفادة معلومات حول المتطلبات الأساسية لاعتماد الترقيم الموحد للجهات الحكومية: معالي رئيس الهيئة السعودية للبيانات والذكاء الاصطناعي  حفظه الله    السلام عليكم ورحمة الله وبركاته،    إشارةً إلى برقية معاليكم رقم (2/6065) وتاريخ 14/7/1446هـ، المبنيّة على برقية معالي المشرف العام على المركز الوطني للوثائق والمحفوظات رقم (94) وتاريخ 2/7/1446هـ، والمتضمّنة تكليف المركز الوطني للوثائق والمحفوظات -بالتنسيق مع مركز المعلومات الوطني- باستكمال تحديد المتطلبات الأساسية والاشتراطات والنماذج الموحدة والمخصصة لاعتماد الترقيم الموحد للجهات الحكومية المبتدئ بالرقم (7)، وطلب معاليكم التنسيق مع المركز في هذا الشأن.    أودّ إفادة معاليكم بأنّه لم تصدر -حتى تاريخه- الأداة النظامية الممكِّنة للمركز، وذلك استنادًا إلى ما جرى رفعه لهيئة الخبراء بمجلس الوزراء من اللجنة العامة لمجلس الوزراء برقم (12624) وتاريخ 27/8/1444هـ، المُشتملة على برقية هذه الهيئة رقم (4098) وتاريخ 13/8/1444هـ، بشأن نتائج الفريق الفني المُشكّل لدراسة الموضوعات التنظيمية والتقنية الخاصة بالتصميم، وتطوير النظم، والتحول، والربط، واعتماد الترقيم الموحد للجهات الحكومية لدى مركز المعلومات الوطني.    كما أودّ إحاطة معاليكم بأنّ اللجنة المُشكّلة في هيئة الخبراء بمجلس الوزراء -وبمشاركة الجهات ذات العلاقة- قد أوصت في ختام أعمالها بالعرض على مجلس الوزراء؛ للنظر في الموافقة على اعتماد الترقيم الموحد المبتدئ بالرقم (7) والصادر من مركز المعلومات الوطني، ليكون الرقم الموحد للجهات الحكومية، ويتولى المركز الوطني للوثائق والمحفوظات مراجعته وتطويره بالتنسيق مع ما يراه من الجهات ذات العلاقة.    عليه، آمل من معاليكم الاطلاع والإحاطة.    والسلام عليكم ورحمة الله وبركاته.    [anonymized]  وزير الاتصالات وتقنية المعلومات  رئيس مجلس إدارة هيئة الحكومة الرقمية

مع التحية، مؤسسة مسك"
ما هي تفاصيل ترشيح ممثل بشأن ترشيح موظف لحضور دورة تدريبية في التحليل الرقمي؟,"السيد/[anonymized] المحترم/ة,

يتم ترشيح ممثل للمشاركة في ترشيح موظف لحضور دورة تدريبية في التحليل الرقمي: معالي محافظ هيئة الحكومة الرقمية  حفظه الله    السلام عليكم ورحمة الله وبركاته،    يسر [اسم الجهة] ترشيح الأستاذ/ X لحضور الدورة التدريبية المتخصصة في “التحليل الرقمي للبيانات الحكومية”، والتي ستعقد خلال الفترة من 1446/1/5هـ إلى 1446/1/10هـ.    نأمل من معاليكم التكرم بالموافقة على الترشيح واعتماد المشاركة.    وتفضلوا بقبول خالص التحية والتقدير.

مع التحية، مؤسسة مسك"
ما هي تفاصيل ترشيح ممثل بشأن ترشيح منصة صحتي لتمثيل المملكة في جائزة القمة العالمية؟,"السيد/[anonymized] المحترم/ة,

يتم ترشيح ممثل للمشاركة في ترشيح منصة صحتي لتمثيل المملكة في جائزة القمة العالمية: الموضوع: ترشيح منصة “صحتي” لتمثيل المملكة في جائزة القمة العالمية    معالي وزير الصحة  حفظه الله    السلام عليكم ورحمة الله وبركاته،    إشارة إلى قرار مجلس الوزراء رقم (418) وتاريخ 1442/7/25هـ، الصادر بالموافقة على تنظيم هيئة الحكومة الرقمية،  الذي نصّ في مادته الثالثة على أن “الهيئة هي الجهة المختصة بكل ما يتعلق بالحكومة الرقمية، وتُعد المرجع الوطني في شؤونها”،  وتهدف إلى تنظيم أعمال الحكومة الرقمية في الجهات الحكومية من أجل الوصول إلى حكومة رقمية استباقية ومبادرة وقادرة على تقديم خدمات رقمية ذات كفاية عالية، وتحقيق التكامل بين الجهات الحكومية كافة.    وانطلاقًا من تعزيز التنافسية الرقمية ونشر قصص النجاح الحكومية وتبنّي الحلول المبتكرة،  وتقديم حزمة من الخدمات الاستشارية النوعية لدعم وتمكين الجهات الحكومية،  ولكون الهيئة الخبير الوطني لدى جائزة القمة العالمية، التي تُعنى بتشجيع الاستخدام المتميز لتقنية المعلومات والاتصالات وتقديم محتوى إلكتروني يسهم في بناء مجتمع معلوماتي شامل؛    يطيب لي إفادة معاليكم بأنه رُشح مشروع “منصة صحتي” لتمثيل المملكة في فئة (الصحة والرفاهية) ضمن جائزة القمة العالمية (WSA)، للتنافس دوليًا،  وسيُعلن عن نتائج الجائزة – بمشيئة الله – في مارس 2024م.    ومن هذا المنطلق، نشكر الإخوة الكرام: X، وX، والفرق الأخرى الداعمة.    وللتنسيق يمكن للمختصين لديكم التواصل مع:  الأستاذة/ X   • الجوال: 0000000000   • البريد الإلكتروني: [anonymized]    وتفضلوا معاليكم بقبول خالص التحية والتقدير.    م. [anonymized]  محافظ هيئة الحكومة الرقمية

مع التحية، مؤسسة مسك"
ما هي تفاصيل ترشيح ممثل بشأن ضمن فريق تطوير منصة الموارد الرقمية الوطنية؟,"السيد/[anonymized] المحترم/ة,

يتم ترشيح ممثل للمشاركة في ضمن فريق تطوير منصة الموارد الرقمية الوطنية: معالي وزير الموارد البشرية والتنمية الاجتماعية  حفظه الله    السلام عليكم ورحمة الله وبركاته،    إشارة إلى خطاب معاليكم رقم (????) وتاريخ ??/?/????هـ، بشأن ترشيح ممثل عن الهيئة ضمن فريق تطوير منصة الموارد الرقمية الوطنية.    أود إفادة معاليكم بأن الهيئة ترشح الأستاذ/ [anonymized]، مدير إدارة التكامل الحكومي، لتمثيلها في هذا الفريق، نظرًا لما يمتلكه من خبرة متقدمة في تصميم البنية الرقمية للموارد البشرية.    وللتنسيق، يمكن التواصل معه عبر الهاتف المتنقل ([anonymized]) أو البريد الإلكتروني ([anonymized]).    والسلام عليكم ورحمة الله وبركاته.

مع التحية، مؤسسة مسك"
كيف يتم التعبير عن الشكر بشأن التميز في إدارة الملفات؟,"السيد/[anonymized] المحترم/ة,

يتم التعبير عن الشكر عبر خطاب رسمي يُشيد بالإنجازات: المكرم مدير مجمع آل مشحنة المتوسط والثانوي ومنسوبي المجمع  السلام عليكم ورحمة الله وبركاته    بناءً على ما نقله لنا المشرف المتابع، أتقدم أصالةً عن نفسي ونيابةً عن زملائي في مكتب تعليم الريث بخالص التهنئة على تميزكم في إدارة ملف الاختبارات خلال الفصل الدراسي الأول من العام الدراسي الحالي ????-???? هـ. وهذا ليس بمستغرب منكم فقد كان لكم قصب السبق في التميز والإبداع.    وتقبلوا خالص تحياتي.

مع التحية، مؤسسة مسك"
كيف يتم التعبير عن الشكر بشأن على التعاون في مشروع تتبع المركبات؟,"السيد/[anonymized] المحترم/ة,

يتم التعبير عن الشكر عبر خطاب رسمي يُشيد بالإنجازات: سعادة رئيس الهيئة العامة للنقل  سلّمه الله    السلام عليكم ورحمة الله وبركاته،  إشارة إلى خطاب سعادتكم رقم (????) وتاريخ ??/?/????هـ، بشأن تعاون الهيئة في مشروع تتبع مركبات الجهات الحكومية،  تتقدم الهيئة بخالص الشكر والتقدير لسعادتكم على التعاون في تنفيذ مشروع تتبع مركبات الجهات الحكومية، والذي ساهم في رفع كفاءة الاستخدام وتعزيز الرقابة التشغيلية.  ونتطلع إلى استمرار هذا التعاون في تطوير الأنظمة المساندة وتعزيز التكامل مع المنصة الوطنية للنقل.  والسلام عليكم ورحمة الله وبركاته.

مع التحية، مؤسسة مسك"
ما هي تفاصيل الإفادة بشأن إفادة مستوى تكامل أنظمة الطاقة مع المنصات الحكومية؟,"السيد/[anonymized] المحترم/ة,

توفر الإفادة معلومات حول إفادة مستوى تكامل أنظمة الطاقة مع المنصات الحكومية: صاحب السمو الملكي وزير الطاقة  حفظه الله    السلام عليكم ورحمة الله وبركاته،    إشارة إلى خطاب سموكم رقم (????) وتاريخ ??/??/????هـ، بشأن مستوى تكامل أنظمة الطاقة مع المنصات الحكومية،    أود إفادة سموكم بأن الهيئة أنهت المرحلة الأولى من تقييم مستوى تكامل الأنظمة المرتبطة بقطاع الطاقة مع المنصات الوطنية، وقد أظهرت النتائج تحقيق درجات توافق عالية في البنى التحتية ولكن ما زالت هناك فجوات في تبادل البيانات اللحظي.    آمل من سموكم التفضل بتوجيه الجهات المختصة لدعم خطة الهيئة في معالجة تلك الفجوات واستكمال الربط الشامل قبل نهاية العام.    والسلام عليكم ورحمة الله وبركاته.

مع التحية، مؤسسة مسك"
ما هي تفاصيل الدعوة لحضور دعوة لزيارة جناح السعودية الرقمية ضمن مؤتمر LEAP24؟,"السيد/[anonymized] المحترم/ة,

يتم إرسال دعوة رسمية لحضور دعوة لزيارة جناح السعودية الرقمية ضمن مؤتمر LEAP24: الموضوع: دعوة لزيارة جناح السعودية الرقمية    سعادة مساعد وزير التعليم للتطوير والتحول  حفظه الله    السلام عليكم ورحمة الله وبركاته،    تحتضن المملكة العربية السعودية ممثلة بمنظومة الاتصالات وتقنية المعلومات مؤتمر LEAP24، الذي تنظمه المملكة خلال الفترة من 1445/8/26هـ الموافق 2024/3/4م إلى 2024/3/7م في مركز الرياض للمؤتمرات والمعارض،  وهو أكبر حدث تقني في المنطقة، بمشاركة شركات التقنية الأكثر ابتكارًا في العالم، وصناديق الاستثمارات المحلية والعالمية، وكبار المستثمرين في الأسواق التقنية العالمية.    ويهدف المؤتمر إلى تعزيز مكانة المملكة على الخارطة العالمية في مجال التقنيات الناشئة والاستثمار التقني والابتكار، وفتح آفاق جديدة للاستثمار في قطاع التقنية، وتحقيق الاستفادة القصوى من الإمكانيات في ظل الدعم الكبير الذي توليه القيادة الرشيدة.    وعلى هامش المؤتمر، تنظم هيئة الحكومة الرقمية جناح “السعودية الرقمية”، الذي يستعرض جهود الجهات الحكومية في التحول الرقمي، بما في ذلك تطوير الخدمات الحكومية الرقمية وقصص النجاح المحلية والدولية حول الحكومة الرقمية.    عليه، يسرني دعوتكم لزيارة جناح السعودية الرقمية،  وللمزيد من التنسيق يمكن التواصل مع:  الأستاذة/ X    • الجوال: 000   • البريد الإلكتروني: [anonymized]     وتفضلوا بقبول خالص تحياتي.  م. [anonymized]  محافظ هيئة الحكومة الرقمية

مع التحية، مؤسسة مسك"
ما هي متطلبات بشأن تكامل البيانات بين منصتي الاستثمار الرقمي؟,"السيد/[anonymized] المحترم/ة,

يتطلب بشأن تكامل البيانات بين منصتي الاستثمار الرقمي تقديم طلب رسمي مع الوثائق: معالي وزير الاستثمار حفظه الله  السلام عليكم ورحمة الله وبركاته،  إشارة إلى مشروع تكامل المنصات الاستثمارية الحكومية ضمن “مبادرة تمكين الاستثمار الرقمي”.  أود إفادة معاليكم بأن الهيئة تعمل على بناء واجهات تكامل بين منصتكم ومنصة دعم المستثمر الرقمية، وذلك لتمكين تبادل البيانات بين الجهتين في الوقت الحقيقي، وتحسين مؤشرات الأداء الاستثماري الوطني.  عليه، آمل من معاليكم التفضل بتسمية فريق تقني للتنسيق مع المختصين في الهيئة.  والسلام عليكم ورحمة الله وبركاته.

مع التحية، مؤسسة مسك"
ما هي تفاصيل ترشيح ممثل بشأن للمشاركة في فريق عمل تنظيم منتدى حوكمة الإنترنت 2024؟,"السيد/[anonymized] المحترم/ة,

يتم ترشيح ممثل للمشاركة في للمشاركة في فريق عمل تنظيم منتدى حوكمة الإنترنت 2024: معالي وزير السياحة  حفظه الله    السلام عليكم ورحمة الله وبركاته،    إشارة إلى برقية معالي رئيس الديوان الملكي رقم (39180) وتاريخ 1444/6/4هـ، المبلّغ بها الموافقة الكريمة على ما وجّه به مجلس الوزراء في جلسته المنعقدة بتاريخ 1444/6/3هـ، بشأن قيام هيئة الحكومة الرقمية بما يلزم لاستضافة المملكة لمنتدى حوكمة الإنترنت التابع لمنظمة الأمم المتحدة، والرفع عمّا يستلزم.    وإشارة إلى برقية سعادة وكيل وزارة الخارجية للشؤون الدولية المتعددة رقم (046735-45-001) وتاريخ 1445/2/18هـ، المرفق بها خطاب وكيل الأمين العام للأمم المتحدة للشؤون الاقتصادية والاجتماعية السيد/ [anonymized]، رقم (DESA-01891/23) وتاريخ 2023/8/21م، المتضمن موافقة منظمة الأمم المتحدة على استضافة المملكة العربية السعودية للمنتدى لعام 2024م في مدينة الرياض.    تسعى الهيئة إلى تشكيل فريق عمل للتنسيق والتحضير لجميع الأعمال المتعلقة باستضافة المنتدى، بالإضافة إلى تحضير فريق العمل لزيارة دولة اليابان للاطلاع والاستفادة من تجربتها في استضافة المنتدى لعام 2023م، والمزمع إقامته في مدينة كيوتو خلال المدة من 8 إلى 12 أكتوبر 2023م، وذلك تمهيدًا للتحضير والإعداد لاستضافته في مدينة الرياض في الربع الرابع من عام 2024م.    آمل من معاليكم التكرم بتسمية مرشح من وزارتكم الموقرة للمشاركة في فريق العمل، والتنسيق في هذا الشأن مع الأستاذ/ [anonymized] على البريد الإلكتروني: [anonymized]    وتفضلوا معاليكم بقبول خالص التحية والتقدير.    م. [anonymized]  محافظ هيئة الحكومة الرقمية

مع التحية، مؤسسة مسك"
ما هي تفاصيل إعادة تشكيل فريق عمل تنمية المحتوى المحلي؟,"السيد/[anonymized] المحترم/ة,

بناءً على الصلاحيات المخولة لنا نظامًا، وبالاطلاع على تنظيم الهيئة الصادر بقرار مجلس الوزراء رقم (???) وتاريخ ????/?/??هـ، وبعد الاطلاع على الأمر السامي رقم (?????) وتاريخ ????/?/?هـ القاضي بقيام كل جهة حكومية بإنشاء أعمال وإجراءات بما في ذلك الأعمال والمشتريات والعقود بشكلٍ يحقق تنمية المحتوى المحلي، وبناءً على مصلحة العمل وحسن سيره وانتظامه، فقد تقرر ما يلي:    أولًا: الموافقة على إعادة تشكيل فريق عمل تنمية المحتوى المحلي بالهيئة، وتكون عضويته كما يلي:   • مسـاعد رئيس الهيئة للمعرفة - قطاع الخدمات المشتركة (رئيسًا).   • [anonymized] - قطاع الشراكات والتكامل (عضوًا).   • [anonymized] - قطاع المخاطر واستمرارية الأعمال (عضوًا).   • [anonymized] - قطاع الأعمال والتحول الرقمي (عضوًا).   • [anonymized] فتال - قطاع الابتكار والتقنيات الناشئة (عضوًا).   • م. [anonymized] - قطاع الاستثمار والتميز الحكومي (عضوًا).   • [anonymized] - قطاع الإستراتيجية والشراكات (عضوًا).   • [anonymized] - قطاع الخدمات المشتركة (عضوًا).   • [anonymized] - قطاع الخدمات المشتركة (عضوًا وأمينًا).    ثانيًا: يعقد الفريق اجتماعاته كل (ثلاثة) أشهر، ويجوز لرئيس الفريق الدعوة لعقد اجتماعات أخرى كلما استدعت الحاجة إلى ذلك.    ثالثًا: يجوز لفريق العمل الاستعانة بمن يراه مناسبًا من خبراء ومستشارين داخل الهيئة أو خارجها لإنجاز مهامه. ويعمل بهذا القرار من تاريخه، ويبلغ من يلزم لتنفيذه والعمل بمقتضاه.    والله الموفق.    والسلام عليكم ورحمة الله وبركاته.    م. [anonymized]  محافظ هيئة الحكومة الرقمية

مع التحية، مؤسسة مسك"
ما هي مستجدات  توصية بعقد ورشة؟,"السيد/[anonymized] المحترم/ة,

توفر الإحاطة تحديثات حول  توصية بعقد ورشة: الموضوع: بشأن عقد ورشة عمل عن توصيات اليونسكو لأخلاقيات الذكاء الاصطناعي    معالي محافظ هيئة الحكومة الرقمية  حفظه الله    السلام عليكم ورحمة الله وبركاته،    إشارة إلى:   • قرار مجلس الوزراء رقم (19) وتاريخ 1445/1/7هـ بشأن الموافقة على إنشاء المركز الدولي لأبحاث وأخلاقيات الذكاء الاصطناعي.   • قرار اللجنة التنفيذية للحكومة الإلكترونية بدول مجلس التعاون لدول الخليج العربية المؤرخ في 2021/6/20م.    العرض:  يطيب لي العرض على معاليكم خطابًا موجهًا للأمانة العامة لمجلس التعاون لدول الخليج العربية، بشأن عقد ورشة عمل عن توصيات وأدوات منظمة اليونسكو لأخلاقيات الذكاء الاصطناعي، بالتعاون مع الهيئة السعودية للبيانات والذكاء الاصطناعي، وبحضور الدول الأعضاء، وذلك في شهر يناير القادم، في مقر الأمانة العامة للمجلس.    التوصية:  للتفضل بالاطلاع وتوقيع مسودة الخطاب أو التوجيه بما ترونه مناسبًا.    وتفضلوا معاليكم بقبول خالص تحياتي،  [anonymized]  الرئيس التنفيذي للابتكار والتقنيات الناشئة

مع التحية، مؤسسة مسك"
ما هي تفاصيل تبليغ قرار مجلس الإدارة رقم (م-10-5) بشأن برنامج الإعارة للجهات الدولية؟,"السيد/[anonymized] المحترم/ة,

سعادة نائب المحافظ لقطاع الخدمات المشتركة  سلّمه الله    السلام عليكم ورحمة الله وبركاته،    إشارةً إلى محضر اجتماع مجلس الإدارة رقم (م-10) المنعقد بتاريخ 10/9/1446هـ الموافق 10/3/2025م، المتضمن مداولة محور “برنامج الإعارة للجهات الدولية”، واستنادًا إلى:   1. الفقرة (أولًا) من المادة (22) من اللائحة الإدارية المعتمدة بقرار مجلس الإدارة رقم (م-8-4) وتاريخ 3/9/1445هـ، التي تجيز -بعد موافقة المسؤول الأول- إعارة العامل لدى الهيئة لأي جهة داخل المملكة أو خارجها، بما في ذلك المنظمات الدولية، وتكون الإعارة بقرار من المسؤول الأول حال تحمل الجهة المستعيرة كامل التكاليف، أو بقرار من مجلس الإدارة في حال تحمل الهيئة التكاليف.   2. الفقرة (1) من المهمة رقم (15) في مصفوفة صلاحيات الموارد البشرية المعتمدة بقرار المجلس رقم (م-9) وتاريخ 15/2/1446هـ، والتي تنص على أن مجلس الإدارة هو صاحب الصلاحية النهائية لاعتماد طلب الإعارة حال تحمّل الهيئة للتكاليف.   3. قرارا مجلس الوزراء رقم (34) وتاريخ 27/1/1437هـ، ورقم (339) وتاريخ 19/5/1441هـ، بشأن تشكيل لجنة دائمة في وزارة الخارجية مختصة بترشيح المواطنين للعمل في المنظمات والهيئات الإقليمية والدولية.   4. الفقرة (13) من المادة (الرابعة) من لائحة عمل لجنة الترشيحات والمكافآت، بشأن مراجعة طلبات الإعارة لجهات خارجية لدعم أعمال الهيئة.    وعليه، وبناءً على توصية لجنة الترشيحات والمكافآت بقرار رقم (ش ر-7-1) وتاريخ 25/8/1446هـ الموافق 24/2/2025م، أقرّ المجلس قراره رقم (م-10-5) القاضي بـ:    أولًا: اعتماد ترشيح الدكتورة/ [anonymized]، للإعارة إلى البنك الدولي، مع تحمّل الهيئة لكامل التكاليف والنسب المقررة نظامًا، والرفع بذلك إلى اللجنة الدائمة بوزارة الخارجية.  ثانيًا: اعتماد ترشيح كلٍّ من: [anonymized] مهدي اليامي، [anonymized] مداوي آل مخلد، للإعارة إلى إحدى الجهات المماثلة لهيئة الحكومة الرقمية في جمهورية سنغافورة، مع تحمّل الهيئة لكامل التكاليف والنسب المقررة، والرفع بذلك إلى اللجنة الدائمة بوزارة الخارجية.  ثالثًا: الموافقة على تفويض معالي المحافظ أو من ينيبه للتوقيع على الاتفاقيات الخاصة بالإعارة بين الهيئة والجهات المستعيرة.    للاطلاع واتخاذ ما يلزم.    والسلام عليكم ورحمة الله وبركاته.    م. [anonymized]  محافظ هيئة الحكومة الرقمية

مع التحية، مؤسسة مسك"
ما هي إجراءات تنفيذ التعميم بشأن معايير نشر البيانات المفتوحة؟,"السيد/[anonymized] المحترم/ة,

يتم تنفيذ التعميم عبر إبلاغ الجهات المعنية: سعادة رؤساء وحدات التحول الرقمي  سلّمه الله    السلام عليكم ورحمة الله وبركاته،  إشارة إلى اعتماد اللجنة الوطنية للبيانات المفتوحة لمجموعة المعايير الفنية والتنظيمية لنشر البيانات الحكومية،  تؤكد الهيئة ضرورة الالتزام بهذه المعايير عند نشر أو تحديث أي بيانات على المنصة الوطنية، بما يضمن جودة البيانات وتكاملها مع الأنظمة التحليلية.  ويبدأ تطبيق المعايير بشكل إلزامي ابتداءً من 01/02/1448هـ، على أن يتم تزويد الهيئة بتقرير تقييمي كل ربع سنة.  والسلام عليكم ورحمة الله وبركاته.

مع التحية، مؤسسة مسك"
ما هي متطلبات دعم فني لتكامل البوابات الحكومية؟,"السيد/[anonymized] المحترم/ة,

يتطلب دعم فني لتكامل البوابات الحكومية تقديم طلب رسمي مع الوثائق: معالي وزير الموارد البشرية والتنمية الاجتماعية  حفظه الله    السلام عليكم ورحمة الله وبركاته،    إشارة إلى خطاب معاليكم رقم (????) وتاريخ ??/?/????هـ، بشأن مشروع الربط بين بوابة الوزارة والبوابة الوطنية للخدمات الحكومية.    أود إفادة معاليكم بأن الهيئة بصدد تطوير واجهات برمجية تكاملية جديدة تعتمد على أحدث المعايير الأمنية والتقنية، وتدعم مسارات التكامل المؤسسي ضمن خطط التحول الرقمي الحكومي.    عليه، آمل من معاليكم التفضل بتوجيه فرق الوزارة المختصة بالتنسيق مع الفريق الفني في الهيئة لضمان التفعيل المتكامل في المرحلة القادمة.    والسلام عليكم ورحمة الله وبركاته.

مع التحية، مؤسسة مسك"
ما هي تفاصيل الإفادة بشأن ترشيح مستشفى صحة الافتراضي لجائزة تكنولوجيا الحكومات؟,"السيد/[anonymized] المحترم/ة,

توفر الإفادة معلومات حول ترشيح مستشفى صحة الافتراضي لجائزة تكنولوجيا الحكومات: عاجل جدًا  الموضوع: بشأن الترشيح لجائزة تكنولوجيا الحكومات  معالي وزير الصحة  حفظه الله    السلام عليكم ورحمة الله وبركاته،    إشارة إلى قرار مجلس الوزراء رقم (418) وتاريخ 1442/7/25هـ، الصادر بالموافقة على تنظيم هيئة الحكومة الرقمية، والذي نصّ في مادته الثالثة على أن “الهيئة هي الجهة المختصة بكل ما يتعلق بالحكومة الرقمية، وتُعد المرجع الوطني في شؤونها، وتهدف إلى تنظيم أعمال الحكومة الرقمية في الجهات الحكومية، من أجل الوصول إلى حكومة رقمية استباقية ومبادرة وقادرة على تقديم خدمات رقمية ذات كفاية عالية، وتحقيق التكامل في مجال الحكومة الرقمية بين الجهات كافة”،    وإشارة إلى برقية سمو وزير الخارجية رقم (196147-45-001) وتاريخ 1445/6/28هـ، المتضمنة تلقي الوزارة مذكرة من سفارة دولة الإمارات العربية المتحدة بالرياض بشأن مشاركة الجانب السعودي في الترشيح لجائزة تكنولوجيا الحكومات لعام 2024م، وما أوضحه سموه حيال أهمية مشاركة المملكة في هذه الجائزة لإبراز دورها الريادي في تطور الخدمات الحكومية والرقمية والذكاء الاصطناعي في ظل رؤية المملكة 2030.    وانطلاقًا من تعزيز التنافسية الرقمية بين الجهات الحكومية وتبني الحلول المبتكرة، وسعي هيئة الحكومة الرقمية إلى دعم الجهات الحكومية وتمكينها من تنفيذ مستهدفات التحول الرقمي الحكومي، وتحقيقًا لدورها في إبراز المكانة الرقمية الرائدة للمملكة على المستوى الإقليمي والدولي عبر نشر قصص النجاح المتميزة في المحافل العالمية؛ ومن بينها “جائزة تكنولوجيا الحكومات” المقدّمة من برنامج الإمارات للخدمة الحكومية المتميزة، والتي تهدف إلى التعرف على الحلول التي تتبنى مناهج وتقنيات جديدة وتستفيد بكفاءة من التكنولوجيا لتطوير الخدمات الحكومية.    عليه، يطيب لي إفادة معاليكم بأنّه قد تم ترشيح مشروع (مستشفى صحة الافتراضي) التابع لجهتكم الموقرة لتمثيل المملكة وللتنافس دوليًا في جائزة تكنولوجيا الحكومات 2024م، والتي سيُعلن عن نتائجها – بمشيئة الله – في شهر فبراير 2024م.    ويمكن للمختصين لديكم التواصل والتنسيق في هذا الشأن مع الأستاذ/ [anonymized]. ب. المطيري عبر الهاتف المتنقل: 0000000000 أو البريد الإلكتروني: [anonymized]    وتفضلوا معاليكم بقبول خالص تحياتي.  م. [anonymized]  محافظ هيئة الحكومة الرقمية

مع التحية، مؤسسة مسك"
ما هي متطلبات تسمية نقطة اتصال للتكامل في المحتوى الثقافي الرقمي؟,"السيد/[anonymized] المحترم/ة,

يتطلب تسمية نقطة اتصال للتكامل في المحتوى الثقافي الرقمي تقديم طلب رسمي مع الوثائق: صاحب السمو الأمير [anonymized]  وزير الثقافة  حفظه الله    السلام عليكم ورحمة الله وبركاته،    إشارة إلى الجهود الريادية التي تبذلها وزارة الثقافة في رقمنة الموروث الثقافي وتعزيز الهوية الوطنية من خلال المحتوى الرقمي، وخاصةً ما يتعلق بالتراث غير المادي والمخطوطات.    أود إفادة سموكم بأن الهيئة تعكف حاليًا على إطلاق مبادرة وطنية لتوحيد مصادر المحتوى الثقافي الرقمي، بهدف التكامل مع المنصات المحلية والدولية، وتطوير سجل وطني رقمي موحد.    عليه، آمل من سموكم التفضل بتسمية نقطة اتصال تقنية من الوزارة للتنسيق في هذا المشروع. وللتواصل يمكن الرجوع إلى الأستاذ/ [anonymized]، عبر الهاتف المتنقل ([anonymized]) أو البريد الإلكتروني ([anonymized]).    والسلام عليكم ورحمة الله وبركاته.

مع التحية، مؤسسة مسك"
ما هي تفاصيل ترشيح ممثل بشأن للمشاركة في لجنة المحتوى الرقمي الثقافي؟,"السيد/[anonymized] المحترم/ة,

يتم ترشيح ممثل للمشاركة في للمشاركة في لجنة المحتوى الرقمي الثقافي: سعادة الرئيس التنفيذي لهيئة تطوير بوابة الدرعية  سلّمه الله    السلام عليكم ورحمة الله وبركاته،    إشارة إلى خطاب سعادتكم رقم (????) وتاريخ ??/??/????هـ، بشأن ترشيح ممثل في لجنة المحتوى الرقمي الثقافي،    ترشح الهيئة الأستاذ/ [anonymized]، مدير وحدة المحتوى الرقمي، لتمثيل الهيئة في لجنة المحتوى الرقمي الثقافي، لدوره البارز في التنسيق مع الجهات المعنية وتطوير النماذج الموحدة.    ونتطلع إلى مساهمته في إثراء المبادرات الرقمية ذات الطابع الثقافي.    والسلام عليكم ورحمة الله وبركاته.

مع التحية، مؤسسة مسك"
ما هي تفاصيل ترشيح ممثل بشأن تحديث وثيقة المعايير الأساسية للتحول الرقمي؟,"السيد/[anonymized] المحترم/ة,

يتم ترشيح ممثل للمشاركة في تحديث وثيقة المعايير الأساسية للتحول الرقمي: الموضوع: تحديث وثيقة المعايير الأساسية للتحول الرقمي – إطلاق دورة قياس (3.0)    سعادة الرئيس التنفيذي لمجموعة البريد السعودي (سبل)  حفظه الله    السلام عليكم ورحمة الله وبركاته،    أشير إلى قرار مجلس الوزراء رقم (418) وتاريخ 1442/7/25هـ، الصادر بالموافقة على تنظيم هيئة الحكومة الرقمية، الذي نص في مادته الثالثة على أن الهيئة هي الجهة المختصة بكل ما يتعلق بالحكومة الرقمية، وتعد المرجع الوطني في شؤونها، كما نصت المادة الرابعة على أن تتولى الهيئة إصدار المؤشرات والأدوات والتقارير لقياس أداء الجهات الحكومية وقدراتها في مجال الحكومة الرقمية، ومتابعة التزامها بالقرارات والأوامر الصادرة في شأن التعاملات الحكومية الرقمية.    وسعيًا إلى تعزيز مستهدفات الحكومة الرقمية ومواكبة التطور في رحلة التحول الرقمي، أود إحاطة سعادتكم بأن الهيئة ستطلق بمشيئة الله دورة قياس التحول الرقمي (2024) – الإصدار رقم 3.0، وسيُعقد لقاء تعريفي بالدورة يوم الثلاثاء 1445/9/9هـ الموافق 2024/3/19م.    كما تم تحديث وثيقة “المعايير الأساسية للتحول الرقمي” التي سيتم اعتمادها هذا العام في قياس مدى التزام الجهات الحكومية، ويمكن للمختصين لديكم الاطلاع على الوثيقة من خلال رمز الاستجابة السريعة (QR Code) أدناه.    وعليه، نأمل من سعادتكم التكرم بـ:   • ترشيح ضابط اتصال خاص بالقياس   • تعبئة بيانات التواصل عبر بوابة رقمي من خلال الرابط الآتي:  https://raqmi.dga.gov.sa    ولأي استفسارات، يمكن للمختصين لديكم التواصل مع فريق “قياس” من خلال:   • الجوال: 0000000000   • البريد الإلكتروني: [anonymized]    وتفضلوا بقبول خالص التحية والتقدير.    م. [anonymized]  محافظ هيئة الحكومة الرقمية

مع التحية، مؤسسة مسك"
ما هي مستجدات مستجدات مشروع رقمنة صكوك الأوقاف؟,"السيد/[anonymized] المحترم/ة,

توفر الإحاطة تحديثات حول مستجدات مشروع رقمنة صكوك الأوقاف: سعادة الرئيس التنفيذي للهيئة العامة للأوقاف  سلّمه الله    السلام عليكم ورحمة الله وبركاته،    إشارة إلى اللقاء التنسيقي الذي جمع فريقي العمل في الهيئة وهيئتكم، بشأن مشروع الرقمنة الشاملة لصكوك الأوقاف، وربطها بمؤشرات الأداء الوطنية.    أود إفادة سعادتكم بأن جرى الانتهاء من تحليل البيانات الوصفية لمجموعة مختارة من الصكوك، وتقديم نموذج أولي لواجهة النظام المستقبلي المقترح، تمهيدًا لعرضه على الفريق المشترك خلال الشهر المقبل.    نأمل من سعادتكم التكرم بمشاركة ملاحظاتكم الفنية حيال النموذج المقترح قبل الموعد المحدد، لنتمكن من استكمال تطويره بما يتناسب مع المتطلبات الوقفية.    والسلام عليكم ورحمة الله وبركاته.

مع التحية، مؤسسة مسك"
ما هي تفاصيل تبليغ قرار مجلس الإدارة رقم (م-10-6) بشأن الإصدار الثاني من وثيقة “سياسة استمرارية الأعمال؟,"السيد/[anonymized] المحترم/ة,

سعادة نائب المحافظ لقطاع المخاطر واستمرارية الأعمال  سلّمه الله    السلام عليكم ورحمة الله وبركاته،    إشارةً إلى محضر اجتماع مجلس الإدارة رقم (م-10) المنعقد بتاريخ 1446/9/10هـ الموافق 2025/3/10م، المتضمن المداولة حيال وثيقة “سياسة استمرارية الأعمال” ضمن محور “وثائق مُحالة من لجنة المراجعة والمخاطر والالتزام”، واستنادًا إلى ما يلي:    أولًا: المادة (السابعة) من تنظيم هيئة الحكومة الرقمية، الصادرة بموجب قرار مجلس الوزراء رقم (418) وتاريخ 1442/7/25هـ، والمتضمنة اختصاص مجلس إدارة الهيئة بالموافقة على السياسات المتعلقة بنشاط الهيئة.    ثانيًا: قرار مجلس الإدارة رقم (م-7-6-1) وتاريخ 22/11/2023م، بما نصّه: “اعتماد وثيقة سياسة إدارة استمرارية الأعمال وفق الصيغة المرفقة، على أن يتم مراجعة السياسة بعد عام”.    ثالثًا: توصية لجنة المراجعة والمخاطر والالتزام في الاجتماع رقم (م-12-5) وتاريخ 25/2/2025م، بما نصّه: “الموافقة على الإصدار الثاني من السياسة والرفع بها للمجلس للاعتماد”.    وبناءً على ما تقدّم، وما جرى استعراضه ومناقشته في المجلس، وبعد اطلاع أصحاب المعالي على الإصدار الثاني من الوثيقة؛ أصدر المجلس قراره رقم (م-10-6) بتاريخ 1446/9/10هـ الموافق 2025/3/10م، القاضي بـ:    “اعتماد الإصدار الثاني من سياسة استمرارية الأعمال –نسختها المرفقة– على أن تُراجع السياسة بعد عام، مع الرفع بالتحديث عند الحاجة.”    للاطلاع واتخاذ ما يلزم.    والسلام عليكم ورحمة الله وبركاته.    م. [anonymized]  محافظ هيئة الحكومة الرقمية

مع التحية، مؤسسة مسك"
ما هي متطلبات المشاركة في مؤتمر “ليب 2025م”؟,"السيد/[anonymized] المحترم/ة,

يتطلب المشاركة في مؤتمر “ليب 2025م” تقديم طلب رسمي مع الوثائق: معالي محافظ هيئة الحكومة الرقمية  السلام عليكم ورحمة الله وبركاته،  إشارة إلى المؤتمر العالمي “ليب” الذي يُعقد بمدينة الرياض خلال المدة ? - ? مارس ????م، والذي يُعد أحد أكبر الفعاليات التقنية في العالم بمشاركة واسعة من الجهات الحكومية والخاصة، فإن الهيئة العامة للمنشآت الصغيرة والمتوسطة “منشآت” بصفتها الجهة المنظمة للمؤتمر، تتطلع إلى مشاركة هيئة الحكومة الرقمية في المعرض المصاحب للمؤتمر، وذلك لعرض مبادراتها النوعية في مجالات التحول الرقمي.  نأمل التكرم بالموافقة على مشاركة الهيئة في المعرض المصاحب للمؤتمر ضمن الجهات الحكومية، على أن يتم التنسيق مع فريق المؤتمر لدى الهيئة العامة للمنشآت الصغيرة والمتوسطة.  ولكم وافر التحية والتقدير.

مع التحية، مؤسسة مسك"
ما هي إجراءات تنفيذ التعميم بشأن  تعميم تفعيل برامج فكرية موجهة خلال شهر رمضان 1443هـ؟,"السيد/[anonymized] المحترم/ة,

يتم تنفيذ التعميم عبر إبلاغ الجهات المعنية: تعميم سري عاجل جدًا    إلى:   • جميع جمعيات الدعوة والإرشاد وتوعية الجاليات بمنطقة المدينة المنورة والمحافظات التابعة لها   • فضيلة مدير إدارة الجمعيات والمؤسسات الأهلية بالفرع   • فضيلة مدير مركز الدعوة والإرشاد   • سعادة مديرة القسم النسوي    السلام عليكم ورحمة الله وبركاته،    إشارة إلى تعميم وكيل الوزارة المساعد للشؤون الدعوية الموجه لإدارة التوعية العلمية والفكرية رقم (7613/ع) وتاريخ 1443/8/20هـ، المبني على ما صدر من مقام مجلس الوزراء الموقر بشأن إعداد خطة لتعزيز التسامح الفكري في المجتمع ضمن نطاق عمل الوزارة.    نأمل منكم - وفق توجيه فضيلة المدير العام لفرع الوزارة بمنطقة المدينة المنورة - تفعيل البرامج التالية خلال شهر رمضان عام 1443هـ في جميع محافظات المنطقة والمكاتب التعاونية والمراكز التابعة لها:   1. تأصيل التسامح الفكري حماية من الانحرافات الفكرية المتطرفة (برامج توعوية ومحاضرات)   2. التسامح الاجتماعي من استحقاقات التراحم والتكاتف في الشريعة (عبر الحسابات والمنصات الرسمية)   3. صور من سماحة الإسلام (الأقليات، التعامل مع غير المسلمين) (برامج ميدانية وإلكترونية موجهة)   4. حماية المرأة والطفل من الأفكار المتطرفة (شراكة مع الجهات المختصة)   5. منع التحريض على العنف والتطرف باسم الدين (تعزيز الوسطية والاعتدال)    يرجى تزويدنا بتقارير ختامية، وتسجيل الأنشطة في منصات التواصل الاجتماعي الخاصة بالجمعيات ورفعها على البريد الإلكتروني:  [anonymized]     والله يحفظكم ويرعاكم.  والسلام عليكم ورحمة الله وبركاته.    مدير عام فرع الوزارة بمنطقة المدينة المنورة

مع التحية، مؤسسة مسك"
"كيف يتم التعبير عن الشكر بشأن لوزارة التعليم على جهودها في تطوير منصة ""مدرستي""؟","السيد/[anonymized] المحترم/ة,

يتم التعبير عن الشكر عبر خطاب رسمي يُشيد بالإنجازات: معالي وزير التعليم  حفظه الله    السلام عليكم ورحمة الله وبركاته،    إشارة إلى التعاون المثمر بين وزارة التعليم وهيئة الحكومة الرقمية في مجال تطوير المنصات التعليمية الرقمية، وتعزيز البنية التحتية التقنية في المؤسسات التعليمية.    أود إفادة معاليكم بأن الهيئة تثمّن جهود الوزارة في تفعيل منصة ""مدرستي"" وتطويرها بما يتماشى مع أفضل الممارسات العالمية في التعليم الإلكتروني.    ويطيب لنا أن نعرب عن شكرنا وتقديرنا لمعاليكم وفريق العمل في الوزارة على هذا الإنجاز المتميز، ونتطلع إلى استمرار التعاون في المشاريع المستقبلية.    والسلام عليكم ورحمة الله وبركاته.

مع التحية، مؤسسة مسك"
ما هي تفاصيل الدعوة لحضور دعوة رئيس هيئة مجتمع المعلومات بجمهورية رواندا لحضور ملتقى الحكومة الرقمية؟,"السيد/[anonymized] المحترم/ة,

يتم إرسال دعوة رسمية لحضور دعوة رئيس هيئة مجتمع المعلومات بجمهورية رواندا لحضور ملتقى الحكومة الرقمية: عاجل – مرتبط بموعد  الموضوع: دعوة لحضور ملتقى الحكومة الرقمية بنسخته الثانية  معالي نائب وزير الخارجية  حفظه الله    السلام عليكم ورحمة الله وبركاته،    إشارة إلى الأمر السامي رقم (2935) وتاريخ 1435/1/22هـ، القاضي بأن تكون جميع اتصالات الوزارات والمصالح الحكومية مع الممثليات الأجنبية والهيئات والمنظمات الدولية في الخارج عبر وزارة الخارجية.    وتعتزم هذه الهيئة تنظيم ملتقى الحكومة الرقمية – بنسخته الثانية، وذلك يومي 19 و20 ديسمبر 2023م، بمدينة الرياض، بمشاركة عدد من الجهات الحكومية، ونخبة من الخبراء والمختصين وصنّاع القرار في مجال الحكومة الرقمية على الصعيدين المحلي والدولي.    ورغبة من الهيئة في دعوة عدد من الجهات والشخصيات الدولية للحضور والمشاركة في أعمال الملتقى؛  آمل من معاليكم التكرم بتوجيه من يلزم لتسليم الدعوة المرفقة إلى رئيس هيئة مجتمع المعلومات بجمهورية رواندا، وفق الطرق الدبلوماسية المتبعة، وتسهيل إجراءات الزيارة.    ويمكن للمختصين لديكم التواصل في هذا الشأن مع المهندس/ [anonymized]. ب. الغامدي، عبر:   • الهاتف المتنقل: 0000000000   • البريد الإلكتروني: [anonymized]    وتفضلوا معاليكم بقبول خالص تحياتي.  م. [anonymized]  محافظ هيئة الحكومة الرقمية

مع التحية، مؤسسة مسك"
ما هي تفاصيل ترشيح ممثل بشأن طلب للانضمام إلى مجموعة عمل وطنية لتبادل البيانات؟,"السيد/[anonymized] المحترم/ة,

يتم ترشيح ممثل للمشاركة في طلب للانضمام إلى مجموعة عمل وطنية لتبادل البيانات: سعادة الرئيس التنفيذي لهيئة السوق المالية  سلّمه الله    السلام عليكم ورحمة الله وبركاته،    إشارة إلى ما تضمنته إستراتيجية الهيئة من أولويات رقمية تتصل بحوكمة البيانات، وأتمتة التقارير المالية، والممارسات المرتبطة بتبادل البيانات المؤسسية.    أود إفادة سعادتكم بأن الهيئة تعمل على إعداد إطار وطني مشترك بين الجهات الرقابية لتيسير تبادل البيانات المؤسسية بطريقة موثوقة وآمنة، بما يسهم في تعزيز فعالية الإجراءات التنظيمية والرقابية.    عليه، آمل من سعادتكم التكرم بتسمية من ترونه مناسبًا للانضمام إلى مجموعة العمل المعنية بهذا المسار. وللتنسيق، يمكن التواصل مع الأستاذ/ [anonymized]، بالهاتف المتنقل ([anonymized]) أو البريد الإلكتروني ([anonymized]).  والسلام عليكم ورحمة الله وبركاته.

مع التحية، مؤسسة مسك"
ما هي تفاصيل الإفادة بشأن نتائج المرحلة الأولى من مشروع تقييم جاهزية الجهات للتحول الرقمي؟,"السيد/[anonymized] المحترم/ة,

توفر الإفادة معلومات حول نتائج المرحلة الأولى من مشروع تقييم جاهزية الجهات للتحول الرقمي: صاحب السمو الملكي الأمير [anonymized]  مستشار خادم الحرمين الشريفين  حفظه الله    السلام عليكم ورحمة الله وبركاته،    إشارة إلى خطاب سموكم رقم (????) وتاريخ ??/??/????هـ، بشأن مشروع تقييم جاهزية الجهات الحكومية في المناطق للتحول الرقمي، أود إفادة سموكم بأن الهيئة أنهت المرحلة الأولى من المشروع، والتي شملت ?? جهة في مختلف مناطق المملكة، من بينها إمارات المناطق والجهات الخدمية الرئيسية.    وقد أظهرت النتائج الأولية تفاوتًا في مستوى الجاهزية، ويجري حاليًا إعداد خطة تحسين مؤسسية تراعي التفاوتات الجغرافية والبشرية، مع تخصيص مؤشرات متابعة لكل جهة.  يسر الهيئة تزويد سموكم بنسخة من التقرير فور اعتماده النهائي.    والسلام عليكم ورحمة الله وبركاته.

مع التحية، مؤسسة مسك"
ما هي متطلبات تنظيم دورة تدريبية حول الإدارة الرقمية للمشاريع الحكومية؟,"السيد/[anonymized] المحترم/ة,

يتطلب تنظيم دورة تدريبية حول الإدارة الرقمية للمشاريع الحكومية تقديم طلب رسمي مع الوثائق: معالي محافظ هيئة الحكومة الرقمية  حفظه الله    السلام عليكم ورحمة الله وبركاته،    انطلاقًا من جهود وزارة المالية في دعم تطوير الكفاءات الحكومية،  يسرنا رفع طلب الموافقة على تنظيم دورة تدريبية متخصصة بعنوان: “الإدارة الرقمية للمشاريع الحكومية”،  والتي تهدف إلى تأهيل الموظفين الحكوميين على استخدام الأدوات والمنهجيات الرقمية الحديثة في إدارة المشاريع، مما يسهم في رفع كفاءة الإنجاز وتحقيق أهداف المشاريع بفعالية وجودة عالية.    نأمل من معاليكم التكرم بالموافقة على تنظيم الدورة، والتوجيه بما يلزم للتنسيق مع الجهات ذات العلاقة لتنفيذها في الوقت المناسب.    والسلام عليكم ورحمة الله وبركاته.    [anonymized]  وزير المالية

مع التحية، مؤسسة مسك"
ما هي متطلبات بشأن تعيين نقطة اتصال تقنية لتكامل المنظومة المالية الرقمية؟,"السيد/[anonymized] المحترم/ة,

يتطلب بشأن تعيين نقطة اتصال تقنية لتكامل المنظومة المالية الرقمية تقديم طلب رسمي مع الوثائق: معالي وزير المالية  حفظه الله    السلام عليكم ورحمة الله وبركاته،    إشارة إلى مشروع الهيئة الرامي إلى أتمتة عمليات الصرف والتقارير المالية المتعلقة بالمبادرات الرقمية، ضمن المنصات الوطنية الحكومية.    أود إفادة معاليكم بأن الهيئة بصدد تنفيذ تكامل تقني مع المنظومة المالية الحكومية، بما يسهم في تسريع الصرف، وتعزيز الشفافية والرقابة الرقمية، ويتطلب ذلك تعيين نقطة اتصال تقنية من الوزارة لاستكمال الربط.    عليه، آمل من معاليكم التفضل بتسمية مختص تقني من الوزارة، وللتنسيق يمكن التواصل مع الأستاذ/ [anonymized]، بالهاتف المتنقل ([anonymized]) أو البريد الإلكتروني ([anonymized]).    والسلام عليكم ورحمة الله وبركاته.

مع التحية، مؤسسة مسك"
ما هي تفاصيل ترشيح ممثل بشأن للجنة مؤشرات المدن الذكية؟,"السيد/[anonymized] المحترم/ة,

يتم ترشيح ممثل للمشاركة في للجنة مؤشرات المدن الذكية: معالي الرئيس التنفيذي لهيئة تطوير مدينة الرياض  حفظه الله    السلام عليكم ورحمة الله وبركاته،    إشارة إلى خطاب معاليكم رقم (????) وتاريخ ??/??/????هـ، بشأن ترشيح ممثل في لجنة مؤشرات المدن الذكية،    ترشح الهيئة الأستاذ/ [anonymized]، مدير وحدة مؤشرات التحول الرقمي، لتمثيل الهيئة في لجنة مؤشرات المدن الذكية المنبثقة عن المجلس التنسيقي للمناطق.    ونتطلع إلى مساهمته في دعم الجهود الوطنية لرفع جاهزية المدن رقمياً.    والسلام عليكم ورحمة الله وبركاته.

مع التحية، مؤسسة مسك"
ما هي متطلبات اعتماد برنامج تطوير القادة الرقميين في الجهات الحكومية؟,"السيد/[anonymized] المحترم/ة,

يتطلب اعتماد برنامج تطوير القادة الرقميين في الجهات الحكومية تقديم طلب رسمي مع الوثائق: معالي محافظ هيئة الحكومة الرقمية  حفظه الله    السلام عليكم ورحمة الله وبركاته،    انطلاقًا من أهداف هيئة الحكومة الرقمية في تمكين الجهات الحكومية وتعزيز قدراتها في مجالات التحول الرقمي، وتماشيًا مع مستهدفات رؤية المملكة 2030،  نرفع إلى معاليكم طلبًا باعتماد “برنامج تطوير القادة الرقميين في الجهات الحكومية”،  وهو برنامج وطني تدريبي تنفيذي يستهدف تأهيل القيادات العليا في القطاع الحكومي (وكلاء، مساعدين، مديري عموم)، عبر مسارات متخصصة في قيادة التحول الرقمي، وإدارة الابتكار، وتبني التقنيات الحديثة، واتخاذ القرار المبني على البيانات.    ويهدف البرنامج إلى:   • بناء ثقافة رقمية قيادية موحدة عبر الجهات.   • رفع كفاءة القرارات المرتبطة بالمشاريع التقنية.   • تحقيق استدامة التحول الرقمي المؤسسي.    نأمل من معاليكم التكرم بالموافقة على اعتماد البرنامج، والتوجيه بما يلزم لبدء تنفيذه بالتنسيق مع الجهات ذات العلاقة.    وتفضلوا بقبول خالص التحية والتقدير،    المركز الوطني للتطوير الإداري والمؤسسي

مع التحية، مؤسسة مسك"
ما هي تفاصيل الإفادة بشأن إفادة تصنيف جاهزية التحول الرقمي لهيئة تطوير جدة؟,"السيد/[anonymized] المحترم/ة,

توفر الإفادة معلومات حول إفادة تصنيف جاهزية التحول الرقمي لهيئة تطوير جدة: سعادة الرئيس التنفيذي لهيئة تطوير مدينة جدة  سلّمه الله    السلام عليكم ورحمة الله وبركاته،    إشارة إلى خطاب سعادتكم رقم (????) وتاريخ ??/??/????هـ، بشأن استفساركم حول تصنيف جاهزية الهيئة للتحول الرقمي في تقرير ????م.    [anonymized] الهيئة جاءت ضمن الجهات المصنفة بدرجة “جاهزية متقدمة”، ويُعزى ذلك إلى مستوى الالتزام العالي بتطبيق معايير الحوكمة الرقمية وتفعيل الربط مع المنصات الوطنية.    وتجري حاليًا متابعة الإجراءات التصحيحية في مجالات التكامل السحابي ومعالجة الثغرات التقنية، وسيتم تزويدكم بنسخة مفصلة من مؤشرات التقييم خلال الأسبوع القادم.    والسلام عليكم ورحمة الله وبركاته.

مع التحية، مؤسسة مسك"
كيف يتم التعبير عن الشكر بشأن على التعاون في ربط المنصة الجمركية بالأنظمة الوطنية؟,"السيد/[anonymized] المحترم/ة,

يتم التعبير عن الشكر عبر خطاب رسمي يُشيد بالإنجازات: معالي محافظ هيئة الزكاة والضريبة والجمارك  حفظه الله    السلام عليكم ورحمة الله وبركاته،    إشارة إلى خطاب معاليكم رقم (????) وتاريخ ?/??/????هـ، بشأن التعاون في ربط المنصة الجمركية بالأنظمة الوطنية،    تتقدم الهيئة بخالص الشكر والتقدير لمعاليكم على ما قدمته الهيئة من دعم فني وتقني أسهم في تسهيل الربط البيني مع المنصة الجمركية.    وقد كان لهذا التعاون دور فاعل في تسريع الإجراءات وتحقيق التوافق مع أهداف الإستراتيجية الوطنية للبيانات.    والسلام عليكم ورحمة الله وبركاته.

مع التحية، مؤسسة مسك"
ما هي مستجدات  الدراسة التحليلية لبيئة البيانات في قطاع المياه؟,"السيد/[anonymized] المحترم/ة,

توفر الإحاطة تحديثات حول  الدراسة التحليلية لبيئة البيانات في قطاع المياه: معالي وزير البيئة والمياه والزراعة  حفظه الله    السلام عليكم ورحمة الله وبركاته،    إشارة إلى خطاب معاليكم رقم (????) وتاريخ ??/??/????هـ، بشأن تطوير البنية التحتية الرقمية في قطاع المياه، أود إحاطة معاليكم بأن الهيئة استكملت الدراسة التحليلية الأولية لبيئة البيانات الخاصة بالقطاع، وتبين وجود فرص كبيرة للتكامل مع المنصات الوطنية للبيانات، لا سيما في الجوانب المتعلقة بالمراقبة البيئية وإدارة الموارد المائية.    وقد خلصت الدراسة إلى عدد من التوصيات العملية، والتي من شأنها رفع كفاءة الخدمات وتحسين اتخاذ القرار.  وبناءً عليه، تسر الهيئة بعقد ورشة عمل مشتركة مع المختصين في الوزارة لمناقشة الآليات التنفيذية المقترحة، وللتنسيق في هذا الشأن يمكن التواصل مع الأستاذ/ [anonymized]، بالهاتف المتنقل ([anonymized]) أو البريد الإلكتروني ([anonymized]).    والسلام عليكم ورحمة الله وبركاته.

مع التحية، مؤسسة مسك"
ما هي تفاصيل ترشيح ممثل بشأن للمشاركة في أعمال اللجنة الوطنية المعنية بالبرنامج الشمولي الرقمي؟,"السيد/[anonymized] المحترم/ة,

يتم ترشيح ممثل للمشاركة في للمشاركة في أعمال اللجنة الوطنية المعنية بالبرنامج الشمولي الرقمي: معالي محافظ هيئة الحكومة الرقمية    السلام عليكم ورحمة الله وبركاته،    إشارة إلى إطلاق هيئة الحكومة الرقمية في نوفمبر 2023، بالتعاون مع وزارة الموارد البشرية والتنمية الاجتماعية، وهيئة رعاية الأشخاص ذوي الإعاقة، ""البرنامج الشمولي الرقمي"" الذي يهدف إلى رفع نسبة استخدام الأشخاص من ذوي الإعاقة وكبار السن للخدمات الحكومية الرقمية باستقلالية كاملة عن طريق تمكين الجهات الحكومية من تبني مفهوم ""الشمولية الرقمية""، وتقديم خدمات ومنتجات رقمية مُمكنة للجميع.      وتعزيزًا لهذا التوجه، فقد عملت هذه الوزارة بالشراكة مع هيئة الحكومة الرقمية على تشكيل اللجنة الوطنية المعنية بالتحول الشمولي الرقمي، حيث تهدف إلى تسهيل سير الأعمال، وتجاوز العقبات، وضمان الوصول للأثر المطلوب من البرنامج. كما تهدف إلى الاطلاع على التجارب والممارسات ذات العلاقة، والاتفاق على مؤشرات أداء لقياس كفاءة المنصات الرقمية الوطنية ومدى ملاءمتها للاستخدام من الفئات المستهدفة في البرنامج.      ونظرًا لدور الهيئة في نجاح وقائد للبرنامج على المستوى الوطني،    آمل من معاليكم ترشيح من ترونه للمشاركة في أعمال هذه اللجنة. ويمكن للمختصين التنسيق في هذا الشأن مع الأستاذ [anonymized] على الجوال ([anonymized]) أو البريد الإلكتروني ([anonymized]).    وتفضلوا بقبول أطيب تحياتي،      م. [anonymized]    وزير الموارد البشرية والتنمية الاجتماعية

مع التحية، مؤسسة مسك"
ما هي تفاصيل الدعوة لحضور جناح السعودية الرقمية في منتدى دافوس 2024؟,"السيد/[anonymized] المحترم/ة,

يتم إرسال دعوة رسمية لحضور جناح السعودية الرقمية في منتدى دافوس 2024: الموضوع: بشأن مشاركة السعودية الرقمية في منتدى دافوس 2024    معالي المشرف العام التنفيذي  للمؤسسة العامة لمستشفى الملك فيصل التخصصي ومركز الأبحاث  حفظه الله    السلام عليكم ورحمة الله وبركاته    إشارة إلى برقية معالي رئيس الديوان الملكي التعميمية رقم (39175) وتاريخ 1445/6/4هـ، المتضمنة الموافقة الكريمة على ما وجه به مجلس الوزراء في البند (أولًا) بأن تكون مشاركة الجهات الحكومية في الفعاليات والمؤتمرات والمعارض ذات العلاقة بالحكومة الرقمية والتحول الرقمي – بالتنسيق مع هيئة الحكومة الرقمية – من خلال برنامج “السعودية الرقمية”.    وحيث تُعد مشاركة الجهات الحكومية السعودية في مثل هذه الفعاليات الدولية بهوية وطنية موحدة عنصرًا أساسيًا في تعزيز صورة المملكة العربية السعودية ومكانتها العالمية، والمساهمة في تحقيق مستهدفات رؤية المملكة 2030.    وانطلاقًا من ذلك، وبالنظر إلى أن منتدى دافوس 2024 (المنتدى الاقتصادي العالمي) يُعد أحد أبرز الفعاليات التي نعمل من خلالها على إبراز جهود التحول الرقمي،  يسرنا دعوتكم للمشاركة ضمن جناح السعودية الرقمية في المنتدى، المزمع إقامته في مدينة دافوس، سويسرا، خلال الفترة من 15 إلى 19 يناير 2024م.    آمل من معاليكم التكرم بتوجيه المختصين لديكم للتنسيق مع فريق برنامج السعودية الرقمية حيال المشاركة،  ويمكن التواصل مع الأستاذ/ X عبر:   • الجوال: 0000000000   • البريد الإلكتروني: [anonymized]    وتفضلوا معاليكم بقبول خالص التحية والتقدير.    م. [anonymized]  محافظ هيئة الحكومة الرقمية

مع التحية، مؤسسة مسك"
كيف يتم التعبير عن الشكر بشأن على التعاون في مشروع الأرشفة السحابية؟,"السيد/[anonymized] المحترم/ة,

يتم التعبير عن الشكر عبر خطاب رسمي يُشيد بالإنجازات: سعادة مدير عام ديوان المراقبة العامة  سلّمه الله  السلام عليكم ورحمة الله وبركاته،    إشارة إلى التعاون المثمر بين الهيئة وديوان المراقبة العامة في مشروع “الأرشفة السحابية للمستندات الحكومية”.    أود إفادة سعادتكم بأن المرحلة الأولى من المشروع جرت وفق الجدول الزمني، وتم الانتهاء من أرشفة ??? من المستندات المستهدفة باستخدام التصنيف الذكي.    وتتقدم الهيئة بوافر الشكر والتقدير لسعادتكم وفريقكم على هذا التعاون، ونتطلع لاستكمال المراحل المتبقية بذات الاحترافية.    والسلام عليكم ورحمة الله وبركاته.

مع التحية، مؤسسة مسك"
ما هي تفاصيل الدعوة لحضور حفل إطلاق “برنامج الشمولية الرقمية”؟,"السيد/[anonymized] المحترم/ة,

يتم إرسال دعوة رسمية لحضور حفل إطلاق “برنامج الشمولية الرقمية”: الموضوع: دعوة لحضور حفل إطلاق “برنامج الشمولية الرقمية”    سعادة وكيل وزارة الداخلية للأحوال المدنية                 حفظه الله    السلام عليكم ورحمة الله وبركاته،    في إطار دور هيئة الحكومة الرقمية في تمكين الجهات الحكومية رقميًا، وتحقيقًا لمستهدفات رؤية المملكة 2030،  تنظم الهيئة بالتعاون مع وزارة الموارد البشرية والتنمية الاجتماعية وهيئة رعاية الأشخاص ذوي الإعاقة،  حفل إطلاق “برنامج الشمولية الرقمية”، وذلك يوم الأربعاء 1445/5/8هـ الموافق 2023/11/22م،  في مقر هيئة رعاية الأشخاص ذوي الإعاقة بمدينة الرياض، الساعة 10 صباحًا.    يهدف البرنامج إلى تعزيز أفضل الممارسات في التحول الحكومي الرقمي، وتمكين الجهات من تبادل الخبرات والتجارب،  كما يُعنى البرنامج بتمكين كبار السن والأشخاص من ذوي الإعاقة من استخدام الخدمات الرقمية، عبر تصميم منتجات مبتكرة تراعي احتياجاتهم وتعزز استقلاليتهم، وتحفظ خصوصية معلوماتهم.    يمكن الاطلاع على أجندة الحفل من خلال رمز الاستجابة السريعة (QR Code) المرفق.    يسرنا دعوتكم لحضور هذه الفعالية والمشاركة فيها،  وللتنسيق يمكن للمختصين لديكم التواصل مع الأستاذ/ X   • الهاتف المتنقل: 0000000000   • البريد الإلكتروني: [anonymized]    وتفضلوا بقبول خالص تحياتي.  م. [anonymized]  محافظ هيئة الحكومة الرقمية

مع التحية، مؤسسة مسك"
كيف يتم التعبير عن الشكر بشأن على التعاون في تنفيذ المبادرة الرقمية السياحية بالدرعية؟,"السيد/[anonymized] المحترم/ة,

يتم التعبير عن الشكر عبر خطاب رسمي يُشيد بالإنجازات: سعادة الرئيس التنفيذي لهيئة تطوير بوابة الدرعية  سلّمه الله    السلام عليكم ورحمة الله وبركاته،    إشارة إلى خطاب سعادتكم رقم (????) وتاريخ ??/??/????هـ، بشأن شكر على التعاون في المبادرة الرقمية السياحية،    تتقدم الهيئة بخالص الشكر والتقدير لسعادتكم على التعاون المثمر في تنفيذ المبادرة الرقمية السياحية بالدرعية، وما نتج عنها من تحسين تجربة الزوار ورفع جودة الخدمات الإلكترونية المقدمة.    ونتطلع إلى استكمال المراحل التالية بالشراكة معكم وبمشاركة فرق العمل من الطرفين.    والسلام عليكم ورحمة الله وبركاته.

مع التحية، مؤسسة مسك"
ما هي متطلبات دعم تقني لمبادرة التحول الرقمي في الجهات الحكومية؟,"السيد/[anonymized] المحترم/ة,

يتطلب دعم تقني لمبادرة التحول الرقمي في الجهات الحكومية تقديم طلب رسمي مع الوثائق: معالي رئيس هيئة الحكومة الرقمية حفظه الله    السلام عليكم ورحمة الله وبركاته،    إشارة إلى المبادرة الوطنية لدعم التحول الرقمي في الجهات الحكومية،  نرفع إلى معاليكم طلبًا لتوفير الدعم التقني اللازم لتنفيذ المشروع في [اسم الجهة].    تهدف هذه المبادرة إلى تسريع عمليات التحول الرقمي، وتعزيز كفاءة الخدمات المقدمة للمواطنين، بما يتماشى مع الأهداف الاستراتيجية للمملكة.    نأمل من معاليكم التكرم بالموافقة على هذا الطلب، والتوجيه بما يلزم للتنسيق مع الفرق المختصة.    والسلام عليكم ورحمة الله وبركاته.

مع التحية، مؤسسة مسك"
ما هي تفاصيل ترشيح ممثل بشأن  في اللجنة التنفيذية لبرنامج المهارات الرقمية؟,"السيد/[anonymized] المحترم/ة,

يتم ترشيح ممثل للمشاركة في  في اللجنة التنفيذية لبرنامج المهارات الرقمية: سعادة مدير عام معهد الإدارة العامة  سلّمه الله    السلام عليكم ورحمة الله وبركاته،  إشارة إلى خطاب سعادتكم رقم (????) وتاريخ ??/??/????هـ، بشأن المشاركة في اللجنة التنفيذية لبرنامج المهارات الرقمية،  ترشح الهيئة الأستاذ/ [anonymized]، مدير مركز بناء القدرات الرقمية، لتمثيل الهيئة في اللجنة التنفيذية لبرنامج المهارات الرقمية، وذلك لما يتمتع به من خبرة في تصميم وتقييم البرامج التدريبية ذات العلاقة بالتحول الرقمي.  والسلام عليكم ورحمة الله وبركاته.

مع التحية، مؤسسة مسك"
ما هي متطلبات الموافقة على إنشاء مركز ابتكار للذكاء الاصطناعي؟,"السيد/[anonymized] المحترم/ة,

يتطلب الموافقة على إنشاء مركز ابتكار للذكاء الاصطناعي تقديم طلب رسمي مع الوثائق: معالي وزير الاتصالات وتقنية المعلومات حفظه الله    السلام عليكم ورحمة الله وبركاته،    في إطار تحقيق مستهدفات رؤية المملكة 2030 وتعزيز الابتكار التقني في القطاعات الحكومية،  يسرنا التقدم بطلب الموافقة على إنشاء مركز ابتكار للذكاء الاصطناعي،  ليكون منصة وطنية تُعنى بتطوير حلول مبتكرة تُسهم في تحسين الخدمات الحكومية وتأهيل الكوادر الوطنية من خلال برامج تدريبية وورش عمل متخصصة. كما يسعى المركز لبناء شراكات استراتيجية مع المؤسسات الدولية الرائدة في هذا المجال، بما يعزز من مكانة المملكة كمركز تقني متقدم في المنطقة.    نأمل من معاليكم التكرم بالموافقة على هذا المشروع، والتوجيه بما يلزم لتوفير الدعم المالي والفني اللازمين لضمان نجاحه.    والسلام عليكم ورحمة الله وبركاته.

مع التحية، مؤسسة مسك"
ما هي متطلبات تزويد الهيئة بالواجهة البرمجية لمنصة المنتجات الدوائية الوطنية؟,"السيد/[anonymized] المحترم/ة,

يتطلب تزويد الهيئة بالواجهة البرمجية لمنصة المنتجات الدوائية الوطنية تقديم طلب رسمي مع الوثائق: سعادة الرئيس التنفيذي للهيئة العامة للغذاء والدواء  حفظه الله    السلام عليكم ورحمة الله وبركاته،    إشارة إلى خطاب سعادتكم رقم (????) وتاريخ ??/??/????هـ، بشأن طلب الربط مع منصة المنتجات الدوائية الوطنية،    نأمل التكرم بتزويد الهيئة بالواجهة البرمجية الخاصة بالمنصة، وذلك بهدف تسريع إجراءات الترخيص وتعزيز التكامل الرقمي في سلسلة الإمداد الدوائي.    والسلام عليكم ورحمة الله وبركاته.

مع التحية، مؤسسة مسك"
ما هي متطلبات تنظيم ورشة عمل بعنوان حماية الأنظمة الحكومية من الهجمات السيبرانية؟,"السيد/[anonymized] المحترم/ة,

يتطلب تنظيم ورشة عمل بعنوان حماية الأنظمة الحكومية من الهجمات السيبرانية تقديم طلب رسمي مع الوثائق: معالي رئيس الهيئة الوطنية للأمن السيبراني حفظه الله    السلام عليكم ورحمة الله وبركاته،    إشارة إلى أهمية تعزيز جاهزية الجهات الحكومية لمواجهة التهديدات السيبرانية المتزايدة،  نرفع إلى معاليكم طلبًا للموافقة على تنظيم ورشة عمل بعنوان ""حماية الأنظمة الحكومية من الهجمات السيبرانية""،  والتي ستشمل استعراضًا لأحدث التحديات الأمنية، وتدريب المختصين على أساليب التصدي للهجمات السيبرانية، مع تطوير خطط استجابة فورية للحوادث الإلكترونية المحتملة.    نأمل من معاليكم التكرم بالموافقة على تنظيم الورشة، والتوجيه بما يلزم لعقدها بمشاركة خبراء في المجال.    والسلام عليكم ورحمة الله وبركاته.

مع التحية، مؤسسة مسك"
ما هي متطلبات تنظيم منتدى وطني حول التحول الرقمي في القطاع المالي؟,"السيد/[anonymized] المحترم/ة,

يتطلب تنظيم منتدى وطني حول التحول الرقمي في القطاع المالي تقديم طلب رسمي مع الوثائق: معالي وزير المالية  حفظه الله    السلام عليكم ورحمة الله وبركاته،    إشارة إلى توجهات وزارة المالية نحو تعزيز الابتكار الرقمي في القطاع المالي،  تتقدم هيئة الحكومة الرقمية إلى معاليكم بطلب الموافقة على تنظيم المنتدى الوطني للتحول الرقمي في القطاع المالي،  والذي يهدف إلى استعراض أحدث الابتكارات التقنية، ومناقشة الفرص والتحديات التي تواجه الجهات المالية في المملكة،  ويسهم في دعم منظومة الاستدامة المالية والشفافية، عبر تبادل التجارب واستكشاف الحلول الرقمية بين ممثلي القطاعين الحكومي والخاص.    نأمل من معاليكم التكرم بالموافقة واعتماد المنتدى ضمن فعاليات الوزارة القادمة، والتوجيه بما يلزم للتنسيق مع الهيئة لإنجاح هذه المبادرة.    والسلام عليكم ورحمة الله وبركاته.    م. [anonymized]  محافظ هيئة الحكومة الرقمية

مع التحية، مؤسسة مسك"
ما هي أسباب الاعتذار عن حضور حفل افتتاح مؤتمر الصحة الرقمية؟,"السيد/[anonymized] المحترم/ة,

يتم تقديم الاعتذار بسبب تعارض المواعيد: معالي الرئيس التنفيذي لمستشفى الملك فيصل التخصصي ومركز الأبحاث  حفظه الله    السلام عليكم ورحمة الله وبركاته،    إشارة إلى خطاب معاليكم رقم (??/?????/????) وتاريخ 1444/10/21هـ، بشأن اعتزام مستشفى الملك فيصل التخصصي ومركز الأبحاث إقامة مؤتمر ومعرض الصحة الرقمية تحت شعار “الذكاء الاصطناعي في الرعاية الصحية”، وذلك خلال المدة من 26–28 / 10 / 1444هـ الموافق 16–18 / 5 / 2023م، في فندق فيرمونت الرياض، والمتضمن الدعوة المقدمة لي لحضور حفل افتتاح المؤتمر في يوم الثلاثاء 26 / 10 / 1444هـ.    يطيب لي أن أتقدم لمعاليكم بالشكر الجزيل على الدعوة، وفي الوقت الذي كنت فيه حريصًا على الحضور، إلا أنني أعتذر عن ذلك؛ لارتباطي بمهام عمل مجدولة سابقًا.    كما أود الإفادة بتكليف سعادة المهندس/ [anonymized] – نائب المحافظ لقطاع الخدمات المشتركة – بالحضور نيابة عني، ويمكن للمختصين لديكم التنسيق معه والتواصل مع الأستاذ/ [anonymized] عبر الهاتف المتنقل (0000000000) أو البريد الإلكتروني [anonymized].    وتقبلوا معاليكم خالص تحياتي.    م. [anonymized]  محافظ هيئة الحكومة الرقمية

مع التحية، مؤسسة مسك"
ما هي تفاصيل التهنئة بشأن بالثقة الملكية؟,"السيد/[anonymized] المحترم/ة,

يتم تقديم التهنئة عبر خطاب رسمي يُشيد بالإنجازات: الموضوع: تهنئة بالثقة الملكية    معالي الدكتور/ [anonymized]  وكيل وزارة الداخلية  حفظه الله    السلام عليكم ورحمة الله وبركاته    يشرفني أن أرفع إلى معاليكم الكريم أسمى آيات التهاني والتبريكات، بمناسبة صدور الثقة الملكية الكريمة بتعيينكم وكيلًا لوزارة الداخلية،  سائلًا المولى العلي القدير أن يوفقكم لخدمة هذا الوطن الغالي وأبنائه، في ظل توجيهات سيدي خادم الحرمين الشريفين الملك [anonymized] وسمو سيدي ولي العهد الأمير [anonymized] – حفظهما الله.    وتفضلوا معاليكم بقبول خالص تحياتي.  م. [anonymized]  محافظ هيئة الحكومة الرقمية

مع التحية، مؤسسة مسك"
ما هي تفاصيل الدعوة لحضور ملتقى التحول الرقمي في المناطق؟,"السيد/[anonymized] المحترم/ة,

يتم إرسال دعوة رسمية لحضور ملتقى التحول الرقمي في المناطق: صاحب السمو الأمير [anonymized]  أمير منطقة الجوف  حفظه الله    السلام عليكم ورحمة الله وبركاته،    إشارة إلى ما تبذله إمارة منطقة الجوف من جهود في تطوير الخدمات الرقمية وتيسير الوصول إليها في المحافظات النائية.    يسر الهيئة دعوتكم للمشاركة في “ملتقى التحول الرقمي في المناطق”، والمقرر عقده في الرياض يوم الثلاثاء ??/?/????هـ، بمشاركة عدد من أصحاب السمو والمعالي، والقيادات التنفيذية في القطاع الرقمي.    تتشرف الهيئة بمشاركة سموكم بكلمة رئيسية، بالإضافة إلى عرض من فريق الإمارة حول أبرز الإنجازات التقنية. وللتنسيق، يمكن التواصل مع الأستاذ/ [anonymized]، بالهاتف المتنقل ([anonymized]) أو البريد الإلكتروني ([anonymized]).    والسلام عليكم ورحمة الله وبركاته.

مع التحية، مؤسسة مسك"
ما هي متطلبات لقاء للتعريف بالشركة ومناقشة آلية إصدار رخصة تقديم الخدمات السحابية؟,"السيد/[anonymized] المحترم/ة,

يتطلب لقاء للتعريف بالشركة ومناقشة آلية إصدار رخصة تقديم الخدمات السحابية تقديم طلب رسمي مع الوثائق: معالي محافظ هيئة الحكومة الرقمية  سلمه الله  السلام عليكم ورحمة الله وبركاته،  بالإشارة إلى خطابكم الوارد إلى شركة الموسسة السحابية بتاريخ 28/07/2024م بخصوص طلب شركة الموسسة السحابية لتقنية المعلومات بشأن رغبتها في الحصول على رخصة لتقديم الخدمات ومشاركة القطاع الحكومي، وذلك لتعزيز دورها في تنمية البنية التحتية الرقمية والاستثمارية.    نثمّن حرصنا وتأكيدنا على تفعيل أعمال الحكومة الرقمية، حيث شُرعنا في كتابة آلية تمكن الشركات بطريقة الأمر من مختلف القطاعات لدعم التحول الرقمي، ورفع مستوى البنية التحتية الرقمية والاستثمارية، كما نؤكد أن لدينا اهتمامًا بالانتقال لأحد المراكز الحكومية الداعمة للأمن الرقمي وخدمات الجهات الحكومية في هذا الخصوص.    كما نفيد بأننا نسعى لتحقيق أهدافنا الوطنية الطموحة، حيث تقدّمنا بطلب للحصول على التراخيص والدخول بمشاريع في الحوسبة السحابية مع الجهات الحكومية وتعزيز المحتوى المحلي.    عليه نأمل تحديد موعد لقاء للتعريف بالشركة ومناقشة آلية إصدار الرخصة ودور الشركة في دعم مشاريع التحول الرقمي.    ممثل الشركة: [anonymized] اسم  رقم الهوية: ([anonymized])  رقم الجوال: [anonymized]  البريد الإلكتروني: [anonymized]    وتقبلوا معاليكم خالص الشكر والتقدير،  الرئيس التنفيذي لشركة الموسسة السحابية لتقنية المعلومات  المهندس/ [anonymized]

مع التحية، مؤسسة مسك"
ما هي تفاصيل الإفادة بشأن الإفادة حول طلب تعديل ضوابط إسناد أعمال الحكومة الرقمية وفق أسلوب المشاركة في الدخل؟,"السيد/[anonymized] المحترم/ة,

توفر الإفادة معلومات حول الإفادة حول طلب تعديل ضوابط إسناد أعمال الحكومة الرقمية وفق أسلوب المشاركة في الدخل: معالي وزير المالية  رئيس مجلس إدارة مركز تنمية الإيرادات غير النفطية  حفظه الله    السلام عليكم ورحمة الله وبركاته،    أُشير إلى خطاب معاليكم رقم (8876) وتاريخ 28/9/1446هـ، المتضمن الإشارة إلى تعميم هيئة الحكومة الرقمية رقم (1914) وتاريخ 21/6/1446هـ، بشأن ضوابط إسناد أعمال الحكومة الرقمية وفق أسلوب المشاركة في الدخل، وما تضمنه من إفادة معاليكم بتلقي المركز عددًا من الاستفسارات من الجهات الحكومية حول الضوابط، ومدى تعارضها مع القواعد المنظمة للمشاركة في الدخل، وطلب توجيه المختصين بسرعة التنسيق مع المركز لتعديل تلك الضوابط وإعادة تعميمها، بما يوضح الأدوار والمسؤوليات ويعالج التحديات القائمة.  واستنادًا إلى تنظيم الهيئة الصادر بقرار مجلس الوزراء رقم (418) وتاريخ 25/7/1442هـ، ومذكرة التفاهم الموقعة بين الهيئة والمركز بتاريخ 16/6/1444هـ، وإلى قرار مجلس إدارة الهيئة رقم (م ر -8-1) وتاريخ 16/10/1445هـ، وموافقة اللجنة التنفيذية على وثيقة الإطار التنظيمي لأعمال الحكومة الرقمية، فقد حرصت الهيئة على التعاون المستمر مع المركز، وعملت على إقامة ورشة عمل مشتركة لتوضيح الوثيقة، إلا أن المركز أبدى تحفظه، وطالب بتعديل الوثيقة.  وقد شكلت الهيئة فريق عمل لدراسة التعديلات الممكنة، إلا أنه لم يتم التوصل إلى توافق، لا سيما أن الضوابط لا تتعارض مع القواعد المنظمة أو نماذج المركز، بل نص الدليل الإرشادي للمشاركة في الدخل على ضرورة التنسيق مع الهيئة في حال ارتباط المشروع بأعمال رقمية.  ونظرًا لحاجة الجهات الحكومية إلى ضوابط تدعم تجويد مخرجات دراسات الجدوى وضمان تطوير الخدمات والمنصات الرقمية، فإن الهيئة تقترح تضمين ضوابط إسناد أعمال الحكومة الرقمية وفق أسلوب المشاركة في الدخل كملحق خاص ضمن قواعد المشاركة، ثم تعديل الوثيقة بحسب ما يتفق عليه بين فريق الهيئة والمركز.    يرجى من معاليكم التفضل بالاطلاع، والإيعاز لمن يلزم بالتنسيق مع الهيئة لتعديل القواعد المشار إليها.    وفي حال الرغبة في مزيد من التفاصيل، يمكن التواصل مع الأستاذ/ [anonymized] على الجوال: ([anonymized]) أو البريد الإلكتروني: [anonymized]    والسلام عليكم ورحمة الله وبركاته.    [anonymized]  وزير الاتصالات وتقنية المعلومات  رئيس مجلس إدارة هيئة الحكومة الرقمية

مع التحية، مؤسسة مسك"
ما هي إجراءات تنفيذ التعميم بشأن تنفيذ عدد من المسوح الإحصائية الميدانية بالتعاون مع الهيئة العامة للإحصاء؟,"السيد/[anonymized] المحترم/ة,

يتم تنفيذ التعميم عبر إبلاغ الجهات المعنية: برقية عاجلة    معالي رئيس مدينة الملك عبدالعزيز للعلوم والتقنية  معالي نائب وزير الاتصالات وتقنية المعلومات  معالي محافظ هيئة الاتصالات والفضاء والتقنية  معالي محافظ هيئة الحكومة الرقمية  معالي الرئيس التنفيذي المكلف لوكالة الفضاء السعودية  سعادة المشرف العام المكلف على هيئة تنمية البحث والتطوير والابتكار  حفظهم الله جميعًا    السلام عليكم ورحمة الله وبركاته،    إشارة إلى هذه البرقية، ونسخة موجهة لمعالي وزير الاقتصاد والتخطيط ورئيس مجلس إدارة الهيئة العامة للإحصاء، والتعميم رقم (2651) بتاريخ 1441/7/6هـ، المتضمن إفادة الهيئة العامة للإحصاء بأنها تعتزم -بمشيئة الله- تنفيذ عدد من المسوح الإحصائية الميدانية (السكنية، والاقتصادية، والاجتماعية) خلال عام 2025م،  ونظرًا لما ورد بخصوص تنفيذ هذه المسوح، فقد طُلب من الجهات التعاون مع موظفي الهيئة ومندوبيها، وذلك من خلال تقديم كافة التسهيلات الممكنة لهم، علمًا بأن جميع العاملين يحملون بطاقات شخصية تثبت انتسابهم للهيئة والمهمة المكلفين بتنفيذها.    آمل الاطلاع والعمل بموجبه.  وتقبلوا خالص تحياتي،    وزير الاتصالات وتقنية المعلومات  [anonymized]

مع التحية، مؤسسة مسك"
ما هي تفاصيل الدعوة لحضور ملتقى التحول الرقمي للمحافظات؟,"السيد/[anonymized] المحترم/ة,

يتم إرسال دعوة رسمية لحضور ملتقى التحول الرقمي للمحافظات: صاحب السمو الأمير [anonymized]  محافظ الأحساء  حفظه الله    السلام عليكم ورحمة الله وبركاته،    إشارة إلى ما تبذله محافظة الأحساء من جهود ملحوظة في تفعيل المبادرات الرقمية، وتنمية الخدمات الذكية في المراكز والقرى التابعة.    يسر الهيئة دعوتكم للمشاركة في “ملتقى التحول الرقمي للمحافظات”، والمقرر انعقاده يوم الأحد ??/??/????هـ بمدينة الرياض، ويستهدف استعراض التجارب المتميزة على مستوى المحافظات.    وتشرفنا مشاركة سموكم بكلمة افتتاحية، إضافة إلى عرض من فريق المحافظة عن أبرز إنجازاتها التقنية، ويمكن التواصل مع الأستاذ/ [anonymized]، بالهاتف المتنقل ([anonymized]) أو البريد الإلكتروني ([anonymized]) للتنسيق.    والسلام عليكم ورحمة الله وبركاته.

مع التحية، مؤسسة مسك"
ما هي مستجدات بنتائج المرحلة التجريبية لمنصة الربط الوظيفي الموحد؟,"السيد/[anonymized] المحترم/ة,

توفر الإحاطة تحديثات حول بنتائج المرحلة التجريبية لمنصة الربط الوظيفي الموحد: معالي وزير الموارد البشرية والتنمية الاجتماعية  حفظه الله    السلام عليكم ورحمة الله وبركاته،    إشارة إلى خطاب معاليكم رقم (????) وتاريخ ??/??/????هـ، بشأن نتائج المرحلة التجريبية لمنصة الربط الوظيفي الموحد،    أود إحاطة معاليكم بأن الهيئة أنهت المرحلة التجريبية الأولى لمنصة الربط الوظيفي الموحد، بالتعاون مع عدد من الجهات، وقد ساهمت المنصة في رفع كفاءة التوظيف وتقليل الازدواجية في البيانات.    وتعتزم الهيئة التوسع في المرحلة الثانية لتشمل جميع الجهات الحكومية، بالتنسيق مع فريق الوزارة.    والسلام عليكم ورحمة الله وبركاته.

مع التحية، مؤسسة مسك"
ما هي متطلبات الموافقة على توقيع مذكرة تفاهم مع جهة محلية أو دولية؟,"السيد/[anonymized] المحترم/ة,

يتطلب الموافقة على توقيع مذكرة تفاهم مع جهة محلية أو دولية تقديم طلب رسمي مع الوثائق: معالي محافظ هيئة الحكومة الرقمية  حفظه الله    السلام عليكم ورحمة الله وبركاته،    إشارة إلى جهود وزارة النقل والخدمات اللوجستية في تطوير العلاقات الاستراتيجية مع الجهات المحلية والدولية،  يسرنا رفع طلب الموافقة على توقيع مذكرة تفاهم مع الهيئة العامة للموانئ،  وذلك بهدف تعزيز التعاون المشترك في مجالات التحول الرقمي، وتبادل المعرفة والخبرات، وتطوير الحلول التقنية الداعمة لقطاع النقل البحري والخدمات اللوجستية.    نأمل من معاليكم التوجيه بما يلزم للمضي قدمًا في إجراءات التوقيع، والتنسيق مع الجهات المختصة.    والسلام عليكم ورحمة الله وبركاته.    [anonymized]  وزير النقل والخدمات اللوجستية

مع التحية، مؤسسة مسك"
ما هي أسباب الاعتذار عن الحضور حفل تدشين المرحلة الثانية من المنصة الرقمية للزوار؟,"السيد/[anonymized] المحترم/ة,

يتم تقديم الاعتذار بسبب تعارض المواعيد: سعادة الرئيس التنفيذي لهيئة تطوير بوابة الدرعية  سلّمه الله    السلام عليكم ورحمة الله وبركاته،    إشارة إلى دعوتكم الكريمة لحضور حفل تدشين المرحلة الثانية من المنصة الرقمية لخدمات الزوار، والمقرر إقامته يوم الأربعاء ??/??/????هـ، أود إفادة سعادتكم بأن معالي محافظ هيئة الحكومة الرقمية يثمّن دعوتكم الكريمة، ويقدّر عاليًا ما تبذلونه من جهود نوعية في تسخير التقنيات الحديثة للارتقاء بتجربة الزوار وتعزيز البُعد الثقافي والتاريخي للدرعية.    ونظرًا لارتباط معاليه بمشاركة رسمية أخرى في الوقت نفسه، فإنه يعتذر عن عدم التمكن من الحضور، وقد كلّف سعادة نائب المحافظ للشؤون التقنية بتمثيل الهيئة في هذه المناسبة.    وللتنسيق في هذا الشأن أو الحصول على مزيد من التفاصيل المتعلقة بالحضور، يمكن التواصل مع الأستاذ/ [anonymized]، بالهاتف المتنقل ([anonymized]) أو البريد الإلكتروني ([anonymized]).    والسلام عليكم ورحمة الله وبركاته.

مع التحية، مؤسسة مسك"
ما هي متطلبات بشأن توفير بيانات تحليل النفقات التقنية؟,"السيد/[anonymized] المحترم/ة,

يتطلب بشأن توفير بيانات تحليل النفقات التقنية تقديم طلب رسمي مع الوثائق: معالي محافظ هيئة كفاءة الإنفاق والمشروعات الحكومية  حفظه الله    السلام عليكم ورحمة الله وبركاته،  إشارة إلى خطاب معاليكم رقم (????) وتاريخ ?/??/????هـ، بشأن توفير البيانات الخاصة بتحليل النفقات التقنية،  أود إفادة معاليكم بأن الهيئة بصدد إعداد تقرير تكاملي عن كفاءة الإنفاق التقني في الجهات الحكومية، ويستلزم ذلك الوصول إلى قواعد البيانات الخاصة بتكاليف المشروعات التقنية التي تم تنفيذها خلال السنوات الثلاث الماضية.  آمل من معاليكم التفضل بالموافقة على مشاركة هذه البيانات وفق الضوابط المعتمدة، والتنسيق مع فريق الهيئة لتحديد آلية الإرسال.  والسلام عليكم ورحمة الله وبركاته.

مع التحية، مؤسسة مسك"
ما هي تفاصيل الدعوة لحضور مؤتمر الابتكار الحكومي الدولي؟,"السيد/[anonymized] المحترم/ة,

يتم إرسال دعوة رسمية لحضور مؤتمر الابتكار الحكومي الدولي: معالي وزير الخارجية حفظه الله    السلام عليكم ورحمة الله وبركاته،    يسرنا دعوتكم للمشاركة في مؤتمر الابتكار الحكومي الدولي الذي تنظمه هيئة الحكومة الرقمية، بالتعاون مع إحدى الجهات الدولية، لمناقشة أحدث التقنيات والتجارب الدولية في مجالات الابتكار الرقمي، وبحث سبل تبادل الخبرات بين الدول.  سيجمع المؤتمر نخبة من الخبراء والمتحدثين المحليين والدوليين، بهدف استعراض تجارب الدول الرائدة، وتطوير استراتيجيات رقمية تساهم في رفع كفاءة الأداء الحكومي.    نأمل من معاليكم التكرم بالموافقة على الحضور أو توجيه من ترونه مناسبًا لتمثيل الوزارة.    والسلام عليكم ورحمة الله وبركاته.

مع التحية، مؤسسة مسك"
ما هي تفاصيل الدعوة لحضور دعوة الهيئة العامة للغذاء والدواء للمشاركة في تطوير معيار تكامل قواعد البيانات الرقابية؟,"السيد/[anonymized] المحترم/ة,

يتم إرسال دعوة رسمية لحضور دعوة الهيئة العامة للغذاء والدواء للمشاركة في تطوير معيار تكامل قواعد البيانات الرقابية: سعادة محافظ الهيئة العامة للغذاء والدواء  سلّمه الله    السلام عليكم ورحمة الله وبركاته،    إشارة إلى المبادرات الرقمية الرائدة التي أطلقتها هيئتكم في مجال تتبع وسلامة المنتجات، وما لذلك من أثر ملموس في دعم التحول الرقمي في قطاع الغذاء والدواء.    أود إفادة سعادتكم بأن الهيئة تعمل حاليًا على تطوير معيار وطني لتكامل قواعد البيانات الرقابية في هذه القطاعات، بما يعزز من كفاءة الممارسات الرقابية ويدعم تبادل البيانات الآمن بين الجهات ذات العلاقة.    وللتنسيق في هذا الشأن أو الحصول على مزيد من المعلومات، يمكن التواصل مع الأستاذ/ [anonymized]، بالهاتف المتنقل ([anonymized]) أو البريد الإلكتروني ([anonymized]).  والسلام عليكم ورحمة الله وبركاته.

مع التحية، مؤسسة مسك"
ما هي تفاصيل الإفادة بشأن إفادة توافق منصة المواصفات الإلكترونية مع المعايير الحكومية؟,"السيد/[anonymized] المحترم/ة,

توفر الإفادة معلومات حول إفادة توافق منصة المواصفات الإلكترونية مع المعايير الحكومية: معالي رئيس الهيئة السعودية للمواصفات والمقاييس والجودة  حفظه الله    السلام عليكم ورحمة الله وبركاته،    إشارة إلى خطاب معاليكم رقم (????) وتاريخ ?/?/????هـ، المتضمن طلب الإفادة بشأن توافق منصة “المواصفات الإلكترونية” مع معايير التكامل الحكومية، أود إفادة معاليكم بأن الفريق الفني المختص في الهيئة قد أتم تقييم المنصة، وتبين أن مستوى الامتثال الحالي يغطي ??? من المعايير الفنية، مع وجود بعض التحسينات المقترحة في جانب التوثيق والتكامل مع بوابة النفاذ الوطني.    عليه، آمل من معاليكم التفضل بتوجيه الفريق التقني لديكم لدراسة التقرير الفني المرفق، ومناقشة خطة المعالجة المقترحة في اجتماع مشترك خلال الأسبوع القادم.  وللتنسيق في هذا الشأن أو الحصول على مزيد من المعلومات، يمكن التواصل مع الأستاذ/ [anonymized]، بالهاتف المتنقل ([anonymized]) أو البريد الإلكتروني ([anonymized]).    والسلام عليكم ورحمة الله وبركاته.

مع التحية، مؤسسة مسك"
كيف يتم التعبير عن الشكر بشأن على الدعم التقني المقدم في مبادرة الحكومة المتنقلة؟,"السيد/[anonymized] المحترم/ة,

يتم التعبير عن الشكر عبر خطاب رسمي يُشيد بالإنجازات: سعادة مدير عام مركز المعلومات الوطني سلّمه الله  السلام عليكم ورحمة الله وبركاته،  إشارة إلى مبادرة “الحكومة المتنقلة” التي أطلقتها الهيئة ضمن مشاريعها ذات الأولوية خلال العام الحالي.  تتقدم الهيئة بجزيل الشكر إلى فريق مركز المعلومات الوطني على ما قدمه من دعم تقني وتسهيلات أسهمت في نجاح التشغيل التجريبي للمبادرة في عدد من المحافظات النائية.  نأمل استمرار هذا التعاون المشترك في المراحل القادمة من المشروع.  والسلام عليكم ورحمة الله وبركاته.

مع التحية، مؤسسة مسك"
كيف يتم التعبير عن الشكر بشأن لبرنامج التعاملات الحكومية الموحدة على التعاون في إعداد الوثيقة المرجعية لنماذج الأعمال؟,"السيد/[anonymized] المحترم/ة,

يتم التعبير عن الشكر عبر خطاب رسمي يُشيد بالإنجازات: سعادة المدير التنفيذي لبرنامج التعاملات الحكومية الموحدة  سلّمه الله    السلام عليكم ورحمة الله وبركاته،    إشارة إلى تعاون برنامجكم في إعداد الوثيقة المرجعية لنماذج الأعمال التقنية الحكومية الموحدة، ومشاركتكم الفاعلة في ورش العمل المشتركة.    أود إفادة سعادتكم بأن الهيئة تُثمن هذا التعاون المثمر، والذي ساهم في تسريع اعتماد الدليل الفني الجديد، ويعكس التكامل البنّاء بين الجهات الحكومية نحو تحقيق تحول رقمي مستدام.    تتقدم الهيئة بالشكر والتقدير لسعادتكم وفريقكم على الجهود المتميزة، ونتطلع لاستمرار هذا التعاون في المراحل القادمة.    والسلام عليكم ورحمة الله وبركاته.

مع التحية، مؤسسة مسك"
ما هي تفاصيل الإفادة بشأن  ترشيح ممثلين من الهيئة للمشاركة في أعمال لجنة برنامج الشمولية الرقمية؟,"السيد/[anonymized] المحترم/ة,

توفر الإفادة معلومات حول  ترشيح ممثلين من الهيئة للمشاركة في أعمال لجنة برنامج الشمولية الرقمية: معالي وزير الموارد البشرية والتنمية الاجتماعية  حفظه الله    السلام عليكم ورحمة الله وبركاته،    إشارةً إلى برقية معاليكم رقم (138109) وتاريخ 1446/10/24هـ، بشأن المشاركة في أعمال لجنة “برنامج الشمولية الرقمية”، المُنبثقة من اللجنة التنفيذية للتحول الرقمي، بهدف متابعة سير الأعمال وتذليل الصعوبات والعقبات، إضافةً إلى الاطلاع على التقارير وأداء المؤشرات الإستراتيجية ذات العلاقة؛ لتحقيق أعلى مستوى من الاستقلالية في استخدام المنصات الرقمية للفئة المُستهدفة في البرنامج، وطلب معاليكم ترشيح ممثلين من هيئة الحكومة الرقمية للمشاركة في أعمال اللجنة المذكورة؛ نظرًا لكونها شريك نجاح وقائدًا للبرنامج على المستوى الوطني.    يطيب لي إفادة معاليكم بأنه سيمثّل الهيئة للمشاركة بأعمال هذه اللجنة كلاً من:   1. الأستاذة/ [anonymized]، ويمكن للمختصين لديكم التواصل معها عبر الهاتف المتنقل (XXXXX) أو البريد الإلكتروني: [anonymized]   2. الدكتورة/ [anonymized]، ويمكن للمختصين لديكم التواصل معها عبر الهاتف المتنقل (XXXXX) أو البريد الإلكتروني: [anonymized]    والسلام عليكم ورحمة الله وبركاته.    م. [anonymized]  محافظ هيئة الحكومة الرقمية

مع التحية، مؤسسة مسك"
ما هي تفاصيل ترشيح ممثل بشأن في فريق عمل منصة تراخيص البناء الرقمية؟,"السيد/[anonymized] المحترم/ة,

يتم ترشيح ممثل للمشاركة في في فريق عمل منصة تراخيص البناء الرقمية: معالي وزير البلديات والإسكان  حفظه الله    السلام عليكم ورحمة الله وبركاته،    إشارة إلى خطاب معاليكم رقم (????) وتاريخ ??/??/????هـ، المتضمن طلب ترشيح ممثل عن الهيئة ضمن فريق العمل الفني لمشروع منصة تراخيص البناء الرقمية.    أود إفادة معاليكم بأن الهيئة ترشح الأستاذ/ [anonymized]، مدير إدارة الخدمات الحضرية الرقمية، لتمثيلها في الفريق، لما له من خبرة عملية في تطوير الأنظمة البلدية التكاملية.    ولضمان فعالية التواصل والمتابعة، يمكن التنسيق مباشرةً مع الأستاذ/ [anonymized]، عبر الهاتف المتنقل ([anonymized]) أو البريد الإلكتروني ([anonymized]).    والسلام عليكم ورحمة الله وبركاته.

مع التحية، مؤسسة مسك"
ما هي متطلبات الموافقة على إطلاق منصة إلكترونية؟,"السيد/[anonymized] المحترم/ة,

يتطلب الموافقة على إطلاق منصة إلكترونية تقديم طلب رسمي مع الوثائق: معالي محافظ هيئة الحكومة الرقمية  حفظه الله    السلام عليكم ورحمة الله وبركاته،    انطلاقًا من جهود وزارة الشؤون البلدية والقروية والإسكان في تطوير الخدمات البلدية وتحسين تجربة المستفيد،  يسرنا رفع طلب الموافقة على إطلاق “المنصة الإلكترونية الموحدة للخدمات البلدية”،  والتي تهدف إلى دمج الخدمات البلدية في منصة رقمية واحدة تُمكّن المستفيدين من الوصول إلى خدمات التراخيص، والشهادات، والدفع الإلكتروني، وخدمات المتابعة والبلاغات، ضمن تجربة موحدة ومبسطة وآمنة.    وتسعى هذه المنصة إلى رفع كفاءة الإجراءات الإدارية، وتقليل عدد الرحلات الحكومية، وتسريع إنجاز المعاملات، بما يُسهم في تحقيق أهداف التحول الرقمي والارتقاء بجودة الحياة في المدن.    نأمل من معاليكم التكرم بالموافقة على المشروع، والتوجيه بما يلزم للتكامل مع المنصات الوطنية ذات العلاقة، بالتنسيق مع هيئة الحكومة الرقمية.    والسلام عليكم ورحمة الله وبركاته.    [anonymized]  وزير الشؤون البلدية والقروية والإسكان

مع التحية، مؤسسة مسك"
ما هي متطلبات إنشاء وحدة متخصصة للأمن السيبراني في الوزارة؟,"السيد/[anonymized] المحترم/ة,

يتطلب إنشاء وحدة متخصصة للأمن السيبراني في الوزارة تقديم طلب رسمي مع الوثائق: معالي وزير النقل  حفظه الله    السلام عليكم ورحمة الله وبركاته،    حرصًا على تعزيز أمن أنظمة الوزارة ضد الهجمات السيبرانية، نرفع إلى معاليكم طلبًا لإنشاء وحدة متخصصة للأمن السيبراني، تُعنى بـ:   • رصد التهديدات.   • حماية البنية التحتية الرقمية للوزارة.   • تطوير خطط استجابة سريعة للحوادث الأمنية.    نأمل من معاليكم التكرم بالموافقة على إنشاء الوحدة، وتوفير الموارد اللازمة.    وتفضلوا بقبول خالص التحية والتقدير.

مع التحية، مؤسسة مسك"
ما هي متطلبات الموافقة على إطلاق منصة للتوظيف الذكي في الجهات الحكومية؟,"السيد/[anonymized] المحترم/ة,

يتطلب الموافقة على إطلاق منصة للتوظيف الذكي في الجهات الحكومية تقديم طلب رسمي مع الوثائق: معالي وزير الموارد البشرية والتنمية الاجتماعية  حفظه الله    السلام عليكم ورحمة الله وبركاته،    إشارة إلى الحاجة الملحة لتطوير آليات التوظيف في القطاع الحكومي، ورفع كفاءة عمليات استقطاب الكفاءات الوطنية،  ترفع هيئة الحكومة الرقمية إلى معاليكم طلبًا للموافقة على إطلاق “منصة التوظيف الذكي”،  وهي منصة تعتمد على تقنيات الذكاء الاصطناعي لتحليل السير الذاتية، ومواءمة المتطلبات الوظيفية مع المهارات والمؤهلات، بما يُسهم في تعزيز الشفافية، وتسهيل الإجراءات، وتحقيق مواءمة دقيقة بين الكفاءات والفرص الوظيفية المتاحة في القطاع العام.    نأمل من معاليكم التكرم بالموافقة والتوجيه بما يلزم لتفعيل المنصة بالتنسيق مع الهيئة.    والسلام عليكم ورحمة الله وبركاته.    م. [anonymized]  محافظ هيئة الحكومة الرقمية

مع التحية، مؤسسة مسك"
ما هي تفاصيل ترشيح ممثل بشأن ضمن فريق تطوير منظومة موحدة لإدارة المشاريع الحكومية؟,"السيد/[anonymized] المحترم/ة,

يتم ترشيح ممثل للمشاركة في ضمن فريق تطوير منظومة موحدة لإدارة المشاريع الحكومية: سعادة الرئيس التنفيذي للهيئة العامة للبنية التحتية  سلّمه الله    السلام عليكم ورحمة الله وبركاته،    إشارة إلى خطاب سعادتكم رقم (????) وتاريخ ??/??/????هـ، المتضمن تشكيل فريق عمل فني لتطوير منظومة موحدة لإدارة المشاريع الحكومية، أود إفادة سعادتكم بأن الهيئة ترشّح الأستاذ/ [anonymized]، مدير إدارة المشاريع الإستراتيجية، ممثلًا عنها في الفريق، لما له من خبرة مهنية في إدارة المشاريع التقنية.    ويأتي هذا الترشيح في إطار دعم جهودكم لتحقيق التكامل والحوكمة في تنفيذ المشاريع الحكومية التقنية.  وللتنسيق في هذا الشأن أو الحصول على مزيد من المعلومات، يمكن التواصل مع الأستاذ/ [anonymized]، بالهاتف المتنقل ([anonymized]) أو البريد الإلكتروني ([anonymized]).    والسلام عليكم ورحمة الله وبركاته.

مع التحية، مؤسسة مسك"
كيف يتم التعبير عن الشكر بشأن إنجازات جمعية سقيا الماء بمنطقة مكة المكرمة لعام 2021؟,"السيد/[anonymized] المحترم/ة,

يتم التعبير عن الشكر عبر خطاب رسمي يُشيد بالإنجازات: سعادة رئيس مجلس إدارة جمعية سقيا الماء بمنطقة مكة المكرمة  سلمه الله    السلام عليكم ورحمة الله وبركاته،    إشارةً لتعميمكم رقم (??/????) وتاريخ 1444/6/15هـ، المرفق به تقرير منجزات جمعية سقيا الماء بمنطقة مكة المكرمة لعام 2021م، بالإضافة إلى تقرير برنامج سقيا الحاج لعام 1443هـ.    نشكر لكم وللعاملين معكم على هذه الجهود المبذولة، ونأمل مواصلة المزيد بما يرتقي بمستوى الخدمات المقدمة من الجمعية، ولكم تحياتي.    [anonymized]  مستشار خادم الحرمين الشريفين  أمير منطقة مكة المكرمة

مع التحية، مؤسسة مسك"
ما هي متطلبات بشأن تطوير نموذج موحد لتصاريح الإقامة المؤقتة؟,"السيد/[anonymized] المحترم/ة,

يتطلب بشأن تطوير نموذج موحد لتصاريح الإقامة المؤقتة تقديم طلب رسمي مع الوثائق: سعادة مدير عام الجوازات  سلّمه الله    السلام عليكم ورحمة الله وبركاته،    إشارة إلى مشروع تحسين تجربة الزائر الرقمي الذي تتبناه الهيئة ضمن خطط التحول الرقمي الحكومية.    أود إفادة سعادتكم بأنه تم الانتهاء من تطوير نموذج أولي لواجهة موحدة لإصدار تصاريح الإقامة المؤقتة، بالتعاون مع عدة جهات أمنية وخدمية.    آمل من سعادتكم التكرم بتكليف الفريق التقني لدى المديرية بمراجعة النموذج، والمشاركة في المرحلة التجريبية القادمة.    والسلام عليكم ورحمة الله وبركاته.

مع التحية، مؤسسة مسك"
"ما هي تفاصيل ترشيح ممثل بشأن ترشيح خبراء من وزارة الموارد البشرية لورشة عمل “مستقبل المهارات الرقمية في القطاع الحكومي""؟","السيد/[anonymized] المحترم/ة,

يتم ترشيح ممثل للمشاركة في ترشيح خبراء من وزارة الموارد البشرية لورشة عمل “مستقبل المهارات الرقمية في القطاع الحكومي"": معالي وزير الموارد البشرية والتنمية الاجتماعية  حفظه الله    السلام عليكم ورحمة الله وبركاته،    إشارةً إلى قرار مجلس الوزراء رقم (418) وتاريخ 1442/7/25هـ، الصادر بالموافقة على تنظيم هيئة الحكومة الرقمية،  الذي نصّ في المادة (الثالثة) على أن الهيئة هي الجهة المختصة بكل ما يتعلق بالحكومة الرقمية، وتُعد المرجع الوطني في شؤونها،  ونصّ في المادة (الرابعة/10) على تقديم المساندة للجهات الحكومية الرقمية لتبني وتمكين التقنيات الحديثة.    وحيث تسعى هذه الهيئة ممثلةً في برنامج قدراتك المختص بتطوير المهارات الرقمية،  أود إفادة معاليكم بأن فريق البرنامج يعمل حاليًا على تنظيم ورشة عمل بعنوان:  “مستقبل المهارات الرقمية في القطاع الحكومي”، والتي تهدف إلى رفع الوعي لدى الجهات الحكومية بأهمية المهارات الرقمية،  وتحديد التخصصات المطلوبة محليًا وعالميًا في سوق التدريب والتطوير،  كما تركز الورشة المقرر عقدها في مدينة الرياض على أثر هذه المهارات في دعم التحول الرقمي في القطاع الحكومي،  وستضم الورشة ممثلين وخبراء من مختلف الجهات الحكومية لتبادل وجهات النظر وتعزيز النقاشات ذات العلاقة.    وبناءً على أهمية التكامل بين الجهات الحكومية، فقد تم اختيار (اثنين) من خبراء وزارتكم الموقرة للمشاركة في هذه الورشة والمساهمة بخبراتهم، وهما:   1. الدكتور/ [anonymized]. م. – خبير ومالك مبادرة المعايير المهنية.   2. الدكتور/ [anonymized]. ش. – خبير المجالس القطاعية.    آمل من معاليكم التكرم بالاطلاع والتوجيه بما ترونه مناسبًا.  ويمكن للمختصين لديكم التواصل والتنسيق في هذا الشأن مع الأستاذة/ [anonymized]. القحطاني، عبر:   • الهاتف المتنقل: 0000000000   • البريد الإلكتروني: [anonymized]    وتفضلوا معاليكم بقبول خالص تحياتي.    م. [anonymized]  محافظ هيئة الحكومة الرقمية

مع التحية، مؤسسة مسك"
ما هي متطلبات  تزويد الهيئة بنسخ محدثة من الأدلة الفنية للمطابقة والاعتماد الرقمي؟,"السيد/[anonymized] المحترم/ة,

يتطلب  تزويد الهيئة بنسخ محدثة من الأدلة الفنية للمطابقة والاعتماد الرقمي تقديم طلب رسمي مع الوثائق: سعادة رئيس الهيئة السعودية للمواصفات والمقاييس والجودة  سلّمه الله    السلام عليكم ورحمة الله وبركاته،    إشارة إلى خطاب سعادتكم رقم (????) وتاريخ ??/??/????هـ، بشأن طلب تزويد الهيئة بنسخ محدثة من الأدلة الفنية المعتمدة،    أود إفادة سعادتكم بأن الهيئة بصدد مراجعة السياسات الفنية للمنصة الوطنية الموحدة، ويتطلب ذلك الإطلاع على النسخ المحدثة من الأدلة الفنية الخاصة بالمطابقة والاعتماد الرقمي.    آمل التكرم بتزويد الهيئة بالنسخ المعتمدة إلكترونيًا، والتنسيق مع الفريق التقني للمواءمة مع متطلبات الحوكمة الرقمية.    والسلام عليكم ورحمة الله وبركاته.

مع التحية، مؤسسة مسك"
كيف يتم التعبير عن الشكر بشأن على التعاون في خارطة التحول الرقمي بمنطقة حائل؟,"السيد/[anonymized] المحترم/ة,

يتم التعبير عن الشكر عبر خطاب رسمي يُشيد بالإنجازات: سعادة الرئيس التنفيذي لهيئة تطوير منطقة حائل  سلّمه الله    السلام عليكم ورحمة الله وبركاته،    إشارة إلى ما قدمته هيئة تطوير منطقة حائل من تعاون مثمر مع الهيئة خلال أعمال مراجعة خارطة التحول الرقمي في المناطق، وحرصكم على تمكين القدرات التقنية في القطاعات الخدمية.    أود إفادة سعادتكم بأن الهيئة تثمّن هذا التعاون، وتشيد بما أبداه فريقكم من التزام وتكامل في إعداد خطة العمل، ما انعكس إيجابًا على أداء الجهات المرتبطة في المنطقة.    ويطيب لنا تقديم جزيل الشكر والتقدير لسعادتكم ولفريق العمل، مع تطلعنا إلى مواصلة هذا النهج التشاركي البناء.    والسلام عليكم ورحمة الله وبركاته.

مع التحية، مؤسسة مسك"
ما هي تفاصيل الإفادة بشأن ملاحظات على المواقع الإلكترونية التابعة لوزارة النقل والخدمات اللوجستية؟,"السيد/[anonymized] المحترم/ة,

توفر الإفادة معلومات حول ملاحظات على المواقع الإلكترونية التابعة لوزارة النقل والخدمات اللوجستية: صاحب المعالي وزير الاتصالات وتقنية المعلومات  رئيس مجلس إدارة هيئة الحكومة الرقمية    سلمه الله    السلام عليكم ورحمة الله وبركاته، وبعد…    إشارة إلى إفادة معاليكم الكريمة رقم (???) وتاريخ ????/?/??هـ، المتضمنة نتيجة تقييم مخرجات المواقع الإلكترونية لوزارة النقل والخدمات اللوجستية بنسبة (???)، ومستوى التقدم المحرز فيها.    يطيب لي أن أرفع لمعاليكم خالص الشكر والتقدير على تقرير مخرجات تقييم المواقع الإلكترونية التابعة للجهات الحكومية، كما أود إفادة معاليكم أنه وبعد اطلاع المعنيين بديوان الوزارة على التقرير، اتضح أن الوزارة الإلكترونية وما تم متابعته من أبرز الملاحظات المستخرجة المتعلقة بمحاور الحوكمة الفنية وجودة المحتوى والتكامل المرتبط بموقع الوزارة الإلكتروني السابق، والذي استبدل بالموقع الإلكتروني الجديد. وقد تم -بحمد الله- إعادة هيكلة المحتوى والتعرف على النقص في الموقع الإلكتروني الجديد، والعمل الحالي قائم بالتنفيذ بناءً على التوصيات الواردة من هيئة الحكومة الرقمية.    وتقبلوا أطيب تحياتي وتقديري.    وزير النقل والخدمات اللوجستية    [anonymized]

مع التحية، مؤسسة مسك"
ما هي أسباب الاعتذار عن عدم التمكن من حضور اللقاء الفني حول منصة الرخص؟,"السيد/[anonymized] المحترم/ة,

يتم تقديم الاعتذار بسبب تعارض المواعيد: معالي وزير الشؤون البلدية والقروية والإسكان  حفظه الله    السلام عليكم ورحمة الله وبركاته،    إشارة إلى خطاب معاليكم رقم (????) وتاريخ ?/??/????هـ، بشأن اعتذار عن تأجيل موعد اللقاء الفني حول منصة الرخص،    نود إفادة معاليكم بتعذر الهيئة المشاركة في اللقاء الفني المقرر عقده يوم الأحد المقبل، نظرًا لتزامنه مع ارتباط خارجي طارئ.    آمل من معاليكم التفضل باعتماد موعد بديل في الأسبوع التالي، مع استعداد الفريق الفني للهيئة للتنسيق والتجهيز.    والسلام عليكم ورحمة الله وبركاته.

مع التحية، مؤسسة مسك"
ما هي تفاصيل الدعوة لحضور اجتماع لجنة تطوير البنية التحتية الرقمية؟,"السيد/[anonymized] المحترم/ة,

يتم إرسال دعوة رسمية لحضور اجتماع لجنة تطوير البنية التحتية الرقمية: معالي الرئيس التنفيذي للهيئة السعودية للبيانات  حفظه الله    السلام عليكم ورحمة الله وبركاته،    يسرنا دعوة معاليكم لحضور اجتماع لجنة “تطوير البنية التحتية الرقمية”، المقرر انعقاده يوم الأحد 1446/2/1هـ في مقر الهيئة.    نأمل من معاليكم التكرم بالحضور أو توجيه من ترونه مناسبًا للمشاركة في الاجتماع.    وتفضلوا بقبول خالص التحية والتقدير.

مع التحية، مؤسسة مسك"
ما هي تفاصيل الإفادة بشأن إفادة أداء منصة الرخص الإنشائية؟,"السيد/[anonymized] المحترم/ة,

توفر الإفادة معلومات حول إفادة أداء منصة الرخص الإنشائية: معالي وزير البلديات والإسكان  حفظه الله    السلام عليكم ورحمة الله وبركاته،    إشارة إلى خطاب معاليكم رقم (????) وتاريخ ?/??/????هـ، بشأن متابعة أداء منصة الرخص الإنشائية،    أود إفادة معاليكم بأن مؤشرات الأداء أظهرت تحسنًا ملحوظًا في مدة إصدار الرخص وتكامل البيانات مع نظام المخططات البلدية.    ونوصي بتوسيع نطاق الربط ليشمل المحافظات ذات النمو العمراني المتسارع.    والسلام عليكم ورحمة الله وبركاته.

مع التحية، مؤسسة مسك"
كيف يتم التعبير عن الشكر بشأن خطاب لرئيس بلدية محافظة الغزالة على جهود التنظيف وتحسين الخدمات؟,"السيد/[anonymized] المحترم/ة,

يتم التعبير عن الشكر عبر خطاب رسمي يُشيد بالإنجازات: سعادة رئيس بلدية محافظة الغزالة  المهندس/ [anonymized]  وفقه الله    السلام عليكم ورحمة الله وبركاته    يطيب لنا أن نعرب لكم عن الشكر والتقدير، على جهودكم المشكورة أنتم وزملاؤكم في أقسام البلدية، وما لاحظناه أثناء زيارتنا الميدانية من نظافة عامة وجمال في المحافظة، وهو ما يعكس تميزكم في تقديم أفضل الخدمات للمواطنين.    نسأل الله لكم التوفيق والسداد،  والسلام عليكم ورحمة الله وبركاته    محافظ الغزالة المكلّف  [anonymized]

مع التحية، مؤسسة مسك"
ما هي متطلبات اعتماد برنامج تأهيل القيادات الرقمية؟,"السيد/[anonymized] المحترم/ة,

يتطلب اعتماد برنامج تأهيل القيادات الرقمية تقديم طلب رسمي مع الوثائق: معالي رئيس هيئة الحكومة الرقمية حفظه الله    السلام عليكم ورحمة الله وبركاته،    انطلاقًا من الدور الذي تضطلع به الهيئة في قيادة التحول الرقمي في الجهات الحكومية،  نرفع إلى معاليكم طلب لاعتماد برنامج ""تأهيل القيادات الرقمية""،  الذي يهدف إلى تمكين القيادات الحكومية من قيادة مشاريع التحول الرقمي، من خلال تزويدهم بالمهارات والأدوات اللازمة، وتنظيم زيارات ميدانية للمؤسسات العالمية المتقدمة في المجال الرقمي، بالإضافة إلى تطوير استراتيجيات فعّالة تتوافق مع احتياجات الجهات الحكومية المختلفة.    نأمل من معاليكم التكرم بالموافقة على البرنامج واعتماده ضمن خطط الهيئة المستقبلية.    والسلام عليكم ورحمة الله وبركاته.

مع التحية، مؤسسة مسك"
ما هي متطلبات مشاركة وفد هيئة الحكومة الرقمية في مؤتمر ICEGOV بالبرازيل؟,"السيد/[anonymized] المحترم/ة,

يتطلب مشاركة وفد هيئة الحكومة الرقمية في مؤتمر ICEGOV بالبرازيل تقديم طلب رسمي مع الوثائق: معالي نائب وزير الخارجية  حفظه الله    السلام عليكم ورحمة الله وبركاته،    إشارة إلى قرار مجلس الوزراء رقم (418) وتاريخ 1442/7/25هـ، الصادر بالموافقة على تنظيم هيئة الحكومة الرقمية، المتضمن أن الهيئة هي الجهة المختصّة بكل ما يتعلق بالحكومة الرقمية، إضافة إلى ما تضمنه في مادته (الخامسة) باختصاصها بتنظيم وعقد ورش العمل والندوات والمؤتمرات والمعارض داخل المملكة وخارجها، والمشاركة فيها بالمجالات المتعلقة بالحكومة الرقمية، وفقًا للإجراءات المتبعة.    أودّ إفادة معاليكم باعتزام وفد من هذه الهيئة المشاركة في المؤتمر الدولي حول نظرية وممارسة الحوكمة الإلكترونية (ICEGOV) للعام (2023م)، والمُقام في دولة البرازيل خلال الفترة من 26 إلى 29 سبتمبر 2023م.    عليه، آمل تفضل معاليكم بتوجيه من يلزم لتسهيل مهمة الوفد.  وللتنسيق، يمكن للمختصين لديكم التواصل بهذا الشأن مع المهندس/ X عبر الهاتف المتنقل: 0000000000، أو البريد الإلكتروني: [anonymized]    وتفضلوا معاليكم بقبول خالص تحياتي.  م. [anonymized]

مع التحية، مؤسسة مسك"
ما هي إجراءات تنسيق تفعيل الاحتفاء باليوم العالمي للغة العربية في المدينة المنورة؟,"السيد/[anonymized] المحترم/ة,

يتطلب تنسيق تفعيل الاحتفاء باليوم العالمي للغة العربية في المدينة المنورة التواصل مع الجهات: معالي أمين منطقة المدينة المنورة  حفظه الله    السلام عليكم ورحمة الله وبركاته،    إشارةً إلى قرار مجلس الوزراء رقم (34) وتاريخ 1442/1/13هـ، القاضي بالموافقة على إنشاء مجمع الملك سلمان العالمي للغة العربية، وتحديد مهماته واختصاصاته، ومنها تعزيز نشر ثقافة اللغة العربية محليًا وعالميًا، وإحياء تراثها، من خلال إطلاق البرامج والمبادرات.    أتطلع إلى دعم معاليكم في عكس الهوية والثقافة العربية في مواقع مختلفة بمنطقة المدينة المنورة، من خلال توفير مساحات جدارية في الطرق والأنفاق لعرض كلمات ملهمة لخادم الحرمين الشريفين الملك [anonymized] – حفظه الله – وسمو سيدي ولي العهد رئيس مجلس الوزراء – حفظه الله – عن اللغة العربية، أو ما يتفق مع هذا التوجه.    كما نقترح أن تتعاون الأمانة مع فريق المجمع لتخصيص مواقع لعرض مجسمات متنقلة تعبر عن الهوية السعودية والموروث الثقافي والفنون العربية، بما يسهم في تعزيز تجربة الزوار والسكان، وإظهار روح المدينة المنورة التاريخية والثقافية، وترسيخ جمال اللغة العربية.    ويمكن للمختصين لديكم التنسيق في هذا الشأن مع الأستاذة/ X من إدارة التسويق والتواصل المؤسسي عبر:   • الهاتف المتنقل: 0000000000   • البريد الإلكتروني: [anonymized]    وتفضلوا بقبول خالص التحية والتقدير،    أ.[anonymized]. [anonymized]  الأمين العام – مجمع الملك سلمان العالمي للغة العربية

مع التحية، مؤسسة مسك"
ما هي تفاصيل تبليغ قرار مجلس الإدارة رقم (م-10-4) بشأن اعتماد الإستراتيجية المؤسسية لهيئة الحكومة الرقمية؟,"السيد/[anonymized] المحترم/ة,

سعادة نائب المحافظ لقطاع الإستراتيجية والشراكات  سلّمه الله    السلام عليكم ورحمة الله وبركاته،    إشارةً إلى اجتماع مجلس الإدارة رقم (م-10) المُنعقد بتاريخ 1446/9/10هـ الموافق 2025/3/10م، المتضمّن مداولة محور: “الإستراتيجية المؤسسية لهيئة الحكومة الرقمية”، واستنادًا إلى ما يلي:    أولًا: قرار مجلس الإدارة رقم (م5-4-2) وتاريخ 2023/3/13م، الذي ينص على “تكليف الهيئة بدراسة خيار تطوير إستراتيجية مؤسسية بالمواءمة مع مراحل تطوير واعتماد إستراتيجية الحكومة الرقمية ضمن الإستراتيجية الوطنية للاقتصاد الرقمي، والرفع للجنة التنفيذية المُنبثقة عن مجلس إدارة الهيئة”.    ثانيًا: قرار اللجنة التنفيذية رقم (ت10-7) وتاريخ 2024/7/15م، القاضي بترشيح ممثّلين عن أعضاء اللجنة التنفيذية ومجلس الإدارة للمواءمة مع هيئة الحكومة الرقمية بشأن الإستراتيجية المؤسسية للهيئة.    ثالثًا: قرار اللجنة رقم (ت11-3) وتاريخ 2024/11/6م، القاضي بالموافقة على الإستراتيجية المؤسسية لهيئة الحكومة الرقمية، والتوصية بالرفع للمجلس للاعتماد.    رابعًا: قرار مجلس الإدارة رقم (م ر10-5-2) وتاريخ 2024/12/18م، الذي ينص على “توجيه الهيئة بمراجعة الإستراتيجية المؤسسية لهيئة الحكومة الرقمية، بناءً على مرئيات أصحاب المعالي أعضاء المجلس، وإعادة رفعها إلى المجلس للاعتماد”.    وحيث جرى عقد عدة اجتماعات فردية من الفريق التنفيذي للهيئة مع أصحاب المعالي أعضاء مجلس الإدارة؛ للمواءمة، والعمل على معالجة المرئيات جميعها، والرفع بالإستراتيجية المُحدّثة.    وبناءً على ما تقدّم وما جرى استعراضه ومناقشته في المجلس، وبعد اطلاع أصحاب المعالي على وثيقة الإستراتيجية المؤسسية؛ أصدر المجلس القرار رقم (م-10-4) وتاريخ 1446/9/10هـ الموافق 2025/3/10م، القاضي باعتماد الإستراتيجية المؤسسية لهيئة الحكومة الرقمية (المُرفقة نسختها).    للاطلاع، واتخاذ ما يلزم.    والسلام عليكم ورحمة الله وبركاته.    م. [anonymized]  محافظ هيئة الحكومة الرقمية

مع التحية، مؤسسة مسك"
ما هي تفاصيل الدعوة لحضور مؤتمر التعليم الرقمي في المملكة؟,"السيد/[anonymized] المحترم/ة,

يتم إرسال دعوة رسمية لحضور مؤتمر التعليم الرقمي في المملكة: معالي وزير التعليم  حفظه الله    السلام عليكم ورحمة الله وبركاته،    إشارة إلى التعاون القائم بين الهيئة ووزارة التعليم في مجالات التحول الرقمي للبيئات التعليمية، والربط مع قواعد البيانات الوطنية.    يسر الهيئة دعوتكم للمشاركة في مؤتمر “التعليم الرقمي في المملكة”، المزمع عقده بمدينة الرياض يوم ??/?/????هـ، ويهدف إلى تسليط الضوء على التجارب الرقمية في الجامعات والمدارس.    وتتشرف الهيئة بمشاركة معاليكم بكلمة رئيسية، بالإضافة إلى عرض من الوزارة حول أهم المبادرات التعليمية الرقمية، ويجري التنسيق مع فريق الوزارة في هذا الشأن.    والسلام عليكم ورحمة الله وبركاته.

مع التحية، مؤسسة مسك"
ما هي تفاصيل الإفادة بشأن مستوى تحديث بيانات المرافق العامة؟,"السيد/[anonymized] المحترم/ة,

توفر الإفادة معلومات حول مستوى تحديث بيانات المرافق العامة: معالي وزير الشؤون البلدية والقروية والإسكان  حفظه الله    السلام عليكم ورحمة الله وبركاته،  إشارة إلى خطاب معاليكم رقم (????) وتاريخ ?/?/????هـ، بشأن مستوى الالتزام بتحديث بيانات المرافق العامة في المنصة الوطنية،  أود إفادة معاليكم بأن الهيئة قامت بمراجعة مؤشرات تحديث البيانات على المنصة الوطنية خلال الربع الثاني، وتبيّن وجود تأخر في تحديث معلومات بعض البلديات بشأن المرافق العامة والخدمات ذات الصلة.  عليه، آمل من معاليكم التفضل بتوجيه الجهات المعنية بسرعة استكمال التحديث، وضمان دقة البيانات المنشورة بما يحقق الشفافية وجودة الخدمة.  والسلام عليكم ورحمة الله وبركاته.

مع التحية، مؤسسة مسك"
ما هي تفاصيل ترشيح ممثل بشأن لحضور منتدى التقنيات الناشئة؟,"السيد/[anonymized] المحترم/ة,

يتم ترشيح ممثل للمشاركة في لحضور منتدى التقنيات الناشئة: معالي وزير الاتصالات وتقنية المعلومات  حفظه الله    السلام عليكم ورحمة الله وبركاته،    إشارة إلى الدعوة الواردة من منظمة التعاون الرقمي لحضور منتدى التقنيات الناشئة، يسرنا أن نرشح الأستاذ/ X لحضور المنتدى كممثل عن الهيئة العامة للمنشآت الصغيرة والمتوسطة.    نأمل من معاليكم التكرم بالموافقة واعتماد ترشيح الأستاذ، والتوجيه بما يلزم لإكمال الإجراءات اللازمة.    وتفضلوا بقبول خالص التحية والتقدير.    الهيئة العامة للمنشآت الصغيرة والمتوسطة

مع التحية، مؤسسة مسك"
