question,ground_truth,answer
ما هي إجراءات تنسيق طلب تشكيل فريق من مؤسسة مسك للإشراف على مسار الشباب في منتدى حوكمة الإنترنت؟,"سعادة الرئيس التنفيذي لمؤسسة محمد بن سلمان “مسك”
سلّمه الله

السلام عليكم ورحمة الله وبركاته،

إشارة إلى برقية معالي رئيس الديوان الملكي رقم (39180) وتاريخ 1444/6/4هـ، المتضمنة الموافقة الكريمة على ما وجه به مجلس الوزراء في جلسته المنعقدة بتاريخ 1444/6/3هـ، بشأن “قيام هيئة الحكومة الرقمية بما يلزم لاستضافة المملكة لمؤتمر حوكمة الإنترنت التابع لمنظمة الأمم المتحدة، والرفع عما يستلزم”، وإلى برقية سعادة وكيل وزارة الخارجية للشؤون الدولية المتعددة رقم (046735-45-001) وتاريخ 1445/2/18هـ، المرفق بها خطاب وكيل الأمين العام للأمم المتحدة للشؤون الاقتصادية والاجتماعية السيد/ [anonymized]، رقم (DESA-01891/23) وتاريخ 2023/8/21م، المتضمن موافقة منظمة الأمم المتحدة على استضافة المملكة العربية السعودية للمنتدى لعام 2024م في مدينة الرياض.

أود إفادة سعادتكم بأن المنتدى يحتوي على مسار خاص بالشباب، يشارك فيه عدد من الشباب من مختلف دول العالم. ومن منطلق أهمية مشاركة المملكة في هذا المسار ممثلةً بمؤسسة محمد بن سلمان “مسك”، لمناقشة الموضوعات المهمة ذات العلاقة، ومشاركة التجارب والخبرات، وبناء علاقات مع النظراء من الدول الأخرى في هذا الحدث.

وقد يرى سعادتكم مناسبة تشكيل فريق من المؤسسة للإشراف على هذا المسار، بالتنسيق مع اللجنة التنفيذية للمنتدى في منظومة الاتصالات وتقنية المعلومات خلال فترة استضافة المملكة للمنتدى المشار إليه آنفًا.
ويمكن للمختصين لديكم التواصل في هذا الشأن مع الأستاذ/ X عبر الهاتف المتنقل: 0000000000 أو البريد الإلكتروني: [anonymized]

وتفضلوا بقبول خالص تحياتي.

م. [anonymized]
محافظ هيئة الحكومة الرقمية",سعادة الرئيس التنفيذي لمؤسسة محمد بن سلمان “مسك” سلّمه الله السلام عليكم ورحمة الله وبركاته، إشارة إلى خطاب سعادتكم رقم (٣٩١٨٠) وتاريخ ١٤٤٤/٦/٤هـ، بشأن الموافقة الكريمة على مجلس الوزراء على استضافة المملكة لمؤتمر “حوكمة الإنترنت”، والذي يحتوي على مسار خاص بالشباب بمشاركة دولية. أود إفادة سعادتكم بأن الهيئة بصدد مشاركة المملكة في المنتدى لمناقشة الموضوعات المهمة، وتقترح تشكيل فريق من المؤسسة للإشراف على المسار. آمل من سعادتكم التكرم بالتنسيق مع اللجنة التنفيذية للمنتدى عبر: • الهاتف المتنقل: 000000 • البريد الإلكتروني: [anonymized] وتفضلوا بقبول خالص التحية والتقدير. م. [anonymized] محافظ هيئة الحكومة الرقمية
ما هي متطلبات اعتماد مبادرة تطوير المهارات الرقمية؟,"معالي وزير الاتصالات وتقنية المعلومات
حفظه الله

السلام عليكم ورحمة الله وبركاته،

انطلاقًا من رؤية المملكة 2030، وما توليه من أهمية لتأهيل رأس المال البشري في المجالات الرقمية،
يسر هيئة الحكومة الرقمية أن تتقدم بطلب اعتماد مبادرة “تطوير المهارات الرقمية”، التي تهدف إلى:
	•	تأهيل الكوادر الوطنية في مجال التقنيات الحديثة،
	•	سد الفجوة المهارية في سوق العمل الرقمي،
	•	تحقيق التكامل بين القطاعين الحكومي والخاص في تنمية القدرات الرقمية.

وتتضمن المبادرة تصميم برامج تدريبية متقدمة في تخصصات تشمل:
الذكاء الاصطناعي، وتحليل البيانات، والأمن السيبراني، والتقنيات الناشئة،
بالشراكة مع الجهات التعليمية والتقنية والقطاع الخاص.

نأمل من معاليكم التكرم بالموافقة، والتوجيه بما يلزم للبدء بتنفيذ هذه المبادرة بالتنسيق مع الجهات المعنية.

ولمعاليكم جزيل الشكر والتقدير.

م. [anonymized]
محافظ هيئة الحكومة الرقمية",معالي وزير الاتصالات وتقنية المعلومات حفظه الله السلام عليكم ورحمة الله وبركاته، إشارة إلى خطة الوزارة لتطوير المهارات الرقمية، نرفع إلى معاليكم طلبًا لاعتماد مبادرة “تطوير المهارات الرقمية”، والتي تهدف إلى تأهيل الكوادر الوطنية في مجال التقنيات الحديثة، والتي تهدف إلى سد الفجوة المهارية في سوق العمل الرقمي، وتحقيق التكامل بين القطاعين الحكومي والخاص في تنمية القدرات الرقمية. وتهدف هيئة الحكومة الرقمية إلى تصميم برامج تدريبية متقدمة في تخصصات تشمل الذكاء الاصطناعي، وتحليل البيانات، والأمن السيبراني، والتقنيات الناشئة. نأمل من معاليكم التكرم بالموافقة والتوجيه بما يلزم للبدء بتنفيذ هذه المبادرة. والسلام عليكم ورحمة الله وبركاته. م. [anonymized] محافظ هيئة الحكومة الرقمية
ما هي تفاصيل الإفادة بشأن طلب تأجيل مشاركة الهيئة العامة للطرق في دورة قياس التحول الرقمي لعام (2025الرقمي لعام (2025م)؟,"سعادة الرئيس التنفيذي للهيئة العامة للطرق المكلف
سلّمه الله
السلام عليكم ورحمة الله وبركاته،

إشارةً إلى خطاب سعادتكم رقم (١٤٤٦/٣٥٣) وتاريخ ١٤٤٦/٩/٢٧هـ، المُتضمّن إفادتكم بأنّ الهيئة العامة للطرق تمرّ بمرحلة انتقالية تتعلق بإعادة هيكلة شاملة، وطلبكم تأجيل المشاركة في دورة “قياس التحول الرقمي” للعام (٢٠٢٥م).

أفيدكم بأنّه جرت دراسة الموضوع من ذوي الاختصاص في هذه الهيئة، وقد تم قبول طلب الاستثناء. وعليه؛ لن تكون الهيئة مشمولة ضمن دورة “قياس التحول الرقمي” (٢٠٢٥م)، على أن تُضمّن -بإذن الله- في دورة قياس العام القادم (٢٠٢٦م).
وفي حال وجود أيّ استفسارات في هذا الشأن، يمكن للمختصين لديكم التواصل مع فريق “قياس” بالهاتف المتنقل ([anonymized]) أو البريد الإلكتروني ([anonymized]).

والسلام عليكم ورحمة الله وبركاته.
م. [anonymized]
محافظ هيئة الحكومة الرقمية",سعادة الرئيس التنفيذي للهيئة العامة للطرق المكلف سلّمه الله السلام عليكم ورحمة الله وبركاته، إشارةً إلى خطاب سعادتكم رقم (١٤٤٦/٣٥٣) وتاريخ ١٤٤٦/٩/٢٧هـ، بشأن طلب تأجيل مشاركة الهيئة العامة للطرق في دورة “قياس التحول الرقمي للعام (2025الرقمي لعام 2025م)، أود إفادة سعادتكم بأن الهيئة العامة للطرق تمر بمرحلة انتقالية تتعلق بإعادة هيكلة شاملة، وقد تم قبول طلب الاستثناء من المشاركة في دورة “قياس التحول الرقمي للعام 2025م”، والتي لن تكون مشمولة في دورة 2025م، وسيتم تضمينها في دورة “قياس العام القادم 2026م”، بالهاتف المتنقل ([anonymized]) أو البريد الإلكتروني ([anonymized]). والسلام عليكم ورحمة الله وبركاته.
ما هي تفاصيل ترشيح ممثل بشأن  طلب تسمية ممثل للاستفادة من الخبرات السابقة في الفعاليات الأممية؟,"برقية عاجلة جدًا
الموضوع: طلب تسمية ممثل للاستفادة من الخبرات السابقة في الفعاليات الأممية
معالي نائب وزير النقل والخدمات اللوجستية
حفظه الله
السلام عليكم ورحمة الله وبركاته،
إشارة إلى برقية معالي رئيس الديوان الملكي رقم (39180) وتاريخ 1444/6/4هـ، المتضمنة الموافقة الكريمة على ما وجّه به مجلس الوزراء في جلسته المنعقدة بتاريخ 1444/6/3هـ، في البند (أولًا): بقيام هيئة الحكومة الرقمية بما يلزم لاستضافة المملكة لمؤتمر حوكمة الإنترنت التابع لمنظمة الأمم المتحدة، والرفع عما يستلزم.
ونظرًا إلى إقامة وزارتكم الموقّرة فعالية أممية سابقًا، وهي “المؤتمر الاستثنائي للبريد العالمي” في شهر أكتوبر من العام 2023م، ولأهمية التحضير الجيد والتعاون بين الجهات الحكومية ذات العلاقة بما يعكس جاهزية المملكة للاستضافة؛

عليه، آمل من معاليكم الإيعاز إلى من يلزم بتسمية ضابط اتصال من وزارتكم الموقرة للاستفادة من الخبرات السابقة في استضافة الفعاليات الأممية.

ويمكن للمختصين لديكم التنسيق والتواصل في هذا الشأن مع مدير إدارة الشراكات المهندس/ [anonymized]، عبر:
	•	الهاتف المتنقل: [anonymized]
	•	البريد الإلكتروني: [anonymized]

وتفضلوا معاليكم بقبول خالص تحياتي،

م. [anonymized]
محافظ هيئة الحكومة الرقمية",معالي نائب وزير النقل والخدمات اللوجستية حفظه الله السلام عليكم ورحمة الله وبركاته، إشارة إلى خطاب معاليكم رقم (٣٩١٨٠) وتاريخ ١٤٤٤/٦/٤هـ، بشأن طلب ترشيح ممثل للاستفادة من الخبرات السابقة في الفعاليات الدولية، أود إفادة معاليكم بأن مجلس الوزراء وافق على استضافة المملكة لمؤتمر حوكمة الإنترنت التابع لمنظمة الأمم المتحدة، وإقامة وزارة النقل فعالية أممية سابقة في أكتوبر ٢٠٢٣م، بشأن أهمية التحضير الجيد والتعاون بين الجهات الحكومية. عليه، آمل من معاليكم التفضل بتسمية ضابط اتصال للاستفادة من الخبرات السابقة. وللتنسيق في هذا الشأن أو الحصول على مزيد من المعلومات، يمكن التواصل مع الأستاذ/ [anonymized] عبر الهاتف المتنقل ([anonymized]) أو البريد الإلكتروني ([anonymized]). والسلام عليكم ورحمة الله وبركاته.
ما هي إجراءات تنفيذ التعميم بشأن ضوابط تصنيف الخدمات الحكومية الرقمية الحساسة ومستويات التحقق؟,"استنادًا إلى صلاحيات هيئة الحكومة الرقمية الواردة في تنظيمها بموجب قرار مجلس الوزراء رقم (418) وتاريخ 25/7/1442هـ، الذي ينص في المادة (الثالثة) على أن الهيئة هي الجهة المختصة بكل ما يتعلق بالحكومة الرقمية، وتعد المرجع الوطني في شؤونها. كما نصت المادة (الرابعة) على أن تتولى الهيئة إقرار السياسات المتعلقة بأعمال الحكومة الرقمية والمنصات والمواقع والخدمات الحكومية الرقمية، ووضع المعايير الفنية لنماذج التحول الرقمي في القطاعات الحكومية ومتابعة الالتزام بها بالتنسيق مع الجهات المختصة.

وإشارةً إلى تعميم الهيئة رقم (1878) وتاريخ 24/9/1443هـ بشأن معايير استمرارية الأعمال للحكومة الرقمية، وإلى تعميم الهيئة رقم (2044) وتاريخ 28/12/1443هـ بشأن ضوابط إدارة المخاطر للحكومة الرقمية.

وانطلاقًا من أهمية تحديد مستوى حساسية الخدمات الحكومية الرقمية كمتطلب أساسي لتحسين استمراريتها والحد من احتمالية انقطاعها، ورفع مستوى الأمان والموثوقية لمكافحة الاحتيال الرقمي، وتحسين الجاهزية لحالات الانقطاع والاستجابة والتعافي منها، وتعزيز الصمود والمرونة في العمليات الرئيسة على المستوى الوطني؛

فقد أصدرت الهيئة ""ضوابط تصنيف الخدمات الحكومية الرقمية الحساسة ومستويات التحقق""، التي تهدف إلى تمكين الجهات الحكومية من تحديد حساسية خدماتها، وتطبيق تقنيات التحقق المناسبة، بما يضمن استمراريتها وعدم تأثرها، ويسهم في تحسين أمن التعاملات ورفع كفاءة الخدمات والمنصات الحكومية الرقمية، ودعم الجهود القائمة للقضاء على التطبيقات الوهمية ومكافحة الاحتيال.

يمكن الاطلاع على وثيقة الضوابط عبر الموقع الرسمي للهيئة من خلال رمز الاستجابة السريعة (QR Code) المرفق، وآمل التكرم بتوجيه المختصين في جهتكم للاطلاع عليها والعمل بموجبها.

والسلام عليكم ورحمة الله وبركاته.

م. [anonymized]
محافظ هيئة الحكومة الرقمية",سعادة الجهات الحكومية سلّمه الله السلام عليكم ورحمة الله وبركاته، إشارة إلى خطاب سعادتكم رقم (١٨٧٨) وتاريخ ٢٤/٩/١٤٤٣هـ، بشأن تحديد مستوى حساسية الخدمات الحكومية الرقمية من أجل تحسين استمراريةها، ورفع مستوى الأمان والموثوقية لمكافحة الاحتيال الرقمي، وتحسين الجاهزية لحالات الانقطاع والاستجابة والتعافي. ونأمل من سعادتكم التكرم بتوجيه المختصين لديكم للاطلاع على الوثيقة والعمل بموجبها. والسلام عليكم ورحمة الله وبركاته. م. [anonymized] محافظ هيئة الحكومة الرقمية
ما هي متطلبات تنسيق زيارة وفد لجنة القيادة لمنتدى حوكمة الإنترنت إلى المحكمة الافتراضية؟,"معالي نائب وزير العدل
حفظه الله

السلام عليكم ورحمة الله وبركاته،

إشارة إلى برقية معالي رئيس الديوان الملكي رقم (39180) وتاريخ 1444/6/4هـ، المتضمنة الموافقة الكريمة على ما وجه به مجلس الوزراء في جلسته المنعقدة بتاريخ 1444/6/3هـ، في (أولًا): بقيام هيئة الحكومة الرقمية بما يلزم لاستضافة منتدى حوكمة الإنترنت التابع لمنظمة الأمم المتحدة، والرفع عما يستلزم،
وإلى برقية سعادة وكيل وزارة الخارجية للشؤون الدولية المتعددة رقم (046735-45-001) وتاريخ 1445/2/18هـ، المرفق بها خطاب وكيل الأمين العام للأمم المتحدة للشؤون الاقتصادية والاجتماعية السيد/ [anonymized]، رقم (23/01891) وتاريخ 2023/8/21م، المتضمن موافقة منظمة الأمم المتحدة على استضافة المملكة العربية السعودية للمنتدى لعام 2024م في مدينة الرياض.

أود إحاطة معاليكم بأن هيئة الحكومة الرقمية تعتزم استضافة اجتماعات تحضيرية تابعة لمنتدى حوكمة الإنترنت، يشارك فيها أعضاء من مختلف الدول، بوصفهم أعضاءً في لجان المنتدى، وذلك خلال الفترة من 25 إلى 29 فبراير 2024م.

عليه، فإن هذه الهيئة تعمل على تنسيق زيارات لأعضاء وفد لجنة القيادة التابع لمنتدى حوكمة الإنترنت إلى عدد من الجهات الحكومية الرائدة في مجال التحول الرقمي، لما لهذه الزيارات من أثر إيجابي على المؤشرات الدولية للمملكة.

ونظرًا لما تقدمه المحكمة الافتراضية من تقدم ملموس في هذا المجال، آمل من معاليكم التكرم بتوجيه من يلزم لتنسيق هذه الزيارة،
ويمكن للمختصين لديكم التواصل مع الأستاذ/ [anonymized] أبو بكر عبر:
	•	الهاتف المتنقل: 0000000000
	•	البريد الإلكتروني: [anonymized]

وتفضلوا معاليكم بقبول خالص تحياتي.
م. [anonymized]
محافظ هيئة الحكومة الرقمية",معالي نائب وزير العدل حفظه الله السلام عليكم ورحمة الله وبركاته، إشارة إلى برقية معالي رئيس الديوان الملكي رقم (39180) وتاريخ 1444/6/4هـ، المتضمنة الموافقة الكريمة على ما وافق به مجلس الوزراء على استضافة منتدى حوكمة الإنترنت – استضافة المملكة للمنتدى في 2024م بمدينة الرياض، خلال اجتماعات تحضيرية للمنتدى، وذلك خلال الفترة من 25 إلى 29 فبراير 2024م إلى 2024م. ونأمل من معاليكم التفضل بتوجيه من يلزم لتنسيق هذه الزيارة من قبل ممثلي وفد لجنة القيادة إلى جهات حكومية ترونه مناسبًا. ويمكن للمختصين لديكم التواصل مع الأستاذ/ [anonymized] أبو بكر عبر: • الهاتف المتنقل: 0000000000 • البريد الإلكتروني: [anonymized] وتفضلوا بقبول خالص التحية والتقدير. م. [anonymized] محافظ هيئة الحكومة الرقمية
ما هي تفاصيل الدعوة لحضور اللقاء التشاوري “تعظيم الأثر الرقمي بأقل تكلفة”؟,"سعادة الرئيس التنفيذي لهيئة كفاءة الإنفاق والمشروعات الحكومية
سلّمه الله

السلام عليكم ورحمة الله وبركاته،

إشارة إلى التعاون القائم بين الهيئة وهيئتكم الموقرة في دعم كفاءة الإنفاق على المبادرات الرقمية الحكومية، أود إفادة سعادتكم بأن هيئة الحكومة الرقمية تنظم لقاءً تشاوريًا بعنوان “تعظيم الأثر الرقمي بأقل تكلفة”، وذلك يوم الأحد ٢٥/١١/١٤٤٦هـ في مقر الهيئة بمدينة الرياض.

يسر الهيئة دعوتكم لحضور اللقاء والمشاركة في الجلسة الرئيسية، كما نأمل ترشيح أحد المختصين لديكم للمشاركة في حلقة النقاش المتعلقة بالحوكمة المالية للمشاريع التقنية.

وللتنسيق في هذا الشأن أو الحصول على مزيد من التفاصيل، يمكن التواصل مع الأستاذ/ [anonymized]، بالهاتف المتنقل ([anonymized]) أو البريد الإلكتروني ([anonymized]).

والسلام عليكم ورحمة الله وبركاته.",سعادة الرئيس التنفيذي لهيئة كفاءة الإنفاق والمشاريع الحكومية سلّمه الله السلام عليكم ورحمة الله وبركاته، إشارة إلى الجهود المبذولة من هيئة كفاءة الإنفاق والمشاريع الحكومية لتعزيز الكفاءة الرقمية، تتقدم هيئة الحكومة الرقمية إلى سعادتكم بتنظيم لقاء تشاوري بعنوان “تعزيز الأثر الرقمي بأقل تكلفة”، وذلك يوم الأحد ٢٥/١١/١٤٤٦هـ، في مقر الهيئة بمدينة الرياض. نأمل من سعادتكم التكرم بترشيح أحد المختصين للمشاركة في حلقة النقاش، وللتنسيق يمكن التواصل مع الأستاذ/ [anonymized]، بالهاتف المتنقل ([anonymized]) أو البريد الإلكتروني ([anonymized]). والسلام عليكم ورحمة الله وبركاته.
ما هي أسباب الاعتذار عن عدم التمكن من حضور اجتماع اللجنة التنسيقية؟,"معالي رئيس الهيئة العامة للأوقاف
حفظه الله

السلام عليكم ورحمة الله وبركاته،

إشارة إلى خطاب معاليكم رقم (١٥٥٥) وتاريخ ١٦/١١/١٤٤٥هـ، بشأن اعتذار عن عدم التمكن من حضور اجتماع اللجنة التنسيقية،

نود إفادة معاليكم بأن الهيئة يتعذر عليها حضور الاجتماع المقرر خلال الأسبوع الجاري، نظرًا لتعارضه مع ارتباطات تنفيذية داخلية.

آمل من معاليكم التفضل باعتماد موعد جديد لاحق، وسيتم التنسيق مع الفريق المختص لترتيب المشاركة.

والسلام عليكم ورحمة الله وبركاته.",معالي رئيس الهيئة العامة للأوقاف حفظه الله السلام عليكم ورحمة الله وبركاته، إشارة إلى خطاب معاليكم رقم (١٥٥٥٥) وتاريخ ١٦/١١/١٤٤٥هـ، بشأن اعتذار عن عدم التمكن من حضور اجتماع اللجنة التنسيقية، نود إفادة معاليكم بأن الهيئة يتعذر عليها حضور الاجتماع المقرر خلال الأسبوع الجاري، بسبب تعارضه مع ارتباطات تنفيذية داخلية. آمل من معاليكم التفضل باعتماد موعد جديد لاحقًا، والتنسيق مع الفريق المختص لترتيب المشاركة. والسلام عليكم ورحمة الله وبركاته.
ما هي تفاصيل الدعوة لحضور ملتقى التكامل الاستراتيجي للبيانات؟,"معالي وزير الاقتصاد والتخطيط
حفظه الله

السلام عليكم ورحمة الله وبركاته،

إشارة إلى خطاب معاليكم رقم (٤٠١٥) وتاريخ ١٤/١١/١٤٤٥هـ، بشأن دعوة للمشاركة في ملتقى التكامل الاستراتيجي للبيانات،

يسر الهيئة دعوتكم للمشاركة في ملتقى التكامل الإستراتيجي للبيانات، المزمع عقده يوم الثلاثاء ٢٥/١١/١٤٤٥هـ، في مدينة الرياض.

ويهدف الملتقى إلى مناقشة سبل تنسيق البيانات بين الجهات الحكومية لتعزيز فعالية اتخاذ القرار وتحقيق مستهدفات الرؤية.

والسلام عليكم ورحمة الله وبركاته.",معالي وزير الاقتصاد والتخطيط حفظه الله السلام عليكم ورحمة الله وبركاته، إشارة إلى خطاب معاليكم رقم (٤٠١٥) وتاريخ ١٤/١١/١٤٤٥هـ، بشأن دعوة للمشاركة في ملتقى التكامل الاستراتيجي للبيانات، يسر الهيئة دعوتكم للمشاركة في ملتقى التكامل الاستراتيجي للبيانات، الذي سيعقد يوم الثلاثاء ٢٥/١١/١٤٤٥هـ في مدينة الرياض، وذلك بهدف مناقشة سبل تنسيق البيانات بين الجهات الحكومية. والسلام عليكم ورحمة الله وبركاته.
ما هي متطلبات إيفاد موظفين للمشاركة في برنامج تدريبي دولي حول التحول الرقمي في التعليم؟,"معالي وزير التعليم
حفظه الله

السلام عليكم ورحمة الله وبركاته،

تماشيًا مع جهود الوزارة في تطوير قدرات الكوادر الوطنية، نرفع إلى معاليكم طلبًا للموافقة على إيفاد مجموعة من موظفي وزارة التعليم للمشاركة في برنامج تدريبي دولي حول التحول الرقمي في التعليم، والذي سيُعقد في جمهورية فنلندا، خلال الفترة من 1446/08/10هـ إلى 1446/08/20هـ الموافق 2025/02/18م إلى 2025/02/28م.

يهدف البرنامج إلى تزويد المشاركين بمهارات متقدمة في تقنيات التعليم الرقمي، وتصميم التجارب التعليمية التفاعلية، وتوظيف البيانات في تحسين الأداء التعليمي، بما يسهم في تطوير البيئة التعليمية، وتحقيق مستهدفات رؤية المملكة 2030.

نأمل من معاليكم التكرم بالموافقة على الإيفاد، واعتماد الترشيحات المرفقة، والتوجيه بما يلزم حيال استكمال الإجراءات ذات العلاقة.

وتفضلوا بقبول خالص التحية والتقدير.

م. [anonymized]
محافظ هيئة الحكومة الرقمية",معالي وزير التعليم حفظه الله السلام عليكم ورحمة الله وبركاته، إشارة إلى خطة الوزارة لتعزيز التحول الرقمي في التعليم، تتقدم هيئة الحكومة الرقمية إلى معاليكم بطلب إيفاد مجموعة من موظفي الوزارة في برنامج تدريبي دولي حول التحول الرقمي في التعليم، والمقرر إقامته خلال الفترة من 1446/08/10هـ إلى 1446/08/20هـ الموافقة على الإيفاد واعتماد الترشيحات المرفقة، والتوجيه بما يلزم حيال استكمال الإجراءات ذات العلاقة. وتفضلوا بقبول خالص التحية والتقدير. م. [anonymized] محافظ هيئة الحكومة الرقمية
ما هي متطلبات دعم لإطلاق مشروع التحول الرقمي في القطاع الثقافي؟,"معالي وزير الثقافة حفظه الله

السلام عليكم ورحمة الله وبركاته،

إشارة إلى خطط الوزارة لتطوير القطاع الثقافي،
نرفع إلى معاليكم طلبًا لدعم مشروع ""التحول الرقمي في القطاع الثقافي""،
والذي يتضمن رقمنة الفعاليات الثقافية، وإنشاء منصات إلكترونية تفاعلية تتيح للجمهور الاطلاع والمشاركة في الأنشطة والفعاليات الثقافية بطريقة مبتكرة تدعم نشر الثقافة وتعزز وصولها إلى جميع فئات المجتمع.

نأمل من معاليكم التكرم بالموافقة والتوجيه بما يلزم لتنفيذ المشروع بالتنسيق مع الجهات ذات العلاقة.

والسلام عليكم ورحمة الله وبركاته.",معالي وزير الثقافة حفظه الله السلام عليكم ورحمة الله وبركاته، إشارة إلى خطة الوزارة لتقنيات التحول الرقمي في القطاع الثقافي، نرفع إلى معاليكم طلبًا لدعم إطلاق “مشروع التحول الرقمي في القطاع الثقافي”، والذي يهدف إلى رقمنة الفعاليات الثقافية، وخلق منصات إلكترونية تفاعلية تُسهم في تعزيز وصول الثقافة إلى جميع فئات المجتمع. نأمل من معاليكم التكرم بالموافقة والتوجيه بما يلزم لتنفيذ المشروع. والسلام عليكم ورحمة الله وبركاته.
ما هي مستجدات دراسة تجربة المستخدم لمنصة بياناتي؟,"معالي وزير الاقتصاد والتخطيط
حفظه الله

السلام عليكم ورحمة الله وبركاته،

إشارة إلى خطاب معاليكم رقم (١٣٧٦) وتاريخ ١٣/١٠/١٤٤٧هـ، بشأن تحسين تجربة المستخدم لمنصة “بياناتي الوطنية”، أود إفادة معاليكم بأن الهيئة أتمّت المرحلة الأولى من تحليل احتياجات المستخدمين وفق معايير التصميم الشامل.

وقد أظهرت النتائج وجود فجوة في تخصيص البيانات لقطاعات التعليم والصحة، ما يستدعي تطوير واجهات أكثر تكاملًا وربطًا بالمصادر الأصلية.

نأمل من معاليكم التفضل بتوجيه المختصين في الوزارة بمراجعة النتائج وتقديم الملاحظات تمهيدًا للمرحلة الثانية من التطوير.

والسلام عليكم ورحمة الله وبركاته.",معالي وزير الاقتصاد والتخطيط حفظه الله السلام عليكم ورحمة الله وبركاته، إشارة إلى خطاب معاليكم رقم (١٣٧٦) وتاريخ ١٣/١٠/١٤٤٧هـ، بشأن تحسين تجربة المستخدم لمنصة بياناتي الوطنية، أود إفادة معاليكم بأن الهيئة قد أكملت المرحلة الأولى من تحليل احتياجات المستخدمين، وتبين وجود فجوة في تخصيص البيانات لقطاعات التعليم والصحة، وتطوير واجهات أكثر تكاملًا وربطًا بالمصادر الأصلية. آمل من معاليكم التفضل بتوجيه المختصين في الوزارة بمراجعة النتائج وتقديم الملاحظات المعتمدة للمرحلة الثانية من التطوير. والسلام عليكم ورحمة الله وبركاته.
ما هي مستجدات رغبة سفير مملكة تايلند لدى المملكة لقاء معالي المحافظ؟,"صاحب السمو وزير الخارجية
حفظه الله

السلام عليكم ورحمة الله وبركاته،

إشارة إلى برقية سموكم الكريم رقم (94637-39) وتاريخ 1446/11/11هـ، المُتضمّنة الإفادة بتلقي الوزارة مذكرة السفارة الملكية التايلندية في الرياض بشأن رغبة سعادة سفير مملكة تايلند لدى المملكة في لقاء؛ لبحث سبل التعاون الثنائي بين البلدين في مجال الحكومة الإلكترونية والبيانات.

أود إفادة سموكم بترحيب الهيئة بعقد اللقاء مع سعادة السفير، وبحث سبل التعاون. ويمكن للمختصين لديكم التواصل لتنسيق اللقاء مع الدكتورة/ [anonymized]، بالهاتف المتنقل (055xxxxxxx) أو البريد الإلكتروني ([anonymized]).

والسلام عليكم ورحمة الله وبركاته.

م. [anonymized]
محافظ هيئة الحكومة الرقمية",معالي وزير الخارجية حفظه الله السلام عليكم ورحمة الله وبركاته، إشارة إلى خطاب معاليكم رقم (٩٤٦٣٧-٣٩) وتاريخ ١٤٤٦/١١/١١هـ، بشأن رغبة سفير مملكة تايلند لدى المملكة لقاء معالي المحافظ، أود إفادة معاليكم بأن الهيئة تتلقى مذكرة السفارة الملكية التايلندية في الرياض المتضمنة رغبة سفير مملكة تايلند لدى المملكة في لقاء معاليكم، وذلك بحثًا عن سبل التعاون الثنائي في مجال الحكومة الإلكترونية والبيانات. عليه، آمل من معاليكم التفضل بترحيب الهيئة بعقد اللقاء مع الأستاذة/ [anonymized]، بالهاتف المتنقل (055xxxxx) أو البريد الإلكتروني ([anonymized]). والسلام عليكم ورحمة الله وبركاته.
ما هي تفاصيل التهنئة بشأن مدينة الملك فهد الطبية بمناسبة الحصول على شهادة الاعتماد للبنية المؤسسية؟,"سعادة المدير العام التنفيذي لمدينة الملك فهد الطبية
حفظه الله

السلام عليكم ورحمة الله وبركاته،

إشارةً إلى برقية معالي رئيس الديوان الملكي رقم (6262) وتاريخ (1445/1/26هـ)، المتضمّنة الموافقة الكريمة على المعاملة المتعلقة بالتقريرين السنويين (الثامن، والتاسع) لقياس التحول الرقمي الحكومي، وما نصّت عليه الفقرة (9) من التوجيه بقيام الجهات الحكومية “العمل مع هيئة الحكومة الرقمية في تطبيق ممارسة البنية المؤسسية، وإسناد الصلاحية إلى الوحدة التنظيمية “البنية المؤسسية” لديها، وأن تطبق تطبيقاً فاعلًا المنهجيات والمعايير والأدلة الإرشادية المقدمة من هيئة الحكومة الرقمية”، وإلى ما تسهم فيه ممارسات البنية المؤسسية واتباعها لمعايير البنية المؤسسية الوطنية في رفع مستوى النضج وتحسين كفاءة الاستثمار في الحكومة الرقمية.

يطيب لي أن أهنئ سعادتكم بمناسبة استحقاق مدينة الملك فهد الطبية لشهادة اعتماد البنية المؤسسية الوطنية، بمستوى النضج الثالث (3.1 من 5). وسيتم تسليم الشهادة في ملتقى الحكومة الرقمية المزمع إقامته خلال الفترة من 20/12/2023م.

كما تجدون أدناه رمز الاستجابة السريعة (QR Code)، والمتضمن “الموجز التنفيذي لنتائج تقييم ممارسة البنية المؤسسية المؤسسية لمدينة الملك فهد الطبية”.

ويأتي هذا الإنجاز نتيجة للجهود المبذولة، والحرص الملموس على تحقيق رؤية جهتكم الموقرة ورفع نضجها، ومساهمتها في تسريع التحول الرقمي، والشراكة مع هيئة الحكومة الرقمية.

وفي حال الرغبة في الحصول على مزيد من المعلومات، يمكن للمختصين لديكم التواصل والتنسيق مع:
	•	مسؤول التواصل: الاسم محجوب
	•	المسمى الوظيفي: مديرة إدارة البنية المؤسسية الوطنية
	•	الجوال: 0000000000
	•	البريد الإلكتروني: [anonymized]

وتقبلوا خالص التحيات،
م. [anonymized]
محافظ هيئة الحكومة الرقمية",سعادة المدير العام التنفيذي لمدينة الملك فهد الطبية سلّمه الله السلام عليكم ورحمة الله وبركاته، إشارة إلى خطاب سعادتكم رقم (٦٢٦٢) وتاريخ ١٤٤٥/١/٢٦هـ، بشأن استحقاق مدينة الملك فهد الطبية لشهادة اعتماد البنية المؤسسية الوطنية، أود إفادة سعادتكم بأن الهيئة قد وافقت على المعاملة المتعلقة بالتقريرين السنويين لقياس التحول الرقمي الحكومي، وما جرى من قيام الجهات الحكومية بالعمل مع هيئة الحكومة الرقمية في تطبيق ممارسة البنية المؤسسية، وما جرى من استحقاق مدينة الملك فهد الطبية لشهادة اعتماد البنية المؤسسية الوطنية بمستوى النضج الثالث. وللتنسيق في هذا الشأن أو الحصول على مزيد من المعلومات، يمكن التواصل مع الأستاذ/ [anonymized]، عبر: • الهاتف المتنقل: • الهاتف المتنقل: 00000000000000 • البريد الإلكتروني: 000000 • البريد الإلكتروني: 0000000000 • البريد الإلكتروني: 000000 • البريد الإلكتروني: 000000 • البريد الإلكتروني: 000000 • البريد الإلكتروني: 000000 • البريد الإلكتروني: 000000 • البريد الإلكتروني: 000000 • البريد الإلكتروني: 000000 • البريد الإلكتروني: 000000 • البريد الإلكتروني: 000000 • البريد الإلكتروني: 000000 • البريد الإلكتروني: 000000 • البريد الإلكتروني: 000000 • البريد الإلكتروني: 000000
كيف يتم التعبير عن الشكر بشأن على التعاون في تطوير منصة دعم المنشآت الصغيرة والمتوسطة؟,"سعادة محافظ الهيئة العامة للمنشآت الصغيرة والمتوسطة
سلّمه الله

السلام عليكم ورحمة الله وبركاته،

إشارة إلى خطاب سعادتكم رقم (١٨٤٥) وتاريخ ٢٢/١١/١٤٤٥هـ، بشأن شكر على التعاون في منصة دعم المنشآت،

تتقدم الهيئة بجزيل الشكر لسعادتكم على تعاونكم المثمر في تطوير منصة دعم المنشآت الصغيرة والمتوسطة، والتي ساهمت في رفع كفاءة الخدمات وتحسين آليات التقديم الإلكتروني.

ونتطلع إلى استكمال المراحل القادمة ضمن الشراكة الإستراتيجية بين الجهتين.

والسلام عليكم ورحمة الله وبركاته.",سعادة محافظ الهيئة العامة للمنشآت الصغيرة والمتوسطة سلّمه الله السلام عليكم ورحمة الله وبركاته، إشارة إلى خطاب سعادتكم رقم (١٨٤٥) وتاريخ ٢٢/١١/١٤٤٥هـ، بشأن شكر على التعاون في منصة دعم المنشآت الصغيرة والمتوسطة، تتقدم الهيئة بخالص الشكر والتقدير لسعادتكم على هذا التعاون المثمر الذي قدمته محافظ الهيئة العامة للمنشآت الصغيرة والمتوسطة في تطوير منصة دعم المنشآت الصغيرة والمتوسطة، والتي ساهمت في رفع كفاءة الخدمات وتحسين آليات التقديم الإلكتروني. ونتطلع إلى استكمال المراحل القادمة ضمن الشراكة الإستراتيجية. والسلام عليكم ورحمة الله وبركاته.
ما هي تفاصيل الدعوة لحضور مشروع البوابة الوطنية للذكاء الاصطناعي؟,"معالي وزير الاتصالات وتقنية المعلومات حفظه الله
السلام عليكم ورحمة الله وبركاته،
إشارة إلى المساعي الوطنية نحو تسريع تبني تقنيات الذكاء الاصطناعي في القطاع الحكومي، يسر الهيئة دعوتكم للمشاركة في تطوير مشروع “البوابة الوطنية للذكاء الاصطناعي”، التي تهدف إلى تمكين الجهات من الوصول إلى نماذج تحليل ذكية ودعم اتخاذ القرار المبني على البيانات.
يشمل المشروع فرقًا تقنية من مختلف الجهات لتحديد الاستخدامات ذات الأولوية وتقديم نماذج تشغيلية موحدة.
وللتنسيق يمكن التواصل مع الأستاذ/ [anonymized]، بالهاتف المتنقل ([anonymized]) أو البريد الإلكتروني ([anonymized]).
والسلام عليكم ورحمة الله وبركاته.",معالي وزير الاتصالات وتقنية المعلومات حفظه الله السلام عليكم ورحمة الله وبركاته، يسر الهيئة دعوتكم للمشاركة في تطوير مشروع “البوابة الوطنية للذكاء الاصطناعي”، والذي يهدف إلى تسريع تبني تقنيات الذكاء الاصطناعي في القطاع الحكومي، وتطوير مشروع “البوابة الوطنية للذكاء الاصطناعي”، والذي يهدف إلى تمكين الجهات من الوصول إلى نماذج تحليل ذكية تعتمد على تقنيات الذكاء الاصطناعي، بما يتماشى مع مستهدفات رؤية المملكة 2030. نأمل من معاليكم التفضل بالمشاركة في تطوير المشروع، وللتنسيق يمكن التواصل مع الأستاذ/ [anonymized]، بالهاتف المتنقل ([anonymized]) أو البريد الإلكتروني ([anonymized]). والسلام عليكم ورحمة الله وبركاته.
ما هي مستجدات  الرد على طلب استثناء هيئة تنمية البحث والتطوير والابتكار من المشاركة في دورة قياس التحول الرقمي لعام 2025المشاركة في دورة قياس التحول الرقمي لعام 2025؟,"سعادة المشرف العام المكلف على هيئة تنمية البحث والتطوير والابتكار
سلّمه الله

السلام عليكم ورحمة الله وبركاته،

إشارةً إلى خطاب سعادتكم رقم (٩٠٠٣/٤٦/٠١) وتاريخ 1446/10/12هـ، المتضمّن إفادتكم بأنّ الهيئة تمر بمرحلة انتقالية يجري فيها العمل على تأسيس البنية التحتية وخدماتها وتطوير استراتيجيات التحول الرقمي، وطلبكم استثناء الهيئة من دورة قياس التحول الرقمي لعام 2025م، أود إفادتكم بما يلي:

استنادًا إلى صلاحيات هيئة الحكومة الرقمية المنصوص عليها في تنظيمها، الصادر بقرار مجلس الوزراء رقم (٤١٨) وتاريخ 1442/7/25هـ، والتي تشمل إصدار المؤشرات والتقارير والأدوات لقياس أداء الجهات الحكومية وقدراتها في مجال الحكومة الرقمية، ومتابعة التزامها بالقرارات والأوامر الصادرة في شأن التعاملات الحكومية الرقمية؛ فإن معايير ترشيح الجهات الحكومية للانضمام إلى دورة “قياس التحول الرقمي” لعام 2025م تنطبق على هيئة تنمية البحث والتطوير والابتكار.

وبناءً على ذلك، يرى المختصون في الهيئة مناسبة انضمام هيئتكم الموقرة إلى الدورة المشار إليها، علمًا بأن الجهات التي تشارك لأول مرة لا تُدرج ضمن التقرير الإعلامي المرافق للقياس إلا بعد مرور دورة سنوية، مما يتيح الاستفادة من التوصيات الواردة لتحسين أداء التحول الرقمي في الدورات القادمة.

ولا يخفى على سعادتكم أن “قياس التحول الرقمي” يُسهم في تسريع وتيرة التحول الرقمي في الجهات الحكومية، وتعزيز تقدم المملكة في المؤشرات الدولية ذات الصلة، من خلال متابعة الالتزام بتنفيذ قرارات مجلس الوزراء والأوامر السامية.

وفي حال وجود أي استفسار، يمكن للمختصين لديكم التواصل مع فريق “قياس” عبر الهاتف المتنقل ([anonymized]) أو البريد الإلكتروني: [anonymized]

والسلام عليكم ورحمة الله وبركاته.

م. [anonymized]
محافظ هيئة الحكومة الرقمية",سعادة المشرف العام المختص لهيئة تنمية البحث والتطوير والابتكار سلّمه الله السلام عليكم ورحمة الله وبركاته، إشارةً إلى خطاب سعادتكم رقم (٩٠٠٣/٤٦/١٠١) وتاريخ 1446/10/12هـ، بشأن طلب استثناء الهيئة من دورة “قياس التحول الرقمي لعام 2025م”، والتي تمر بمرحلة انتقالية لتأسيس البنية التحتية وخدماتها. أود إفادة سعادتكم بأن معايير ترشيح الجهات الحكومية للانضمام إلى دورة “قياس التحول الرقمي لعام 2025م” تنطبق على الهيئة، وتُعد الجهات التي تشارك في التقرير لا تُدرج لي مرة واحدة إلا بعد دورة “قياس التحول الرقمي لعام 2025م”. وفي حال وجود أي استفسارات في هذا الشأن، يمكن للمختصين لديكم التواصل مع فريق “قياس” عبر الهاتف المتنقل ([anonymized]) أو البريد الإلكتروني ([anonymized]). والسلام عليكم ورحمة الله وبركاته.
ما هي تفاصيل ترشيح ممثل بشأن حضور اجتماع لمناقشة مشروع آلية (خطة) العمل التنفيذية للتحول في الجوانب الإجرائية وأحكامه الانتقالية؟,"معالي محافظ هيئة الحكومة الرقمية
السلام عليكم ورحمة الله وبركاته،
إشارة إلى المعاملة الواردة إلى هيئة الخبراء من أمانة مجلس الشؤون الاقتصادية والتنمية برقم (١٣٢٣٩) وتاريخ ١٤٤٤/٩/١ هـ، في شأن مشروع آلية (خطة) العمل التنفيذية للتحول في الجوانب الإجرائية وأحكامه الانتقالية.
وحيث رأت اللجنة الدائمة لمجلس الشؤون الاقتصادية والتنمية توصيتها برقم (٢٣٦/٤٤/م/د) وتاريخ ١٤٤٤/٨/٧ هـ، إحالة المعاملة إلى هيئة الخبراء لتقوم -بالتنسيق مع الجهات ذات العلاقة- بدراسة المشروع.
وحيث سبق أن عُقد اجتماع بشأنه في هيئة الخبراء بتاريخ ١٤٤٦/٨/٢٩ هـ، ويُرغب التكرم بحضور الاجتماع القادم لمناقشة الموضوع واستعراض التعديلات، وذلك يوم الاثنين الموافق ١٤٤٦/١٠/٢٣ هـ الساعة (١) ظهرًا عبر تطبيق Cisco Webex.
وقد تم ترشيح د. [anonymized]، والتنسيق يتم من خلاله عبر الجوال: ([anonymized])، أو البريد الإلكتروني: ([anonymized]).
يرجى التكرم بالإحاطة بما يلزم، وشكرًا لتعاونكم.

رئيس هيئة الخبراء بمجلس الوزراء
[anonymized]",معالي محافظ هيئة الحكومة الرقمية حفظه الله السلام عليكم ورحمة الله وبركاته، إشارةً إلى خطاب معاليكم رقم (١٣٢٣٩) وتاريخ ١٤٤٤/٩/١١، بشأن إحالة المعاملة إلى هيئة الخبراء لدراسة المشروع، في اجتماع سابق عُقد في هيئة الخبراء بتاريخ ١٤٤٦/٨/٢٩، وذلك يوم الاثنين ١٤٤٦/١٠/٢٣ في الساعة ١ ظهرًا، عبر Cisco Webex. يسرنا دعوتكم لحضور الاجتماع القادم لمناقشة مشروع آلية العمل التنفيذي للتحول. وللتنسيق في هذا الشأن أو الحصول على مزيد من المعلومات، يمكن التواصل مع الأستاذ/ [anonymized]. د. [anonymized]، بالهاتف المتنقل (055555) أو البريد الإلكتروني: ([anonymized]). والسلام عليكم ورحمة الله وبركاته.
ما هي تفاصيل الدعوة لحضور أعمال ملتقى الابتكار الرقمي في القطاع غير الربحي؟,"معالي وزير الموارد البشرية والتنمية الاجتماعية
حفظه الله

السلام عليكم ورحمة الله وبركاته،

إشارة إلى جهود الوزارة في تمكين التحول الرقمي وتعزيز الحلول التقنية في القطاع غير الربحي، يسر الهيئة دعوتكم للمشاركة في ملتقى “الابتكار الرقمي في القطاع غير الربحي”، الذي سيعقد بمدينة الرياض يوم الاثنين ٢٩/١٢/١٤٤٦هـ، بمشاركة نخبة من الجهات الحكومية والخاصة والمنظمات الأهلية.

وتسعد الهيئة بمشاركة معاليكم بكلمة رئيسة في الجلسة الافتتاحية، إلى جانب عرض مقدم من الوزارة حول أبرز مبادراتها الرقمية في المجال غير الربحي.
وللتنسيق في هذا الشأن أو الحصول على مزيد من المعلومات، يمكن التواصل مع الأستاذ/ [anonymized]، بالهاتف المتنقل ([anonymized]) أو البريد الإلكتروني ([anonymized]).

والسلام عليكم ورحمة الله وبركاته.",معالي وزير الموارد البشرية والتنمية الاجتماعية حفظه الله السلام عليكم ورحمة الله وبركاته، يسر الهيئة دعوتكم للمشاركة في ملتقى الابتكار الرقمي في القطاع غير الربحي، الذي سيعقد بمدينة الرياض بتاريخ ٢٩/١٢/١٤٤٦هـ، بمشاركة جهات حكومية خاصة ومنظمات أهلية. يسرنا دعوتكم للمشاركة بكلمة رئيسة في الجلسة الافتتاحية، وللتنسيق يمكن التواصل مع الأستاذ/ [anonymized]، بالهاتف المتنقل ([anonymized]) أو البريد الإلكتروني ([anonymized]). والسلام عليكم ورحمة الله وبركاته.
ما هي متطلبات استثناء منصة “فعاليات السعودية” من تطبيق نظام التصميم الموحد (كود المنصات)؟,"سعادة مدير عام المركز الوطني للفعاليات
سلّمه الله

السلام عليكم ورحمة الله وبركاته،

إشارةً إلى برقيتكم رقم (٤٦٠١٣٦٧) وتاريخ 1446/8/27هـ، المتضمنة طلب استثناء منصة “فعاليات السعودية” من تطبيق نظام التصميم الموحد (كود المنصات) الصادر بموجب التعميم رقم (١٦٧٦) وتاريخ 1446/5/12هـ، والمتعلق بتطبيق التصميم الموحد على المنصات والتطبيقات التابعة للجهات الحكومية في مدة أقصاها (180) يومًا من تاريخ التعميم.

أفيد سعادتكم بأن نظام التصميم الموحد (كود المنصات) يُعد المرجع الوطني لتصميم واجهات المنصات والتطبيقات الحكومية وتطويرها، عبر توفير مكونات وعناصر وأدوات تقنية تُمكن الجهات الحكومية من تقديم تجربة سلسة وموحدة تسهم في تعزيز تجربة المستخدم لجميع فئات المجتمع.

وبالاطلاع على المبررات الموضحة في برقيتكم المشار إليها أعلاه، ترى الهيئة عدم الممانعة من تأجيل تطبيق النظام على منصة “فعاليات السعودية” المسجلة في بوابة “رقمي” بالنطاق (saudievents.sa) للعام الحالي (2025م)، على أن يُلتزم بتطبيق النظام على بقية المنصات التابعة للمركز الوطني للفعاليات والمسجلة في بوابة “رقمي”.

آمل من سعادتكم الاطلاع والإحاطة، وتوجيه من يلزم بالعمل بموجب ما أُشير إليه أعلاه.
وفي حال وجود أي استفسار، يمكن للمختصين لديكم التواصل مع الأستاذ/ [anonymized] على الجوال ([anonymized]) أو عبر البريد الإلكتروني: [anonymized]

والسلام عليكم ورحمة الله وبركاته.

م. [anonymized]
محافظ هيئة الحكومة الرقمية",سعادة مدير عام المركز الوطني للفعاليات سلّمه الله السلام عليكم ورحمة الله وبركاته، إشارة إلى خطاب سعادتكم رقم (4601367) وتاريخ 1446/8/27هـ، بشأن طلب استثناء منصة “فعاليات السعودية” من تطبيق نظام التصميم الموحد (كود المنصات)، يُعد نظام التصميم الموحد المرجع الوطني لتصميم واجهات المنصات الحكومية. أود إفادة سعادتكم بأن الهيئة ترى عدم الممانعة من تأجيل تطبيق النظام على المنصة للعام 2025م، ويجب الالتزام بتطبيق النظام على بقية المنصات التابعة للمركز. وللتنسيق في هذا الشأن أو الحصول على مزيد من المعلومات، يمكن التواصل معه عبر الهاتف المتنقل (0562233) أو البريد الإلكتروني ([anonymized]). والسلام عليكم ورحمة الله وبركاته.
ما هي إجراءات تنسيق مشاركة الهيئة في الاجتماع الحادي عشر لمديري برامج الحكومة الإلكترونية العرب؟,"سعادة وكيل وزارة الخارجية للشؤون الدولية المتعددة
حفظه الله

السلام عليكم ورحمة الله وبركاته،

إشارة إلى الأمر السامي الكريم رقم (2935) وتاريخ 1435/01/22هـ، القاضي بأن تكون جميع الاتصالات الدولية في الوزارات والمصالح الحكومية مع الممثليات الأجنبية والهيئات والمنظمات الخارجية عبر وزارة الخارجية.

أود إحاطة سعادتكم بأنني تلقيت دعوة من مديرة مجموعة الإحصاء ومجتمع المعلومات والتكنولوجيا بالإنابة في منظمة (الإسكوا) – مرفق خطاب الدعوة – للمشاركة في الاجتماع الحادي عشر لمديري برامج الحكومة الإلكترونية العرب، والذي سيُعقد في مدينة دبي بدولة الإمارات العربية المتحدة، وذلك بتاريخ 13 فبراير 2024م.

أرفق لسعادتكم خطابًا موجّهًا إلى مديرة المجموعة، يتضمن تأكيد مشاركتي ومشاركة المهندس/ [anonymized] في الاجتماع المشار إليه، راجيًا من سعادتكم التكرم بالاطلاع، والتوجيه لمن ترونه مناسبًا لتسليم الخطاب عبر الطرق الدبلوماسية.

وفي حال وجود أي استفسارات بهذا الشأن، يمكن للمختصين لديكم التواصل مع المهندس/ X عبر الهاتف المتنقل: 0000000000 أو البريد الإلكتروني: [anonymized]

وتفضلوا سعادتكم بقبول خالص تحياتي،
[anonymized]
نائب المحافظ للاستراتيجية والشراكات",سعادة وكيل وزارة الخارجية للشؤون الدولية المتعددة سلّمه الله السلام عليكم ورحمة الله وبركاته، إشارة إلى خطاب سعادتكم رقم (٢٩٣٥) وتاريخ ١٤٣٥/١٠/٢٢هـ، بشأن دعوة للمشاركة في الاجتماع الحادي عشر لمديري برامج الحكومة الإلكترونية العربية، أود إحاطة سعادتكم بأن الهيئة تتلقى دعوة من مديرة مجموعة الإحصاء ومجتمع المعلومات والتكنولوجيا بالإنابة في منظمة الإسكوا، والتي ستُعقد في مدينة دبي بدولة الإمارات العربية المتحدة، وذلك يوم الثلاثاء ١٣ فبراير ٢٠٢٤م. آمل من سعادتكم التكرم بتوجيه من ترونه مناسبًا لتسليم الخطابات الدلوبية عبر الهاتف المتنقل: • الهاتف المتنقل: 0000000000 • البريد الإلكتروني: [anonymized] وتفضلوا بقبول خالص تحياتي. م. [anonymized] نائب المحافظ للإحصاء والتقنية
ما هي تفاصيل الدعوة لحضور دعوة للمشاركة بورقة علمية في ندوة (الإبل في لغة العرب)؟,"سعادة الأستاذ [anonymized]/ [anonymized]
سلمه الله

السلام عليكم ورحمة الله وبركاته،

انطلاقًا من أهمية الإبل ومكانتها في اللغة العربية بصفتها عنصرًا من العناصر الثقافية المكونة للهوية العربية،
يسر مجمع الملك سلمان العالمي للغة العربية دعوتكم للمشاركة في ندوة ثقافية افتراضية بعنوان:
“الإبل في لغة العرب”، وذلك ضمن أعمال الاحتفاء بعام الإبل 2024م.

وتأتي هذه الدعوة للمشاركة بورقة علمية في الندوة المشار إليها أعلاه، والتي تهدف إلى تسليط الضوء على مكانة الإبل وأثرها في اللغة العربية والثقافة العربية.

وستُعقد الندوة – بمشيئة الله – يوم الخميس 1446/6/25هـ الموافق 2024/12/26م، في تمام الساعة الثامنة مساءً.

ويمكن للمختصين لديكم التنسيق في هذا الشأن مع الأستاذ/ [anonymized] عبر:
	•	الهاتف المتنقل: [anonymized]
	•	البريد الإلكتروني: [anonymized]

وتفضلوا بقبول خالص التحية والتقدير،

مجمع الملك سلمان العالمي للغة العربية",معالي الأستاذ [anonymized] عليكم ورحمة الله وبركاته، يسر مجمع الملك سلمان العالمي للغة العربية دعوتكم للمشاركة في “ندوة ثقافية افتراضية بعنوان “الإبل في اللغة العربية”، ضمن احتفال بعيد الإبل 2024م، والتي تهدف إلى تسليط الضوء على مكانة الإبل وأثرها في اللغة والثقافة العربية، وذلك خلال الفترة من 1446/6/25هـ الموافق 2024/12/26م إلى الساعة الثامنة مساءً. وللتنسيق يمكن التواصل مع الأستاذ/ [anonymized]، بالهاتف المتنقل ([anonymized]) أو البريد الإلكتروني ([anonymized]). والسلام عليكم ورحمة الله وبركاته.
ما هي متطلبات بشأن مشاركة الجوازات في مراجعة نموذج إصدار تصاريح الإقامة المؤقتة؟,"سعادة مدير عام الجوازات
سلّمه الله

السلام عليكم ورحمة الله وبركاته،

إشارة إلى مشروع تحسين تجربة الزائر الرقمي الذي تتبناه الهيئة ضمن خطط التحول الرقمي الحكومية.

أود إفادة سعادتكم بأنه تم الانتهاء من تطوير نموذج أولي لواجهة موحدة لإصدار تصاريح الإقامة المؤقتة، بالتعاون مع عدة جهات أمنية وخدمية.

آمل من سعادتكم التكرم بتكليف الفريق التقني لدى المديرية بمراجعة النموذج، والمشاركة في المرحلة التجريبية القادمة.

والسلام عليكم ورحمة الله وبركاته.",سعادة مدير عام الجوازات سلّمه الله السلام عليكم ورحمة الله وبركاته، إشارة إلى مشروع تحسين تجربة الزائر الرقمي الذي تضطلع به إدارة الجوازات، أود إفادة سعادتكم بأن الجوازات قد تم الانتهاء من تطوير نموذج أولي لواجهة موحدة لإصدار تصاريح الإقامة المؤقتة، بالتعاون مع عدة جهات أمنية وخدمية. آمل من سعادتكم التكرم بتكليف الفريق التقني لدى المديرية بمراجعة النموذج، والمشاركة في المرحلة التجريبية القادمة. والسلام عليكم ورحمة الله وبركاته.
ما هي تفاصيل الدعوة لحضور ملتقى “نماذج النجاح الرقمي في المناطق”؟,"صاحب السمو الأمير [anonymized]
نائب أمير منطقة الجوف
حفظه الله

السلام عليكم ورحمة الله وبركاته،

إشارة إلى ما تحققه إمارة منطقة الجوف من تطور لافت في رقمنة خدمات المحافظات والمراكز التابعة، وحرص سموكم على دعم منظومة التحول الرقمي على مستوى المنطقة.

يسر الهيئة دعوتكم للمشاركة في ملتقى “نماذج النجاح الرقمي في المناطق”، والذي سيُقام في مدينة الرياض يوم الثلاثاء ١٠/٥/١٤٤٧هـ، بمشاركة نخبة من القيادات التقنية والإدارية.

يسرنا أن يتضمن جدول الملتقى كلمة افتتاحية من سموكم، بالإضافة إلى عرض من فريق الإمارة حول أفضل الممارسات التقنية في المنطقة. وللتنسيق يمكن التواصل مع الأستاذ/ [anonymized]، بالهاتف المتنقل ([anonymized]) أو البريد الإلكتروني ([anonymized]).

والسلام عليكم ورحمة الله وبركاته.",معالي نائب أمير منطقة الجوف حفظه الله السلام عليكم ورحمة الله وبركاته، يسر الهيئة دعوتكم للمشاركة في ملتقى “نماذج النجاح الرقمي في المناطق”، الذي سيُعقد بمدينة الرياض يوم الثلاثاء ١٠/٥/١٤٤٧هـ، بمشاركة نخبة من القيادات التقنية والإدارية، تتضمن جدول أعمال الملتقى كلمة افتتاحية منكم. وللتنسيق يمكن التواصل مع الأستاذ/ [anonymized]، بالهاتف المتنقل ([anonymized]) أو البريد الإلكتروني ([anonymized]). والسلام عليكم ورحمة الله وبركاته.
ما هي تفاصيل الإفادة بشأن نتائج قياس التحول الرقمي لعام 2023؟,"معالي محافظ الهيئة العامة للغذاء والدواء
حفظه الله

السلام عليكم ورحمة الله وبركاته،

إشارة إلى قرار مجلس الوزراء رقم (418) وتاريخ 1442/7/25هـ، الصادر بالموافقة على تنظيم هيئة الحكومة الرقمية، وما نصت عليه المادة (الرابعة) من التنظيم: “بأن الهيئة تختص بكل ما يتعلق بالحكومة الرقمية في الجهات الحكومية، وفق الأطر والمعايير التي تضعها الهيئة”،
ومنها: إصدار القياسات والمؤشرات والأدوات والتقارير لقياس أداء الجهات الحكومية وقدراتها في مجال الحكومة الرقمية، ومتابعة التقدم المحرز،
بما يعزز التزام الجهات الحكومية بالقرارات والأوامر الصادرة في شأن التحول الرقمي.

وحيث تم إطلاق دورة قياس التحول الرقمي لجهات الحكومة لعام (2023م) للتحقق من مستوى امتثال الجهات الحكومية بالأخص ما نصت عليه الهيئة بالقرارات والأوامر والتعاميم ذات العلاقة – في ضوء ما جاء في ورشة العمل الافتراضية المنعقدة في يوم الثلاثاء 29 / 7 / 1445هـ الموافق 9 / 1 / 2024م.

عليه يسرني أن أتقدم لمعاليكم بالشكر الجزيل لدورة القياس لعام (2023م)، وأود إفادة معاليكم أن الهيئة العامة للغذاء والدواء قد حققت نسبة (74.61%) في الجهة في مرحلة التحسين،
كما يمكنكم الاطلاع على تفاصيل النتيجة في التقرير الخاص بجهتكم عن طريق نظام القياس الإلكتروني عبر الرابط الإلكتروني:
https://etransformation.dga.gov.sa

والعمل على تنفيذ التوصيات ومعالجة الملاحظات الواردة في التقرير المذكور أعلاه.
وفي حال وجود أي استفسارات في هذا الشأن، يمكن للمختصين لديكم التواصل مع فريق قياس عبر الهاتف المتنقل 0000000000 أو البريد الإلكتروني: [anonymized]

وتفضلوا معاليكم بقبول خالص تحياتي.

م. [anonymized]
محافظ هيئة الحكومة الرقمية",سعادة محافظ الهيئة العامة للغذاء والدواء سلّمه الله السلام عليكم ورحمة الله وبركاته، إشارة إلى خطاب سعادتكم رقم (٤١٨) وتاريخ ١٤٤٢/٧/٢٥هـ، بشأن نتائج دورة “قياس التحول الرقمي لجهات الحكومة لعام ٢٠٢٣”، أود إفادة سعادتكم بأن الهيئة العامة للغذاء والدواء أطلقت دورة “قياس التحول الرقمي لجهات الحكومة لعام ٢٠٢٣”، والتي حققت نسبة (٧٤.٦١٪) في مرحلة التحسين، وأظهرت أن التقرير الخاص بالنتيجة متاح عبر نظام القياس الإلكتروني. آمل من سعادتكم التكرّم بتنفيذ التوصيات ومعالجة الملاحظات الواردة في التقرير، ويمكن للمختصين لديكم التواصل مع فريق قياس للاستفسارات عبر الهاتف أو البريد الإلكتروني. ويمكن للمختصين لديكم التواصل مع فريق قياس عبر الهاتف المتنقل: • الهاتف المتنقل: 0000000000 • البريد الإلكتروني: [anonymized] وتفضلوا بقبول خالص التحية والتقدير. م. [anonymized] محافظ هيئة الحكومة الرقمية
ما هي تفاصيل الإفادة بشأن إفادة بخصوص الملفات الموضحة في البيان المرفق؟,"صاحب المعالي وزير الاتصالات وتقنية المعلومات حفظه الله
السلام عليكم ورحمة الله وبركاته،

إشارةً إلى معاليكم، نُفيدكم بأن الملفات الموضحة أسماؤهم في البيان المرفق، وهم: [anonymized] (رقم سجلها المدني [anonymized])، وتقبلوا تحياتي وتقديري.

رئيس الديوان الملكي
[anonymized]

والسلام عليكم ورحمة الله وبركاته.",معالي وزير الاتصالات وتقنية المعلومات حفظه الله السلام عليكم ورحمة الله وبركاته، إشارة إلى إفادة معاليكم المتعلقة بالملفات المرفقة في البيان المرفق. أود إفادة معاليكم بأن أسماء الملفات تشمل [anonymized]، رقم السجل المدني لأمل هو [anonymized]. وتفضلوا بقبول خالص التحية والتقدير. رئيس الديوان الملكي رئيس الديوان الملكي [anonymized]
ما هي متطلبات الموافقة على إنشاء مركز بحثي دولي متخصص في الحكومة الرقمية؟,"برقية عاجلة جدًا

الموضوع: طلب الموافقة على إنشاء مركز بحثي دولي متخصص في الحكومة الرقمية

معالي رئيس الديوان الملكي
السلام عليكم ورحمة الله وبركاته،
حفظكم الله

إشارة إلى قرار مجلس الوزراء رقم (508) وتاريخ 1447/7/18هـ، الصادر بالموافقة على رؤية المملكة العربية السعودية 2030، والمتضمنة استهداف وصول المملكة إلى المراتب الخمس الأولى عالميًا في مؤشر الأمم المتحدة لتطور الحكومة الإلكترونية بحلول عام (2030م)،
وإلى قرار مجلس الوزراء رقم (697) وتاريخ 1444/10/19هـ، الصادر بالموافقة على الخطة التنفيذية لاستضافة المملكة المقرّات الرئيسية للمنظمات والهيئات الإقليمية والدولية الحكومية أو مكاتبها الإقليمية.

واستنادًا إلى الدور الريادي الذي تشغله الحكومة الرقمية في تحقيق رؤية المملكة، وهو دورٌ يُعزز من التحول الرقمي للقطاع الحكومي ويُعدّ حجر الزاوية في هذا المسير، وفي هذا الإطار تسري الاطلاع على مبادرة وزارة الشؤون الاقتصادية والاجتماعية بالأمم المتحدة، بشأن إنشاء مركز بحثي دولي متخصص في الحكومة الرقمية، بخطاب بدعم من حكومتنا الموقرة، ويتبع مباشرة لإدارة الشؤون الاقتصادية والاجتماعية (UN DESA)، على أن تكون مدينة الرياض مقرًا له، حيث تأتي هذه المبادرة نتيجة لاجتماعات ثنائية جمعت وكيل الأمين العام للشؤون الاقتصادية والاجتماعية بالأمم المتحدة للسلام، مع فِرق وفود العمل المتخصصة، لمناقشة هذه المبادرة وجديتها.

ونظرًا لما تتمتع به مملكتنا الحبيبة من موقع استراتيجي، ودورٍ محوري في المنطقة، فإن مركز بحثي دولي سيضيف ثقلًا كبيرًا على الدور القيادي للمملكة في هذا المجال. حيث سيكون المركز بيتًا رائدًا في تعزيز الابتكار وتطوير الحلول التقنية المبتكرة للحكومة الرقمية، إضافة إلى تعزيز التقريب والتطوير المهني للموظفين الحكوميين في هذا المجال،
كما سيسهم المركز فرضًا للتعاون الدولي وتبادل المعرفة بين المؤسسات والمراكز البحثية العالمية الرائدة في مجال الحكومة الرقمية، وسيكون المركز منصة لتنظيم المؤتمرات والندوات وورش العمل الدولية،
مما سيعزز مكانة المملكة بوصفها مركزًا عالميًا لتبادل المعرفة والتعاون الدولي في هذا المجال، وبالأخص في إدارة الشؤون الاقتصادية والاجتماعية التي يصدر عنها مؤشر الأمم المتحدة لتطور الحكومة الإلكترونية.

بناءً على ما سبق، آمل تفضل معاليكم بالاطلاع والعرض عن ذلك على النظر الكريم -حفظه الله-، والموافقة بشأن تكليف هيئة الحكومة الرقمية بالبحث والتفاوض مع الإدارة المختصة بالحكومة الرقمية في إدارة الشؤون الاقتصادية والاجتماعية بالأمم المتحدة على إنشاء المركز البحثي الدولي للحكومة الرقمية المذكور،
والرفع للمقام الكريم بما يلزم، أو التوجيه بما يراه -حفظه الله- مناسبًا.

وتفضلوا معاليكم بقبول خالص تحياتي.

وزير الاتصالات وتقنية المعلومات
رئيس مجلس إدارة هيئة الحكومة الرقمية
[anonymized]",معالي رئيس الديوان الملكي حفظه الله السلام عليكم ورحمة الله وبركاته، إشارة إلى خطاب معاليكم رقم (٥٠٨) وتاريخ ١٤٤٧/٧/١٨هـ، بشأن طلب الموافقة على إنشاء مركز بحثي دولي متخصص في الحكومة الرقمية، أود إفادة معاليكم بأن الهيئة استهدفت المملكة الوصول إلى المراتب الخمسة الأولى عالمياً في مؤشر الأمم المتحدة لتطور الحكومة الإلكترونية بحلول عام ٢٠٣٠م، وتهدف إلى إنشاء مركز بحثي دولي متخصص في الحكومة الرقمية في مدينة الرياض، وذلك بهدف تعزيز الابتكار وتطوير الحلول التقنية المبتكرة للحكومة الرقمية. نأمل من معاليكم التكرم بالموافقة على تعزيز التعاون الدولي وتبادل المعرفة بين المؤسسات والمراكز البحثية العالمية. والسلام عليكم ورحمة الله وبركاته.
ما هي متطلبات استثناء الهيئة العليا للأمن الصناعي من دورة قياس التحول الرقمي لعام 2025م؟,"معالي محافظ هيئة الحكومة الرقمية  
السلام عليكم ورحمة الله وبركاته  

الإشارة: دورة قياس التحول الرقمي لعام 2024م من قبل هيئة الحكومة الرقمية.  
الموضوع: طلب استثناء الهيئة العليا للأمن الصناعي من دورة قياس التحول الرقمي لعام 2025م ودعم بعض خدماتها.

نفيد معاليكم بأن الهيئة في مرحلة التأسيس وتعمل على بناء منظومة مؤسسية متكاملة، تشمل وضع الاستراتيجيات من ضمنها استراتيجيات وخطط التحول الرقمي، بالإضافة إلى تجهيز مقرها وإنشاء بنية تحتية متكاملة وأنظمة تشغيل متوافقة مع التشريعات والتنظيمات والضوابط ذات العلاقة، كما تقوم الهيئة حاليًا باستكمال التشكيلات الإدارية والوظائف اللازمة للعملية التشغيلية، واكتمال الهياكل التنظيمية، والمرحلة التأسيسية ومهامها ما زالت جارية.

عليه، نأمل من معاليكم التكرم بالاطلاع والموافقة على طلب استثناء الهيئة الموضح أعلاه، والإيعاز لمن يلزم. ويمكن التنسيق من فريق قياس التحول الرقمي للتنسيق مع فريق عمل الهيئة العليا للأمن الصناعي وتقديم الدعم اللازم. ويمكن التواصل في ذلك مع م. [anonymized] – البريد الإلكتروني: [anonymized] – جوال: ([anonymized]).

وتقبلوا معاليكم تحياتي وتقديري.  

مهندس/ [anonymized]  
محافظ الهيئة العليا للأمن الصناعي",معالي محافظ هيئة الحكومة الرقمية حفظه الله السلام عليكم ورحمة الله وبركاته، إشارة إلى ما تبذله الهيئة العليا للأمن الصناعي في مرحلة التأسيس، والتي تعمل حاليًا على بناء منظومة مؤسسية متكاملة تعتمد على تجهيز المقر، وإنشاء بنية تحتية متكاملة، بما يسهم في استكمال التشكيلات الإدارية والوظائف اللازمة. نأمل من معاليكم التكرم بالموافقة على طلب استثناء الهيئة من دورة “قياس التحول الرقمي 2025م”، والتي تهدف إلى دعم بعض خدماتها، بما يتماشى مع مستهدفات رؤية المملكة 2030. وللتنسيق في هذا الشأن أو الحصول على مزيد من المعلومات، يمكن التواصل مع الأستاذ/ [anonymized]. [anonymized] عبر البريد الإلكتروني: maalhcis@.gov.sa، بالهاتف المتنقل ([anonymized]) أو البريد الإلكتروني: www.alsa.gov.sa وتفضلوا بقبول خالص التحية والتقدير. م. [anonymized] محافظ هيئة الأمن الصناعي
ما هي تفاصيل التهنئة بشأن صندوق تنمية الموارد البشرية بشهادة اعتماد البنية المؤسسية الوطنية؟,"سعادة مدير عام صندوق تنمية الموارد البشرية
حفظه الله

السلام عليكم ورحمة الله وبركاته،

يطيب لي أن أهنئ سعادتكم بمناسبة استحقاق صندوق تنمية الموارد البشرية لشهادة اعتماد البنية المؤسسية الوطنية، بمستوى النضج الثالث (3.0 من 5). وسيتم تسليم الشهادة في ملتقى الحكومة الرقمية المزمع إقامته خلال الفترة من 20/12/2023م.

كما تجدون أدناه رمز الاستجابة السريعة (QR Code)، المتضمن “الموجز التنفيذي لنتائج تقييم ممارسة البنية المؤسسية للصندوق”.

للتنسيق، يمكن للمختصين لديكم التواصل مع:
	•	مسؤول التواصل: الاسم محجوب
	•	الجوال: 0000000000
	•	البريد الإلكتروني: [anonymized]

وتقبلوا خالص التحية،
م. [anonymized]
محافظ هيئة الحكومة الرقمية",سعادة مدير عام صندوق تنمية الموارد البشرية سلّمه الله السلام عليكم ورحمة الله وبركاته، إشارة إلى ما تبذله صندوق تنمية الموارد البشرية من شهادة اعتماد البنية المؤسسية الوطنية، والتي تهدف إلى تسليط الضوء على مستوى النضج الثالث (3.0 من 5) وتسليم الشهادة في ملتقى الحكومة الرقمية خلال الفترة من 20/12/2023م. وللتنسيق يمكن التواصل مع الأستاذ/ اسم محجوب، بالهاتف المتنقل: 0000000000، أو البريد الإلكتروني: [anonymized]. والسلام عليكم ورحمة الله وبركاته. م. [anonymized] محافظ هيئة الحكومة الرقمية
ما هي تفاصيل ترشيح ممثل بشأن  في اللجنة الوطنية لمواءمة السياسات الرقمية؟,"معالي محافظ هيئة الاتصالات والفضاء والتقنية
حفظه الله

السلام عليكم ورحمة الله وبركاته،
إشارة إلى خطاب معاليكم رقم (١٨٤٠) وتاريخ ٢٠/٩/١٤٤٥هـ، بشأن المشاركة في اللجنة الوطنية لمواءمة السياسات الرقمية،
ترشح الهيئة الأستاذ/ [anonymized]، مدير سياسات البيانات، لتمثيل الهيئة في اللجنة الوطنية لمواءمة السياسات الرقمية، لما له من خبرة واسعة في إعداد وتنفيذ الأطر التنظيمية.
والسلام عليكم ورحمة الله وبركاته.",معالي محافظ هيئة الاتصالات والفضاء والتقنية حفظه الله السلام عليكم ورحمة الله وبركاته، إشارة إلى خطاب معاليكم رقم (١٨٤٠) وتاريخ ٢٠/٩/١٤٤٥هـ، بشأن ترشيح ممثل للهيئة في اللجنة الوطنية لمواءمة السياسات الرقمية. أود إفادة معاليكم بأن الهيئة ترشح الأستاذ/ [anonymized]، مدير سياسات البيانات، لتمثيل الهيئة في اللجنة الوطنية لمواءمة السياسات الرقمية، وذلك استنادًا إلى خبرته في إعداد وتنفيذ الأطر التنظيمية ذات العلاقة. والسلام عليكم ورحمة الله وبركاته.
ما هي تفاصيل الدعوة لحضور ورشة تطوير المنظومة التقنية لحج الداخل؟,"معالي وزير الحج والعمرة
حفظه الله

السلام عليكم ورحمة الله وبركاته،

إشارة إلى خطاب معاليكم رقم (١١٠٥) وتاريخ ٢٦/١١/١٤٤٥هـ، بشأن دعوة لحضور ورشة تطوير المنظومة التقنية لحج الداخل،

يسر الهيئة دعوتكم للمشاركة في الورشة المقرر عقدها يوم الأحد ٧/١٢/١٤٤٥هـ بمدينة مكة المكرمة، بحضور عدد من الجهات ذات العلاقة.

وتهدف الورشة إلى استعراض المبادرات التقنية وتطوير آليات التنسيق الرقمي في موسم الحج.

والسلام عليكم ورحمة الله وبركاته.",معالي وزير الحج والعمرة حفظه الله السلام عليكم ورحمة الله وبركاته، إشارة إلى خطاب معاليكم رقم (١١٠٥) وتاريخ ٢٦/١١/١٤٤٥هـ، بشأن دعوة لحضور ورشة تطوير المنظومة التقنية لحج الداخل، يسر الهيئة دعوتكم للمشاركة في ورشة “تطوير المنظومة التقنية لحج الداخل”، المقرر عقدها يوم الأحد ٧/١٢/١٤٤٥هـ، بمدينة مكة المكرمة، بحضور عدد من الجهات ذات العلاقة. وسيتم استعراض المبادرات التقنية، وتطوير آليات التنسيق الرقمي في موسم الحج. والسلام عليكم ورحمة الله وبركاته.
ما هي متطلبات بشأن التسجيل في بوابة النماذج الذكية؟,"سعادة مدير مركز التحول الرقمي سلّمه الله
السلام عليكم ورحمة الله وبركاته،
إشارة إلى إطلاق الهيئة “بوابة النماذج الذكية” التي تهدف إلى تمكين الجهات من استخدام نماذج جاهزة مدعومة بالذكاء الاصطناعي لتحسين خدماتها الرقمية.
يسرنا دعوتكم لتسجيل فريق العمل لديكم في البوابة، ورفع احتياجات النمذجة عبر الرابط المخصص، تمهيدًا لإجراء جلسات تعريفية خلال شهر محرم القادم.
وللتنسيق يمكن التواصل مع الأستاذ/ [anonymized]، عبر الهاتف المتنقل ([anonymized]) أو البريد الإلكتروني ([anonymized]).
والسلام عليكم ورحمة الله وبركاته.",سعادة مدير مركز التحول الرقمي سلّمه الله السلام عليكم ورحمة الله وبركاته، إشارة إلى إطلاق الهيئة ضمن بوابة النماذج الذكية، والتي تهدف إلى تمكين الجهات من استخدام نماذج جاهزة مدعومة بالذكاء الاصطناعي، وتقديم الدعوة اللازمة لتسجيل فريق العمل، ورفع احتياجات النمذجة، وإجراء جلسات تعريفية خلال شهر محرم القادم. نأمل من سعادتكم التكرم بتسجيل فريق العمل، ورفع احتياجات النمذجة في بوابة النماذج الذكية، بالهاتف المتنقل ([anonymized]) أو البريد الإلكتروني ([anonymized]). والسلام عليكم ورحمة الله وبركاته.
ما هي متطلبات الموافقة على تنظيم مؤتمر الذكاء الاصطناعي في الأمن السيبراني؟,"معالي رئيس الهيئة الوطنية للأمن السيبراني
حفظه الله

السلام عليكم ورحمة الله وبركاته،

إشارة إلى تزايد التحديات الأمنية المرتبطة بالفضاء السيبراني، وتسارع تطورات تقنيات الذكاء الاصطناعي،
ترفع هيئة الحكومة الرقمية إلى معاليكم طلبًا للموافقة على تنظيم “مؤتمر الذكاء الاصطناعي في الأمن السيبراني”،
والذي يهدف إلى استعراض أحدث التطبيقات التقنية في مجال التصدي للهجمات السيبرانية، واستكشاف فرص التكامل بين تقنيات الذكاء الاصطناعي وأدوات الحماية الرقمية، إلى جانب تعزيز التعاون بين الجهات الحكومية والخاصة، وبناء شراكات استراتيجية مع المؤسسات المحلية والدولية المتخصصة.

نأمل من معاليكم التكرم بالموافقة والتوجيه بما يلزم لتنظيم المؤتمر بالتعاون مع الشركاء المحليين والدوليين.

والسلام عليكم ورحمة الله وبركاته.

م. [anonymized]
محافظ هيئة الحكومة الرقمية",معالي رئيس الهيئة الوطنية للأمن السيبراني حفظه الله السلام عليكم ورحمة الله وبركاته، إشارة إلى التحديات الأمنية المتزايدة المرتبطة بالفضاء السيبراني، تتقدم هيئة الحكومة الرقمية إلى معاليكم بطلب الموافقة على تنظيم مؤتمر “الذكاء الاصطناعي في مجال الأمن السيبراني”، الذي يهدف إلى استعراض أحدث التطبيقات التقنية في التعامل مع الهجمات السيبرانية، وتعزيز التعاون بين الجهات الحكومية والخاصة. نأمل من معاليكم التكرم بالموافقة والتوجيه بما يلزم لتنظيم المؤتمر. والسلام عليكم ورحمة الله وبركاته. م. [anonymized] محافظ هيئة الحكومة الرقمية
ما هي تفاصيل تبليغ بقرار مجلس الإدارة رقم (م-10-1-2) بشأن إصدار ضوابط تسعير الخدمات الحكومية الرقمية؟,"سعادة نائب المحافظ لقطاع الاستثمار والتميّز الحكومي
سعادة نائب المحافظ لقطاع التنظيم والثّقة الرقمية
سلّمهما الله

السلام عليكم ورحمة الله وبركاته،

إشارة إلى محضر اجتماع مجلس الإدارة رقم (م-10) المنعقد بتاريخ 10/9/1446هـ الموافق 10/3/2025م، المتضمن المداولة حول موضوع “ضوابط تسعير الخدمات الحكومية الرقمية” ضمن محور “متابعة مستوى التقدم في تنفيذ قرارات المجلس”، وبناءً على ما رفعته الأمانة العامة لمجلس الإدارة بخصوص القرارات المتعثرة ذات العلاقة، والمبينة فيما يلي:
	1.	قرار المجلس رقم (م-5-8) بتاريخ 13/3/2023م، بشأن تطوير الهيئة للتنظيمات اللازمة لحوكمة أسعار تقديم الخدمات الحكومية رقميًا، بالاتفاق مع الجهات ذات العلاقة، خلال مدة (30) يومًا.
	2.	قرار المجلس رقم (م ر-8-1-2) بتاريخ 25/4/2024م، الذي ينص على إعداد وثيقة ضوابط تسعير الخدمات الرقمية ومشاركتها مع المجلس خلال (90) يومًا، بالتنسيق مع وزارة المالية ومركز تنمية الإيرادات غير النفطية.
	3.	قرار المجلس رقم (م ر-10-2) بتاريخ 18/12/2024م، القاضي بمواءمة الضوابط مع وزارة المالية والمركز خلال (30) يومًا والرفع للمجلس للاعتماد.

واستنادًا إلى برقيات الديوان الملكي ذات العلاقة، وتوصيات هيئة الخبراء ومجلس الشؤون الاقتصادية والتنمية، التي نصّت على تمكين هيئة الحكومة الرقمية من إصدار الضوابط وتنظيم حوكمة الأسعار بالتنسيق مع الجهات ذات العلاقة، ووفقًا لصلاحيات الهيئة المعتمدة في الإطار التنظيمي لأعمال الحكومة الرقمية (قرار المجلس رقم م-5-5 بتاريخ 13/3/2023م)،

أصدر مجلس الإدارة قراره رقم (م-10-1-2) بتاريخ 10/9/1446هـ الموافق 10/3/2025م، القاضي بـ:

“تفويض معالي محافظ هيئة الحكومة الرقمية بإصدار ضوابط تسعير الخدمات الحكومية الرقمية، بالاتفاق مع وزارة المالية ومركز تنمية الإيرادات غير النفطية، والجهات ذات العلاقة، على أن تشمل الضوابط أيضًا تسعير خدمات البيانات الرقمية ومنتجات الذكاء الاصطناعي المرتبطة بها. ويجري لاحقًا مراجعة الوثيقة بعد صدور الإطار الوطني للرسوم والمقابلات المالية.”

للاطلاع واتخاذ ما يلزم.

والسلام عليكم ورحمة الله وبركاته.

م. [anonymized]
محافظ هيئة الحكومة الرقمية",سعادة نائب المحافظ لقطاع الاستثمار والتمييز الحكومي سلّمه الله السلام عليكم ورحمة الله وبركاته، إشارةً إلى قرار مجلس الإدارة رقم (م-10-1-2) المنعقد بتاريخ ١٠/٩/١٤٤٦هـ الموافق ١٠/٣/٢٠٢٥م، بشأن تطوير الهيئة للتنظيمات اللازمة لحوكمة أسعار تقديم الخدمات الحكومية رقميًا خلال ٣/٢٠٢٣م. أود إحاطة سعادتكم بأن قرار مجلس الإدارة رقم (م-5-٨) الصادر بتاريخ ١٣/٣/٢٠٢٣م، الصادر بتاريخ ٢٥/٤/٢٠٢٤م، الصادر بتاريخ ٢٥/٢٠/٢٠٢٤م، بشأن ضوابط تسعير الخدمات الحكومية الرقمية، يهدف إلى إعداد وثيقة تسعير الخدمات، ومشاركتها مع هيئة الحكومة الرقمية خلال يوم ١٠/٩/١٤٤٦هـ الموافق ١٠/٢٠/٢٠٢٥م. عليه، آمل من سعادتكم التفضل بقرار مجلس الإدارة رقم (م-5-٨) الصادر بتاريخ ١٣/٢٠/٢٠٢٣م، الصادر بتاريخ ١٣/٢٠/٢٠٢٣م، المتضمن تطوير الهيئة للتنظيمات اللازمة لحوكمة أسعار تقديم الخدمات الحكومية رقميًا خلال ٣/٢٠ يومًا. والسلام عليكم ورحمة الله وبركاته. م. [anonymized] محافظ هيئة الحكومة الرقمية
ما هي متطلبات مساحة مؤقتة لمواقف سيارات؟,"الموضوع: بشأن طلب مساحة مؤقتة لمواقف سيارات – الهيئة العامة لعقارات الدولة

سعادة مساعد المحافظ لشؤون الاحتياجات الحكومية
الهيئة العامة لعقارات الدولة
سلمه الله

السلام عليكم ورحمة الله وبركاته

نشكر لكم جهودكم المبذولة نحو تعظيم فاعلية منظومة عقارات الدولة وتحقيق التنمية المستدامة.

تعمل هيئة الحكومة الرقمية على توفير بيئة عمل عن طريق ترميم وتحسين مقر الهيئة الاستثنائي في مدينة الرياض بحي المرسلات (مقر وزارة الاتصالات سابقًا).
ونظرًا لزيادة الطاقة الاستيعابية للمساحات المكتبية، وزيادة أعداد الزوار وإقامة ورش العمل، واستقبال العديد من الوفود في مقر الهيئة،
نفيدكم بعدم كفاية الطاقة الاستيعابية لمواقف السيارات المخصصة للموظفين.

ونتطلع إلى دعمكم بالإفادة عن مدى إمكانية تخصيص مساحة تقريبية (١٥٠٠ م²) من الأرض المجاورة لمقر الهيئة والخاضعة لوزارة الدفاع،
حيث إنها غير مستغلة منذ سنوات ولديها الحاجة الماسة للاستفادة منها لمدة ٦ أشهر،
وذلك لحين الانتهاء من تنفيذ مشروع إنشاء مواقف السيارات متعددة الأدوار.

كما نأمل ملاحظة عدم إمكانية تنفيذ مثل هذا المشروع دون الاستعانة بمساحة إضافية في الفترة الحالية وحتى انتهاء المشروع.",سعادة مساعد المحافظ لشؤون الاحتياجات الحكومية للهيئة العامة للعقارات الدولة سلّمه الله السلام عليكم ورحمة الله وبركاته، إشارة إلى خطة الهيئة العامة للعقارات للدولة لاستعادة وتحسين مقر الهيئة الاستثنائية في مدينة الرياض بحي المرسلات، وذلك بهدف زيادة الطاقة الاستيعابية للمساحات المكتبية وعدد الزوار، وعدم كفاية مواقف السيارات المخصصة للموظفين. نأمل من سعادتكم التكرم بالإفادة عن مدى إمكانية تخصيص مساحة 1500 م2 من الأرض المجاورة لمقر الهيئة لمدة 6 أشهر. والسلام عليكم ورحمة الله وبركاته.
ما هي إجراءات تنفيذ التعميم بشأن تحديد آلية للجهة المعنية بمتابعة تنفيذ المبادرات الاقتصادية؟,"صاحب السمو الملكي ولي العهد
نائب رئيس مجلس الوزراء، وزير الدفاع
نسخة لكل وزارة ومصلحة حكومية
وعلى كل جهة إبلاغ الجهات التابعة لها أو المرتبطة بها

السلام عليكم ورحمة الله وبركاته:
اطلعنا على كتاب سمو الأمين العام لمجلس الوزراء رقم ٧٤٨٤ بتاريخ ١٤٤٠/١٠/١٧هـ، المشار فيه إلى توجيه معالي وزير التجارة والاستثمار رئيس اللجنة الإشرافية لمجلس شؤون التنمية الاقتصادية رقم ٧٤٧٥ بتاريخ ١٤٤٠/١٠/١٦هـ، بشأن الموضوع، وما أوضح سموه من أن أمانة مجلس الشؤون الاقتصادية والتنمية أوجزت أن الموضوع دُرس، وانتهت في ضوء التوصية رقم (٤٥٥) بتاريخ ١٤٤٠/٨/٢٨هـ المتضمنة مناسبة أن تنتهي إليه أغلبية المرئيات في محضر فريق الخبراء بمجلس الوزراء رقم (٤٥٥) بتاريخ ١٤٤٠/٨/٢٨هـ، بالتنسيق مع من تراه - عند تحديد الجهة - بالاستئناس بمن تراه من ذوي الخبرة، وذلك وفق ما ورد في البندين (أولاً) و(ثانياً) من محضرها المشار إليه.

وقد أعدت مذكرة رقم (٧٦٩) بتاريخ ١٤٤٠/١٠/١١هـ، بناءً على التوصية، من مجلس الشؤون الاقتصادية والتنمية، والعناية سالفة الذكر، ورفعت اللجنة مذكرة بموجزها إلى مجلس الوزراء برقم (٧٦٩) بتاريخ ١٤٤٠/١٠/١١هـ، بالموافقة على ما أوصت به اللجنة في محضرها المعد في هذا الشأن، وتمت الموافقة عليه من مجلس الوزراء، بناءً على ما رفعه معالي وزير الاقتصاد والتخطيط رئيس اللجنة، وذلك بأن تتولى “هيئة الخبراء بمجلس الوزراء” تنسيق المشاركات المتضمنة نتائج ما ورد في التوصية رقم (٤٥٥)، وتشكيل لجان من وزارات التجارة والاستثمار، والداخلية، والعدل، والمالية، والموارد البشرية والتنمية الاجتماعية، والطاقة، والصناعة والثروة المعدنية، والاتصالات وتقنية المعلومات، ورئاسة أمن الدولة، وديوان المظالم، ومؤسسة النقد.",سعادة نائب رئيس مجلس الوزراء، وزير الدفاع، ولي العهد سلّمه الله السلام عليكم ورحمة الله وبركاته، إشارة إلى خطاب سعادتكم رقم (٧٤٨٤) وتاريخ ١٤٤٠/١٠/١٧هـ، بشأن توجيهكم بشأن التنسيق مع الجهات المعنية، أود إحاطة سعادتكم بأن الهيئة بصدد توجيه سعادتكم رقم (٤٥٥) وتاريخ ١٤٤٠/٨/٢٨هـ، بشأن دراسة الموضوع من قبل أمانة مجلس الشؤون الاقتصادية والتنمية، وتشكيل لجان من وزارات متعددة لتنسيق المشاركات. والسلام عليكم ورحمة الله وبركاته.
ما هي مستجدات نتائج المرحلة الأولى من تكامل منصة البيانات الجغرافية؟,"معالي وزير النقل والخدمات اللوجستية
حفظه الله

السلام عليكم ورحمة الله وبركاته،
إشارة إلى خطاب معاليكم رقم (١٤٤٢) وتاريخ ١٤/١٠/١٤٤٥هـ، بشأن نتائج المرحلة الأولى من تكامل منصة البيانات الجغرافية،
أود إحاطة معاليكم بأن الهيئة استكملت المرحلة الأولى من تكامل منصة البيانات الجغرافية الحكومية، واشتملت على بيانات النقل العام والطرق والموانئ.
وقد تم إجراء اختبارات توافق البيانات مع أنظمة التخطيط الحضري، وتوصي الهيئة بتوسيع النطاق ليشمل المناطق اللوجستية الخاصة.
والسلام عليكم ورحمة الله وبركاته.",معالي وزير النقل والخدمات اللوجستية حفظه الله السلام عليكم ورحمة الله وبركاته، إشارة إلى خطاب معاليكم رقم (١٤٤٢) وتاريخ ١٤/١٠/١٤٤٥هـ، بشأن نتائج المرحلة الأولى من تكامل منصة البيانات الجغرافية، أود إحاطة معاليكم بأن الهيئة استكملت المرحلة الأولى من تكامل منصة البيانات الجغرافية الحكومية، والتي شملت بيانات النقل العام والطرق والموانئ، وتم إجراء اختبارات توافق البيانات مع أنظمة التخطيط الحضري. ونوصي بتوسيع النطاق ليشمل المناطق اللوجستية الخاصة. والسلام عليكم ورحمة الله وبركاته.
ما هي متطلبات مشاركة البيانات الرقابية عبر المنصة الوطنية الموحدة؟,"معالي رئيس الهيئة العامة للغذاء والدواء
حفظه الله

السلام عليكم ورحمة الله وبركاته،

إشارة إلى خطاب معاليكم رقم (٣٥٩٢) وتاريخ ٢١/١٠/١٤٤٥هـ، بشأن طلب مشاركة البيانات الرقابية عبر المنصة الوطنية،

أود إفادة معاليكم بأن الهيئة تعمل حاليًا على تطوير لوحة رقابية موحدة للجهات التنظيمية، ويُعد إشراك بيانات الرخص والتراخيص الدوائية والغذائية عنصرًا محوريًا في نجاح هذا المشروع.

آمل التكرم بتسمية نقطة اتصال فنية للتنسيق حول صيغة البيانات وآلية التبادل الآمن.

والسلام عليكم ورحمة الله وبركاته.",معالي رئيس الهيئة العامة للغذاء والدواء حفظه الله السلام عليكم ورحمة الله وبركاته، إشارة إلى خطاب معاليكم رقم (٣٥٩٢) وتاريخ ٢١/١٠/١٤٤٥هـ، بشأن طلب مشاركة البيانات الرقابية، أود إفادة معاليكم بأن الهيئة تعمل على تطوير لوحة رقابية موحدة للجهات التنظيمية، وتشمل إشراك بيانات الرخص والتراخيص الدوائية والغذائية عنصر محوري، يتعلق بمشاركة البيانات عبر المنصة الوطنية. آمل من معاليكم التفضل بتسمية نقطة اتصال فنية للتنسيق حول صيغة البيانات وآلية التبادل الآمن. والسلام عليكم ورحمة الله وبركاته.
ما هي تفاصيل ترشيح ممثل بشأن طلب ترشيح مختصين من هيئة الحكومة الرقمية لحضور اللقاء السنوي للجنة النقل والاتصالات وتقنية المعلومات؟,"معالي وزير الاتصالات وتقنية المعلومات
رئيس مجلس إدارة هيئة الحكومة الرقمية
سلمه الله

السلام عليكم ورحمة الله وبركاته، وبعد:

إشارة إلى إحاطة معاليكم بعضوية مجلس الشورى لمجلس “البيانات والإحصاءات”، فإن اللجنة المعنية ترغب في عقد لقاء سنوي بعنوان: “نحو تكامل البيانات لتعزيز كفاءة وفعالية السياسات العامة في المملكة”، وذلك ضمن أعمال السنة الرابعة من الدورة الثامنة، في يوم الأربعاء الموافق 12 / 7 / 1446هـ.

يسر المجلس أن تشارك الهيئة في اللقاء من خلال ترشيح عدد من المختصين في المجالات ذات العلاقة، بما يسهم في إثراء النقاش حول التكامل في البيانات وتبادلها ما بين الجهات الحكومية، وتقديم المقترحات الداعمة لسياسات البيانات الوطنية.

نأمل من معاليكم التفضل بتوجيه المختصين لدى الهيئة بالتسجيل في منصة المجلس، وتزويد اللجنة بأسمائهم ومسمياتهم الوظيفية وأرقام التواصل في موعد أقصاه يوم الأحد الموافق 9 / 7 / 1446هـ، على البريد الإلكتروني:
[anonymized]
أو التواصل مع الأستاذ/ [anonymized]، جوال: [anonymized]

وتقبلوا معاليكم أطيب تحياتي،،

رئيس مجلس الشورى
د. [anonymized]",معالي وزير الاتصالات وتقنية المعلومات رئيس مجلس إدارة هيئة الحكومة الرقمية حفظه الله السلام عليكم ورحمة الله وبركاته، يسرنا دعوة معاليكم لعقد لقاء سنوي حول تكامل البيانات، بعنوان: “نحو تكامل البيانات لتعزيز كفاءة وفعالية السياسات العامة في المملكة”، والمقرر عقده يوم الأربعاء 12 / 7 / 1446هـ، ونأمل من معاليكم التفضل بتوجيه المختصين لدى الهيئة بالتسجيل في منصة المجلس، بما يسهم في تعزيز كفاءة وفعالية السياسات العامة في المملكة. ويمكن للمختصين لديكم التواصل معه عبر الهاتف المتنقل (050233) أو البريد الإلكتروني (GOVID) أو البريد الإلكتروني (GOVID) أو البريد الإلكتروني (GOVID) أو البريد الإلكتروني (GOVID). والسلام عليكم ورحمة الله وبركاته.
ما هي متطلبات اعتماد مشروع تطوير منصة إلكترونية لخدمات المستثمرين؟,"معالي وزير الاستثمار
حفظه الله

السلام عليكم ورحمة الله وبركاته،

إشارة إلى سعي وزارة الاستثمار لتعزيز البيئة الاستثمارية وجذب الاستثمارات الأجنبية،
تتقدم هيئة الحكومة الرقمية إلى معاليكم بطلب اعتماد مشروع “المنصة الإلكترونية الموحدة لخدمات المستثمرين”،
والتي تهدف إلى تسهيل الإجراءات، وتوفير خدمات رقمية متكاملة لتسريع عمليات الاستثمار وتيسير تجربة المستثمر المحلي والدولي.

سيُسهم المشروع في:
	•	تحسين تجربة المستثمرين،
	•	رفع كفاءة الأداء المؤسسي،
	•	تقليص زمن المعاملات،
	•	وتعزيز مكانة المملكة كوجهة استثمارية رقمية رائدة.

نأمل من معاليكم التكرم بالموافقة والتوجيه بما يلزم لاعتماد المشروع وبدء التنفيذ بالتنسيق مع الهيئة.

وتفضلوا بقبول فائق الاحترام والتقدير.

م. [anonymized]
محافظ هيئة الحكومة الرقمية",معالي وزير الاستثمار حفظه الله السلام عليكم ورحمة الله وبركاته، إشارة إلى جهود وزارة الاستثمار في تحسين تجربة المستثمرين، ورفع كفاءة الأداء المؤسسي، وتقليص زمن المعاملات، وتعزيز مكانة المملكة كجهة استثمارية رقمية رائدة. نأمل من معاليكم التكرم بالموافقة والتوجيه بما يلزم لاعتماد المشروع وبدء التنفيذ بالتنسيق مع الهيئة. وتفضلوا بقبول خالص التحية والتقدير. م. [anonymized] محافظ هيئة الحكومة الرقمية
ما هي تفاصيل الإفادة بشأن إفادة زيارة وفد هيئة الحكومة الرقمية إلى الولايات المتحدة الأمريكية؟,"صاحب السمو وزير الخارجية
حفظه الله

السلام عليكم ورحمة الله وبركاته

يطيب لي إفادة سموكم الكريم بأن وفدًا من هيئة الحكومة الرقمية برئاسة نائب المحافظ للشراكات الاستراتيجية والشركات، يعتزم زيارة مدينتي (نيويورك وواشنطن) في الولايات المتحدة الأمريكية في المدة من 1445/05/10هـ، وذلك لحضور اجتماعات مع الإدارات المختصة بالشؤون الاجتماعية والاقتصادية بالأمم المتحدة في مدينة نيويورك، وحضور مؤتمر المنتدى العالمي لتكنولوجيا الحكومة في العاصمة واشنطن، وذلك وفق ما يلي من التنظيم:

تأتي هذه الزيارة في إطار بناء الشراكات الاستراتيجية مع الجهات ذات العلاقة، وإبراز جهود المملكة في مجال الحكومة الرقمية عن طريق استعراض أبرز إنجازات التحول الرقمي في المملكة، وتحقيق المملكة لمستويات متقدمة في المؤشرات الدولية للحكومة الرقمية، ورغبة الهيئة في إقامة شراكات استراتيجية مع المنظمات الدولية ذات الاختصاص بمثل هذه المؤشرات، التي بدورها ستسهم في استمرار تقدم المملكة لمستويات متقدمة في المؤشرات الدولية.

عليه، نأمل تفضل سموكم بالإيعاز إلى من يلزم نحو إخطار سفارة المملكة في الولايات المتحدة والبعثة الدائمة لدى الأمم المتحدة بتقديم الدعم اللازم لإنجاح هذه الزيارة، وللتنسيق يمكن للجهات المعنية التواصل بهذا الشأن مع المهندس مستشار [anonymized]، عبر هاتفه للتنقل (0000000000)، والبريد الإلكتروني: ([anonymized]). 

وتفضلوا بقبول خالص تحياتي.

وزير الاتصالات وتقنية المعلومات
رئيس مجلس إدارة هيئة الحكومة الرقمية
[anonymized]",معالي وزير الخارجية حفظه الله السلام عليكم ورحمة الله وبركاته، إشارة إلى ما أود إفادة معاليكم بأن وفد من هيئة الحكومة الرقمية برئاسة نائب المحافظ يعتزم الزيارة إلى نيويورك وواشنطن يوم ١٤٤٥/٥/١٠هـ، لحضور اجتماعات مع الأمم المتحدة في مدينة نيويورك، بحضور مؤتمر المنتدى العالمي لتكنولوجيا الحكومة في واشنطن. عليه، آمل من معاليكم التفضل بإبلاغ سفارة المملكة في الولايات المتحدة والبعثة الدائمة لدى الأمم المتحدة بتقديم الدعم اللازم لإنجاز الزيارة. وللتنسيق يمكن التواصل مع الأستاذ/ [anonymized] عبر الهاتف المتنقل: • الهاتف المتنقل: 0000000000 • البريد الإلكتروني: [anonymized] وتفضلوا بقبول خالص التحية والتقدير.
ما هي تفاصيل الدعوة لحضور اجتماع مجلس التحول الرقمي؟,"معالي نائب وزير الخارجية
حفظه الله

السلام عليكم ورحمة الله وبركاته،

يسر هيئة الحكومة الرقمية دعوتكم للمشاركة في اجتماع مجلس التحول الرقمي، والذي سيُعقد – بمشيئة الله – يوم الخميس 1446/06/15هـ الموافق 2024/12/26م، الساعة 11 صباحًا، في مقر هيئة الحكومة الرقمية بمدينة الرياض.

وسيناقش المجلس في اجتماعه أبرز التحديات والفرص المتعلقة بالتحول الرقمي، ويستعرض المشاريع والمبادرات ذات العلاقة، إلى جانب سُبل تعزيز التعاون والتكامل بين الجهات الحكومية في هذا المجال.

نأمل من معاليكم التكرم بالحضور أو ترشيح من ترونه مناسبًا من منسوبي الوزارة، ويمكن تأكيد الحضور عبر التواصل مع الأستاذ/ [anonymized] على البريد الإلكتروني: [anonymized]

وتفضلوا بقبول خالص التحية والتقدير.

م. [anonymized]
محافظ هيئة الحكومة الرقمية",معالي نائب وزير الخارجية حفظه الله السلام عليكم ورحمة الله وبركاته، يسر هيئة الحكومة الرقمية دعوتكم للمشاركة في اجتماع مجلس التحول الرقمي، الذي سيُعقد يوم الخميس 1446/06/15هـ الموافق 2024/12/26م في مقر هيئة الحكومة الرقمية بمدينة الرياض، لمناقشة التحديات والفرص المتعلقة بالتحول الرقمي، وتعزيز التعاون والتكامل بين الجهات الحكومية. نأمل من معاليكم التكرم بالحضور أو ترشيح من ترونه مناسبًا. وللتنسيق في هذا الشأن أو الحصول على مزيد من المعلومات، يمكن التواصل مع الأستاذ/ [anonymized]، بالهاتف المتنقل ([anonymized]). والسلام عليكم ورحمة الله وبركاته.
ما هي متطلبات التنسيق مع الوزارة بشأن منصة “الخطاب الرقمي”؟,"معالي وزير الشؤون الإسلامية والدعوة والإرشاد
حفظه الله

السلام عليكم ورحمة الله وبركاته،

إشارة إلى أهمية تنسيق الجهود الوطنية لتوثيق خطب الجمعة والفعاليات التوعوية إلكترونيًا، وتحويلها إلى محتوى رقمي قابل للبحث والتحليل.

أود إفادة معاليكم بأن الهيئة تعمل على إنشاء منصة “الخِطاب الرقمي”، والتي ستتيح توثيق جميع الأنشطة الدعوية والشرعية إلكترونيًا، ما يسهم في تعزيز الوصول للمحتوى الإسلامي الموثوق.

عليه، آمل من معاليكم التفضل بتوجيه الفريق التقني المختص لدى الوزارة للتنسيق مع الهيئة بشأن التكامل، ويمكن التواصل مع الأستاذ/ [anonymized]، بالهاتف المتنقل ([anonymized]) أو البريد الإلكتروني ([anonymized]).

والسلام عليكم ورحمة الله وبركاته.",معالي وزير الشؤون الإسلامية والدعوة والإرشاد حفظه الله السلام عليكم ورحمة الله وبركاته، إشارة إلى أهمية تنسيق الجهود الوطنية لتوثيق خطب الجمعة والفعاليات التوعوية إلكترونيًا، أود إفادة معاليكم بأن الهيئة بصدد إنشاء منصة “الخطاب الرقمي” لتوثيق الأنشطة الدعوية والشرعية، وتعزيز الوصول إلى المحتوى الإسلامي الموثوق به، وتوجيه الفريق التقني المختص لدى الوزارة للتنسيق مع الهيئة بشأن التكامل. وللتنسيق في هذا الشأن يمكن التواصل مع الأستاذ/ [anonymized]، بالهاتف المتنقل ([anonymized]) أو البريد الإلكتروني ([anonymized]). والسلام عليكم ورحمة الله وبركاته.
ما هي تفاصيل الدعوة لحضور ورشة تطوير منصة الميزانية الذكية؟,"معالي وزير المالية
حفظه الله

السلام عليكم ورحمة الله وبركاته،

إشارة إلى خطاب معاليكم رقم (١٥١٠) وتاريخ ٢٣/١٠/١٤٤٥هـ، بشأن دعوة لحضور ورشة تطوير منصة الميزانية الذكية،

يسر الهيئة دعوتكم لحضور ورشة العمل الخاصة بتطوير منصة الميزانية الذكية، وذلك يوم الأحد ٣/١١/١٤٤٥هـ، في مقر الهيئة بمدينة الرياض.

وتهدف الورشة إلى مناقشة فرص التكامل وتقديم مؤشرات آنية لصناع القرار حول الإنفاق العام.

والسلام عليكم ورحمة الله وبركاته.",معالي وزير المالية حفظه الله السلام عليكم ورحمة الله وبركاته، إشارة إلى خطاب معاليكم رقم (١٥١٠) وتاريخ ٢٣/١٠/١٤٤٥هـ، بشأن دعوة لحضور ورشة العمل الخاصة بتطوير منصة الميزانية الذكية، يسر الهيئة دعوتكم للمشاركة في ورشة العمل الخاصة بتطوير منصة الميزانية الذكية، وذلك يوم الأحد ٣/١١/١٤٤٥هـ، في مقر الهيئة بمدينة الرياض. ويهدف الورشة إلى مناقشة فرص التكامل وتقديم مؤشرات آنية لصناع القرار حول الإنفاق العام. والسلام عليكم ورحمة الله وبركاته.
ما هي تفاصيل ترشيح ممثل بشأن للمشاركة في المنتدى الخليجي للتحول الرقمي؟,"معالي نائب وزير الخارجية
حفظه الله

السلام عليكم ورحمة الله وبركاته،

إشارة إلى الدعوة الواردة من الأمانة العامة لمجلس التعاون لدول الخليج العربية بشأن المنتدى الخليجي للتحول الرقمي،

يسر الهيئة العامة للإعلام المرئي والمسموع ترشيح الأستاذ/ X لتمثيل المملكة في المنتدى.

نأمل من معاليكم التكرم بالموافقة والتوجيه بما يلزم لاعتماد الترشيح واستكمال الإجراءات.

وتفضلوا بقبول خالص التحية والتقدير.

الهيئة العامة للإعلام المرئي والمسموع",معالي نائب وزير الخارجية حفظه الله السلام عليكم ورحمة الله وبركاته، إشارة إلى الدعوة الواردة من الأمانة العامة لمجلس التعاون لدول الخليج العربية في المنتدى الخليجي للتحول الرقمي، نرفع إلى معاليكم طلبًا للموافقة والتوجيه بما يلزم لاعتماد الترشيح واستكمال الإجراءات اللازمة. تتقدم الهيئة العامة للإعلام المرئي والمسموع إلى معاليكم بطلب ترشيح الأستاذ/ X لتمثيل المملكة في المنتدى. والسلام عليكم ورحمة الله وبركاته.
كيف يتم التعبير عن الشكر بشأن على التعاون في تكامل أنظمة الشكاوى مع المنصة الوطنية؟,"معالي محافظ هيئة تنظيم المياه والكهرباء
حفظه الله

السلام عليكم ورحمة الله وبركاته،

إشارة إلى خطاب معاليكم رقم (٢٢٢٥) وتاريخ ١/١١/١٤٤٥هـ، بشأن شكر على التعاون في تكامل أنظمة الشكاوى،

تتقدم الهيئة بجزيل الشكر لمعاليكم على جهودكم في دعم تكامل أنظمة الشكاوى مع المنصة الوطنية الموحدة، الأمر الذي ساهم في تحسين تجربة المستفيد ورفع مستوى الشفافية.

ونتطلع إلى استمرار هذا التعاون المثمر في باقي مراحل المشروع.

والسلام عليكم ورحمة الله وبركاته",سعادة محافظ هيئة تنظيم المياه والكهرباء سلّمه الله السلام عليكم ورحمة الله وبركاته، إشارة إلى خطاب سعادتكم رقم (٢٢٢٥) وتاريخ ١/١١/١٤٤٥هـ، بشأن شكر على التعاون في تكامل أنظمة الشكاوى مع المنصة الوطنية الموحدة، تتقدم الهيئة بخالص الشكر والتقدير لسعادتكم على جهودكم المميزة في دعم تكامل أنظمة الشكاوى مع المنصة الوطنية الموحدة، وتحسين تجربة المستفيد ورفع مستوى الشفافية. ونتطلع إلى استمرار هذا التعاون في باقي مراحل المشروع. والسلام عليكم ورحمة الله وبركاته.
ما هي إجراءات تنسيق زيارة الولايات المتحدة الأمريكية؟,"الموضوع: اعتزام وفد من الهيئة زيارة الولايات المتحدة الأمريكية

معالي نائب وزير الخارجية
حفظه الله
السلام عليكم ورحمة الله وبركاته

رغبة من هيئة الحكومة الرقمية في بناء الشراكات الاستراتيجية مع الجهات ذات الاختصاص بعمالها، التي بدورها تساهم في استمرار تحقيق المملكة لمستويات متقدمة في المؤشرات الدولية، وسعيًا إلى إبراز جهود المملكة في مجال الحكومة الرقمية عن طريق استعراض أبرز إنجازاتها في التحول،

يطيب لي إفادة معاليكم بأن وفدًا من هذه الهيئة برئاسة نائب المحافظ يعتزم زيارة الولايات المتحدة الأمريكية في المدة من تاريخ 1445/9/15هـ إلى 1445/9/24هـ (مرفق قائمة بأسمائهم)، لحضور قمة أهداف التنمية المستدامة بالأمم المتحدة، ولقاء عدد من الجهات النظيرة والمؤسسات المعنية بالحكومة الرقمية والمنظمات الدولية التي تتخذ الولايات المتحدة مقرًا لها.

عليه، آمل دعم معاليكم بالإيعاز إلى من يلزم لتسهيل إجراءات إصدار التأشيرة للوفد المرافق، وإخطار بعثات المملكة بالولايات المتحدة لتسهيل مهمة الوفد، وللتنسيق يمكن للمختصين لديكم التواصل في هذا الشأن مع المهندس/ [anonymized]، بالهاتف المتنقل (0000000000)
والبريد الإلكتروني: [anonymized] 

وتفضلوا معاليكم بقبول خالص تحياتي،

م. [anonymized]
محافظ هيئة الحكومة الرقمية",معالي نائب وزير الخارجية حفظه الله السلام عليكم ورحمة الله وبركاته، إشارة إلى ما تبذله وفد من هيئة الحكومة الرقمية من جهود لتنسيق زيارة الولايات المتحدة الأمريكية خلال الفترة من 1445/9/15هـ إلى 1445/9/24هـ، بحضور قمة أهداف التنمية المستدامة بالأمم المتحدة. أود إفادة معاليكم بأن هيئة الحكومة الرقمية تعتزم زيارة وفد من الهيئة للولايات المتحدة، وذلك خلال الفترة من 1445/9/15هـ إلى 1445/9/24هـ، وذلك لحضور قمة أهداف التنمية المستدامة بالأمم المتحدة، وذلك لحضور اجتماع الجهات المعنية بالحكومة الرقمية. آمل من معاليكم التفضل بتسهيل إجراءات إصدار التأشيرة للفد، ويمكن التواصل مع الأستاذ/ [anonymized]، بالهاتف المتنقل: 0000000000، أو البريد الإلكتروني: [anonymized] وتفضلوا بقبول خالص التحية والتقدير. م. [anonymized] محافظ هيئة الحكومة الرقمية
ما هي متطلبات بشأن تأخر الإفصاح عن مؤشرات الأداء الرقمي؟,"معالي رئيس هيئة الرقابة ومكافحة الفساد حفظه الله
السلام عليكم ورحمة الله وبركاته،
إشارة إلى متابعة الهيئة لمدى التزام الجهات الحكومية بمتطلبات الإفصاح الرقمي، وبناءً على ما ورد في تقارير منصة قياس التحول الحكومي.
أود إفادة معاليكم بأن عددًا من الجهات لم تقم بتحديث مؤشرات أدائها الرقمي للأشهر الثلاثة الماضية، مما يؤثر على الشفافية وتحقيق الأهداف الوطنية للتحول.
آمل من معاليكم التفضل باتخاذ ما يلزم من الإجراءات لضمان الالتزام، وموافاتنا بتقارير المعالجة خلال مدة أقصاها ١٥ يومًا.
والسلام عليكم ورحمة الله وبركاته.",معالي رئيس هيئة الرقابة ومكافحة الفساد حفظه الله السلام عليكم ورحمة الله وبركاته، إشارة إلى أن عددًا من الجهات لم تقم بتحديث مؤشرات أداءها الرقمي للأشهر الثلاثة الماضية، مما يؤثر على الشفافية وتحقيق الأهداف الوطنية للتحول. نأمل من معاليكم التفضل باعتماد ما يلزم من الإجراءات اللازمة لضمان الالتزام، ونتطلع إلى موافاتنا بتقارير المعالجة خلال مدة أقصاها 15 يومًا. والسلام عليكم ورحمة الله وبركاته.
ما هي تفاصيل تجديد قرار تفويض المهندس/ [anonymized] اتفاقيات عدم الإفصاح؟,"إنَّ محافظ هيئة الحكومة الرقمية، وبناءً على الصلاحيات الممنوحة له نظامًا، وبعد الاطلاع على تنظيم هيئة الحكومة الرقمية الصادر بقرار مجلس الوزراء رقم (418) وتاريخ 1442/7/25هـ، والقرار الإداري رقم (25) وتاريخ 1445/8/19هـ، ولما تقتضيه مصلحة العمل وحُسن سيره وانتظامه، يُقرّر ما يأتي:

أولًا: استمرار العمل بالنموذج الموحّد لاتفاقية المحافظة على سرية المعلومات وعدم الإفصاح.
ثانيًا: تفويض المهندس/ [anonymized] – نائب المحافظ لقطاع الخدمات المشتركة – بتوقيع اتفاقيات المحافظة على سرية المعلومات وعدم الإفصاح بين الهيئة والجهات الأخرى.
ثالثًا: التفويض الوارد في البند (ثانيًا) غير قابل لإعادة التفويض لأيّ مستوى وظيفي آخر.
رابعًا: لا يُعفي التفويض من المسؤولية الناشئة عن مُمارسة هذه الصلاحية.
خامسًا: لا يُنشئ التفويض أيّ صلاحيات مالية، ويكون وفقًا لأحكام الأنظمة واللوائح والتعليمات.
سادسًا: يُبلّغ هذا القرار من يلزم، ويُعمل به من تاريخه ولمدّة (عام).

والله الموفق.

م. [anonymized]
محافظ هيئة الحكومة الرقمية",معالي محافظ هيئة الحكومة الرقمية حفظه الله السلام عليكم ورحمة الله وبركاته، إشارة إلى خطاب معاليكم رقم (٤١٨) وتاريخ ١٤٤٢/٧/٢٥هـ، بشأن استمرار العمل بالنموذج الموحّد لاتفاقية المحافظة على سرية المعلومات، أود إفادة معاليكم بأن الهيئة بصدد استمرار العمل بالنموذج الموحّد لاتفاقية المحافظة على سرية المعلومات، وتفويض المهندس/ [anonymized] بتوقيع الاتفاقيات، إلا أن التفويض غير قابل لإعادة التفويض لأي مستوى وظيفي آخر. والسلام عليكم ورحمة الله وبركاته.
ما هي مستجدات  رفض اعتراف وزارة العدل بخدمات الثقة الرقمية والتواقيع الرقمية؟,"سعادة نائب الرئيس التنفيذي لشركة بُعد للاتصالات السلكية واللاسلكية
سلّمه الله

السلام عليكم ورحمة الله وبركاته،

إشارة إلى خطاب سعادتكم رقم (٠٦٤/ع/أ/٢٠٢٥) وتاريخ 1446/7/20هـ، وخطابكم الإلحاقي رقم (٠٦٨/ع/أ/٢٠٢٥) وتاريخ 1446/10/10هـ، بشأن استمرار تلقيكم العديد من الشكاوى من بعض عملائكم المرتبطين بخدمة التوقيع الرقمي (إمضاء)، ورفض اعتراف وزارة العدل بخدمات الثقة الرقمية والتوقيع الرقمي، وطلبكم تسريع إجراءات معالجة هذه المشكلة والتنسيق مع وزارة العدل.

أفيدكم بأن الهيئة قد عقدت عدة اجتماعات مع المختصين في وزارة العدل لمناقشة أسباب رفض محاكم التنفيذ للسندات التنفيذية الموقعة رقميًا، وبأن العمل جارٍ على معالجة التحديات الحالية التي تواجه خدمات التصديق الرقمي واقتراح الحلول، وموافاتكم بما يُتوصل إليه في هذا الشأن.

وفي حال وجود أي استفسارات، يمكن للمختصين لديكم التواصل مع الأستاذة/ ×××× ×××××× المطاوع، عبر الهاتف المتنقل ([anonymized]) أو البريد الإلكتروني ([anonymized]).

والسلام عليكم ورحمة الله وبركاته.

م. [anonymized]
محافظ هيئة الحكومة الرقمية",سعادة نائب الرئيس التنفيذي لشركة بُعد للاتصالات السلكية واللاسلكية سلّمه الله السلام عليكم ورحمة الله وبركاته، إشارة إلى خطاب سعادتكم رقم (064/ع/أ/2025) وتاريخ 1446/7/20هـ، بشأن استمرار تلقي الشكاوى المتعلقة بالتوقيع الرقمي، أود إفادة سعادتكم بأن الهيئة استمرّت في تلقي الشكاوى من عملاء خدمة التوقيع الرقمي، ورفضت وزارة العدل للاعتراف بخدمات الثقة الرقمية، وتعتزم عقد اجتماعات مع وزارة العدل لمناقشة أسباب الرفض، إلا أن الهيئة تعمل حاليًا على معالجة التحديات الحالية. وللتنسيق في هذا الشأن أو الحصول على مزيد من المعلومات، يمكن التواصل مع الأستاذة/ ××××××××××× الهاتف المتنقل ([anonymized]) أو البريد الإلكتروني (dga.gov.sa). والسلام عليكم ورحمة الله وبركاته. م. [anonymized] محافظ هيئة الحكومة الرقمية
ما هي تفاصيل الدعوة لحضور ملتقى رقمنة المناطق؟,"صاحب السمو الملكي الأمير [anonymized]
أمير منطقة تبوك
حفظه الله

السلام عليكم ورحمة الله وبركاته،

إشارة إلى جهود إمارة منطقة تبوك في تمكين التحول الرقمي وتعزيز البنية التحتية التقنية في المحافظات، أود إفادة سموكم بأن الهيئة بصدد تنظيم الملتقى الوطني “رقمنة المناطق” الذي سيعقد بمدينة الرياض يوم الثلاثاء ١٠/١١/١٤٤٦هـ، بمشاركة أصحاب السمو والمعالي وعدد من الجهات الحكومية والخاصة.

عليه، آمل من سموكم التفضل بالموافقة على مشاركة الإمارة في أعمال الملتقى، وتسمية من ترونه مناسبًا من القيادات التقنية لدى الإمارة لتقديم عرض حول أبرز المبادرات الرقمية في المنطقة.
وللتنسيق في هذا الشأن أو الحصول على مزيد من المعلومات، يمكن التواصل مع الأستاذ/ [anonymized]، بالهاتف المتنقل ([anonymized]) أو البريد الإلكتروني ([anonymized]).

والسلام عليكم ورحمة الله وبركاته.",صاحب السمو الملكي الأمير [anonymized] أمير منطقة تبوك حفظه الله السلام عليكم ورحمة الله وبركاته، إشارة إلى جهود إمارة منطقة تبوك في تعزيز الرقمنة في المناطق، أود إفادة سموكم بأن الهيئة بصدد تنظيم الملتقى الوطني “رقمنة المناطق”، الذي سيعقد بمدينة الرياض يوم الثلاثاء ١٠/١١/١٤٤٦هـ، بمشاركة عدد من الجهات الحكومية والخاصة. آمل من سموكم التفضل بالموافقة على مشاركة الإمارة في أعمال الملتقى، وتسمية من ترونه مناسبًا من القيادات التقنية لدى الإمارة. وللتنسيق يمكن التواصل مع الأستاذ/ [anonymized]، بالهاتف المتنقل ([anonymized]) أو البريد الإلكتروني ([anonymized]). والسلام عليكم ورحمة الله وبركاته.
ما هي متطلبات إنتاج محتوى توعوي حول الهوية الرقمية؟,"معالي رئيس الهيئة العامة للإعلام المرئي والمسموع
حفظه الله

السلام عليكم ورحمة الله وبركاته،
إشارة إلى خطاب معاليكم رقم (٣٣٥٠) وتاريخ ١٣/١٠/١٤٤٥هـ، بشأن الموافقة على إنتاج محتوى توعوي حول الهوية الرقمية،
أود إفادة معاليكم بأن الهيئة تعتزم تنفيذ حملة وطنية لتوعية الجمهور باستخدامات الهوية الرقمية، ضمن مشروع رفع الوعي بالتحول الرقمي.
آمل من معاليكم التفضل بالموافقة على إنتاج محتوى مرئي مخصص للبث الإعلامي، والتنسيق مع الهيئة لضمان اتساق الرسائل التوعوية مع الإطار الوطني.
والسلام عليكم ورحمة الله وبركاته.",معالي رئيس الهيئة العامة للإعلام المرئي والمسموع حفظه الله السلام عليكم ورحمة الله وبركاته، إشارة إلى خطاب معاليكم رقم (٣٣٥٠) وتاريخ ١٣/١٠/١٤٤٥هـ، بشأن طلب تنفيذ حملة وطنية لتوعية الجمهور باستخدام الهوية الرقمية، أود إفادة معاليكم بأن الهيئة تعتزم تنفيذ حملة وطنية لتوعية الجمهور، تتعلق باستخدامات الهوية الرقمية ضمن مشروع رفع الوعي بالتحول الرقمي. آمل من معاليكم التفضل بالموافقة على إنتاج محتوى مرئي مخصص للبث الإعلامي والتنسيق مع الهيئة. والسلام عليكم ورحمة الله وبركاته.
ما هي تفاصيل الدعوة لحضور عنوان غير محدد؟,"السلام عليكم ورحمة الله وبركاته،
إشارة إلى مبادرة الهيئة لإطلاق شبكة وطنية للمراكز الرقمية الحكومية، والتي تهدف إلى تعزيز التكامل وتبادل الخبرات بين الجهات والمناطق.
يسرنا دعوة مركزكم للانضمام إلى هذه الشبكة ضمن المرحلة الأولى، والتي ستشهد ورش عمل وتدريبات مشتركة بين الفرق التنفيذية، بهدف مواءمة الأداء وتوحيد مؤشرات القياس.
وللتنسيق يمكن التواصل مع الأستاذ/ [anonymized]، بالهاتف المتنقل ([anonymized]) أو البريد الإلكتروني ([anonymized]).
والسلام عليكم ورحمة الله وبركاته.",معالي مركزكم حفظه الله السلام عليكم ورحمة الله وبركاته، يسر الهيئة دعوتكم للانضمام إلى الشبكة الوطنية للمراكز الرقمية الحكومية، والتي تهدف إلى تعزيز التكامل وتبادل الخبرات بين الجهات والمناطق. وتشمل المرحلة الأولى ورش عمل وتدريبات مشتركة تتضمن مواءمة الأداء وتوحيد مؤشرات القياس. نأمل من معاليكم التكرم بالانضمام إلى الشبكة، وللتنسيق يمكن التواصل مع الأستاذ/ [anonymized]، بالهاتف المتنقل ([anonymized]) أو البريد الإلكتروني ([anonymized]). والسلام عليكم ورحمة الله وبركاته.
ما هي مستجدات بنتائج منصة تكامل الرعاية الافتراضية؟,"معالي وزير الصحة
حفظه الله

السلام عليكم ورحمة الله وبركاته،

إشارة إلى خطاب معاليكم رقم (٢٥٥٠) وتاريخ ١٣/١١/١٤٤٥هـ، بشأن إحاطة حول نتائج منصة تكامل الرعاية الافتراضية،

أود إحاطة معاليكم بأن الهيئة استكملت مراجعة أداء منصة تكامل الرعاية الافتراضية، بالتعاون مع عدد من المنشآت الصحية، وقد أظهرت النتائج ارتفاع مؤشرات كفاءة تقديم الخدمة وجودة تجربة المستخدم.

ونوصي بضم المزيد من مراكز الرعاية في المناطق الطرفية خلال المرحلة القادمة.

والسلام عليكم ورحمة الله وبركاته.",معالي وزير الصحة حفظه الله السلام عليكم ورحمة الله وبركاته، إشارة إلى خطاب معاليكم رقم (٢٥٥٠) وتاريخ ١٣/١١/١٤٤٥هـ، بشأن نتائج منصة تكامل الرعاية الافتراضية، أود إحاطة معاليكم بأن الهيئة استكملت مراجعة أداء منصة تكامل الرعاية الافتراضية، بالتعاون مع عدد من المنشآت الصحية، مع ارتفاع مؤشرات كفاءة تقديم الخدمة وجودة تجربة المستخدم. ونوصي بضم المزيد من مراكز الرعاية في المناطق الطرفية. والسلام عليكم ورحمة الله وبركاته.
ما هي تفاصيل الدعوة لحضور ملتقى حوكمة الأنظمة الرقمية في القطاعات المالية؟,"سعادة محافظ الهيئة العامة للزكاة والضريبة والجمارك
سلّمه الله

السلام عليكم ورحمة الله وبركاته،

إشارة إلى ما توليه هيئتكم الموقرة من عناية بتطوير الحلول الرقمية وتكامل الأنظمة الجمركية والضريبية، يسر هيئة الحكومة الرقمية دعوتكم للمشاركة في ملتقى “حوكمة الأنظمة الرقمية في القطاعات المالية”، والذي سيُعقد يوم الاثنين ٨/١٢/١٤٤٦هـ في مدينة الرياض، بمشاركة نخبة من الجهات الرقابية والتنفيذية.

وتود الهيئة أن تتفضل هيئتكم بالمشاركة بعرض حول تجربتها في دمج الأنظمة وتعزيز الامتثال الرقمي.
وللتنسيق في هذا الشأن أو تقديم التفاصيل التنظيمية، يمكن التواصل مع الأستاذ/ [anonymized]، بالهاتف المتنقل ([anonymized]) أو البريد الإلكتروني ([anonymized]).

والسلام عليكم ورحمة الله وبركاته.",معالي محافظ الهيئة العامة للزكاة والضريبة والجمارك حفظه الله السلام عليكم ورحمة الله وبركاته، يسر هيئة الحكومة الرقمية دعوتكم للمشاركة في ملتقى “حوكمة الأنظمة الرقمية في القطاعات المالية”، الذي يُعقد يوم الاثنين ٨/١٢/١٤٤٦هـ في مدينة الرياض، بمشاركة نخبة من الجهات الرقابية والتنفيذية. نأمل من معاليكم التفضل بالمشاركة في معرض حول تجربة الهيئة في دمج الأنظمة وتعزيز الامتثال الرقمي. وللتنسيق يمكن التواصل مع الأستاذ/ [anonymized]، بالهاتف المتنقل ([anonymized]) أو البريد الإلكتروني ([anonymized]). والسلام عليكم ورحمة الله وبركاته.
ما هي متطلبات تسليم خطاب شكر موجه من مدير مكتب تنمية الاتصالات إلى الاتحاد الدولي للاتصالات؟,"صاحب السمو وزير الخارجية
حفظه الله

السلام عليكم ورحمة الله وبركاته،

إشارة إلى برقية سموكم الكريم رقم (٢٢٦٩١٦-٤٤-٠٠١) وتاريخ 1444/8/24هـ، بشأن إفادتكم بتلقي الوزارة برقية من الوفد الدائم للمملكة في جنيف، مرفقًا بطيها نسخة من الخطاب الموجّه من سعادة مدير مكتب تنمية الاتصالات بالاتحاد الدولي للاتصالات.

عليه؛ آمل من سموكم التكرم بالإيعاز إلى من يلزم بتسليم الخطاب بالطرق الدبلوماسية المتّبعة،
ويمكن للمختصين لديكم التواصل في هذا الشأن مع المهندس/ X عبر الهاتف المتنقل: 0000000000 أو البريد الإلكتروني: [anonymized]

وتفضلوا سموكم بقبول خالص تحياتي.
م. [anonymized]
محافظ هيئة الحكومة الرقمية",معالي وزير الخارجية حفظه الله السلام عليكم ورحمة الله وبركاته، إشارة إلى خطاب معاليكم رقم (٢٢٦٩١٦-٤٤-١٠١) وتاريخ ١٤٤٤/٨/٢٤هـ، بشأن طلب تسليم خطاب بالطرق الدبلوماسية، تتلقى الوزارة برقية من الوفد الدائم للمملكة في جنيف، مرفقًا نسخة من خطاب معالي مدير مكتب تنمية الاتصالات بالاتحاد الدولي للاتصالات، مع طلب الإيعاز بتسليم الخطاب بالطرق الدبلوماسية المتبعة، وسيتم التواصل مع المهندس/ X. آمل من معاليكم التفضل بالإيعاز إلى من يلزم بتسليم الخطاب، ويمكن التواصل مع الأستاذ/ X عبر الهاتف المتنقل: 0000000000 أو البريد الإلكتروني: [anonymized] وتفضلوا بقبول خالص التحية والتقدير. م. [anonymized] محافظ هيئة الحكومة الرقمية
ما هي متطلبات  تأسيس خطوط هاتف وفاكس لمتطلبات تمرين صمود-؟,"معالي وزير الاتصالات وتقنية المعلومات
حفظه الله

السلام عليكم ورحمة الله وبركاته،

إشارةً إلى برقية معاليكم رقم (٨٩٢/٤٤/٠١) وتاريخ 1444/2/22هـ، القاضية بتنفيذ توصيات خطاب معالي المشرف العام على الأمانة العامة لمجلس المخاطر الوطنية رقم (٢٠٢٢٠٩١٦١) وتاريخ 1444/2/21هـ، المتضمنة “الموافقة على تنفيذ تمرين (صمود-1) لاختبار منظومة الاتصال والتواصل بين مركز إدارة الكوارث والأزمات والمراكز في الجهات ذات العلاقة، والرفع بنتائجه لمجلس المخاطر الوطنية”،
وإلى التوجيه الكريم المبلّغ ببرقية معالي رئيس الديوان الملكي رقم (٦٦٠٩٢) وتاريخ 1443/10/23هـ، بالتعاون والتنسيق مع مركز إدارة الكوارث والأزمات،
وإلى محضر الاجتماع العاشر لمجلس المخاطر الوطنية المؤرخ في 1443/12/25هـ،
وإلى محضر الاجتماع الثلاثين للجنة التنفيذية للجنة الدفاع المدني المكلفة المؤرخ في 1442/11/21هـ،
وما ورد في المهمة رقم (4) بشأن توفير متطلبات مراكز الأزمات لجميع جهات منظومة الاتصالات وتقنية المعلومات بتاريخ 2024/2/8م.

عليه، تود هذه الهيئة التكرم بالموافقة على توفير الآتي:
هاتف متنقل باقة 80 برقم خاص منفصل،
خط هاتف ثابت برقم خاص منفصل،
خط هاتف مشفر برقم خاص منفصل،
خط ساخن برقم خاص منفصل،
خط فاكس برقم خاص منفصل،
خط فاكس مشفر برقم خاص منفصل.

آمل تفضل معاليكم بالاطلاع وتوجيه من يلزم بإصدار خطوط الهواتف والفاكس المطلوبة أعلاه؛
لتتمكن هيئة الحكومة الرقمية من الالتزام بمتطلبات مجلس المخاطر الوطنية وتوصياته.

وتفضلوا معاليكم بقبول خالص تحياتي وتقديري.
م. [anonymized]
محافظ هيئة الحكومة الرقمية",معالي وزير الاتصالات وتقنية المعلومات حفظه الله السلام عليكم ورحمة الله وبركاته، إشارة إلى خطاب معاليكم المنعقد بتاريخ 1444/2/22هـ، بشأن تنفيذ تمرين (صمود-1) لاختبار منظومة الاتصال والتواصل، بالتعاون مع مركز إدارة الكوارث والأزمات، لتوفير متطلبات مراكز الأزمات لجميع جهات منظومة الاتصالات، وذلك خلال الفترة من 2024/2/8م إلى 2024/2/8م. نأمل من معاليكم التكرم بالموافقة على توفير خطوط الهواتف والفاكس، والتنسيق مع هيئة الحكومة الرقمية. والسلام عليكم ورحمة الله وبركاته. م. [anonymized] محافظ هيئة الحكومة الرقمية
ما هي متطلبات إلغاء تقرير صادر عن برنامج يسر؟,"معالي وزير الاتصالات وتقنية المعلومات
سلمه الله

السلام عليكم ورحمة الله وبركاته،

ورد إلى معاليكم خطاب بشأن طلب إلغاء تقرير صادر عن برنامج التعاملات الإلكترونية (يسر) متضمناً معلومات غير صحيحة ومضللة أضرت بسمعة شركة كينونة لتقنية المعلومات.

نفيد معاليكم بأن الشركة تنفي صحة البيانات الواردة في التقرير، وتؤكد أن مشروعها مع جامعة الملك سعود تم تنفيذه وفق المعايير والضوابط المتفق عليها مع الجهات المعنية. كما تؤكد الشركة تعاونها الكامل مع الجامعة في تنفيذ مشروع التحول الرقمي والتحقق من الالتزامات المطلوبة. وتجدر الإشارة إلى أن المعلومات المرفقة بالتقرير بنيت على اجتهادات فردية غير دقيقة، دون الرجوع إلى مصادرها الرسمية أو استقاء المعلومات من الأطراف المعنية.

ونظراً لما تسبب فيه التقرير من أضرار جسيمة على سمعة الشركة، نأمل من معاليكم توجيه الجهات المختصة بإلغاء التقرير المذكور وإصدار بيان رسمي بتصحيح المعلومات المضللة وضمان عدم استخدامها لاحقًا.

وتفضلوا بقبول فائق الاحترام والتقدير.

والسلام عليكم ورحمة الله وبركاته.",معالي وزير الاتصالات وتقنية المعلومات حفظه الله السلام عليكم ورحمة الله وبركاته، إشارة إلى التزام شركة كينونة لتقنية المعلومات بإلغاء تقرير مضلل الصادر عن برنامج التعاملات الإلكترونية (يسر)، والذي يحتوي على معلومات غير صحيحة. أود إفادة معاليكم بأن مشروع الشركة مع جامعة الملك سعود تم تنفيذه وفق المعايير المتفق عليها، ونأمل من معاليكم التفضل بإلغاء التقرير، وإصدار بيان رسمي بتصحيح المعلومات المضللة. والسلام عليكم ورحمة الله وبركاته.
ما هي متطلبات إقرار مشروع “تحسين تجربة المستخدم”؟,"معالي وزير الاتصالات وتقنية المعلومات – حفظه الله

السلام عليكم ورحمة الله وبركاته،

حرصًا على تحسين تجربة المستخدم في التعامل مع الخدمات الحكومية الرقمية، نرفع إلى معاليكم طلبًا لإقرار مشروع “تحسين تجربة المستخدم”، والذي يهدف إلى تطوير واجهات الخدمات الإلكترونية وجعلها أكثر سهولة ومرونة، مع الاعتماد على ملاحظات وتقييمات المستفيدين في تحسين جودة الخدمة باستمرار.

نأمل من معاليكم التوجيه بما يلزم لاعتماد المشروع وتنفيذه بالتعاون مع الجهات المعنية.

وتفضلوا بقبول خالص تحياتي.",معالي وزير الاتصالات وتقنية المعلومات حفظه الله السلام عليكم ورحمة الله وبركاته، إشارة إلى جهود وزارة الاتصالات وتقنية المعلومات في تحسين تجربة المستخدم في الخدمات الحكومية الرقمية، نرفع إلى معاليكم طلبًا لاعتماد مشروع “تحسين تجربة المستخدم في الخدمات الحكومية الرقمية”، وذلك بهدف تطوير واجهات الخدمات الإلكترونية، والاعتماد على ملاحظات وتقييمات المستفيدين، وتحسين جودة الخدمة باستمرار. نأمل من معاليكم التكرم بالتوجيه بما يلزم لاعتماد المشروع وتنفيذه بالتعاون مع الجهات المعنية. والسلام عليكم ورحمة الله وبركاته.
ما هي تفاصيل الدعوة لحضور منتدى “التميز الرقمي في المناطق”؟,"صاحب السمو الملكي أمير منطقة حائل
حفظه الله

السلام عليكم ورحمة الله وبركاته،

إشارة إلى ما تضمنته خطة الإمارة في برنامج “التحول الرقمي للمحافظات”، والنتائج المتميزة في رقمنة الخدمات البلدية والصحية.

يسر الهيئة دعوتكم للمشاركة في منتدى “التميز الرقمي في المناطق” المزمع عقده بتاريخ ١/٣/١٤٤٨هـ بمدينة الرياض. ويشمل المنتدى حلقات نقاش وعروضًا من الجهات الرائدة.

نأمل من سموكم التفضل بتسمية من تراه الإمارة لعرض تجربتها في المنتدى. للتنسيق، يمكن التواصل مع الأستاذ/ [anonymized]، على الهاتف المتنقل ([anonymized]) أو البريد الإلكتروني ([anonymized]).

والسلام عليكم ورحمة الله وبركاته.",صاحب السمو الأمير [anonymized] أمير منطقة حائل حفظه الله السلام عليكم ورحمة الله وبركاته، يسر الهيئة دعوتكم للمشاركة في “منتدى التميز الرقمي في المناطق”، الذي سيُعقد في مدينة الرياض يوم الاثنين الموافق ١٣/١٤٤٨هـ، ضمن برنامج التحول الرقمي للمحافظات، والذي يهدف إلى تحقيق نتائج متميزة في رقمنة الخدمات البلدية والصحية. يسر الهيئة دعوتكم للمشاركة في “منتدى التميز الرقمي في المناطق”، والذي سيُعقد في مدينة الرياض يوم الاثنين الموافق ١/٣/١٤٤٨هـ. آمل من سموكم التفضل بتسمية من ترى الإمارة لعرض تجربتها في المنتدى، وللتنسيق يمكن التواصل مع الأستاذ/ [anonymized]، بالهاتف المتنقل ([anonymized]) أو البريد الإلكتروني ([anonymized]). والسلام عليكم ورحمة الله وبركاته.
ما هي إجراءات تنفيذ التعميم بشأن تنفيذ المسوح الإحصائية لعام 2025؟,"برقية عاجلة

صاحب السمو الملكي وزير الطاقة – سلمه الله
صاحب السمو الملكي وزير الداخلية – سلمه الله
(وبقية أصحاب المعالي والجهات حسب القائمة الواردة في الخطاب)

السلام عليكم ورحمة الله وبركاته

إشارة إلى قرار مجلس الوزراء رقم (11) وتاريخ 1437/1/13هـ، القاضي بالموافقة على تنظيم الهيئة العامة للإحصاء، والمتضمن في المادة (الرابعة) أن الهيئة هي الجهة المعنية بالإحصاء، وأنها المرجع الرسمي الوحيد لتنفيذ العمل الإحصائي والمشرف الفني والمنظم له، ولها في سبيل تحقيق أهدافها جمع البيانات والمعلومات التي تغطي جميع جوانب الحياة في المملكة من مصادرها المختلفة وتبويبها وتصنيفها، وجمع البيانات والمعلومات الإدارية في الأجهزة العامة والمنشآت الخاصة، وتبويبها وتحليلها ونشرها.

تعتزم الهيئة –بمشيئة الله– تنفيذ عدد من المسوح الإحصائية الميدانية (السكانية، والاقتصادية، والاجتماعية) خلال عام 2025م، حيث سيقوم فرق من موظفي الهيئة ومندوبيها بجمع بيانات ميدانية في جميع مناطق المملكة بهدف تحديث قواعد البيانات والمؤشرات الإحصائية، وتوفيرها لمتخذي القرار.

نأمل التعميم على منسوبيكم والجهات التابعة لكم في كافة مناطق المملكة بالتعاون مع موظفي الهيئة، وتقديم كافة التسهيلات الممكنة لهم، علمًا بأن جميع العاملين سيحملون بطاقات رسمية من الهيئة تُثبت انتسابهم ومهمتهم.

للتنسيق، يمكن التواصل مع الأستاذ/ [anonymized]، مدير إدارة شركات القطاع العام:
	•	الجوال: 0000000000
	•	البريد الإلكتروني: [anonymized] 

وتفضلوا بقبول خالص تحياتي.

وزير الاقتصاد والتخطيط
رئيس مجلس إدارة الهيئة العامة للإحصاء
[anonymized]",معالي وزير الداخلية حفظه الله السلام عليكم ورحمة الله وبركاته، إشارة إلى خطاب معاليكم رقم (١١) وتاريخ ١٤٣٧/١/١٣هـ، بشأن تنفيذ المسوح الإحصائية الميدانية لعام ٢٠٢٥م، أود إحاطة معاليكم بأن الهيئة العامة للإحصاء هي الجهة المعنية بالإحصاء، وتقوم بتنفيذ المسوح الإحصائية الميدانية في عام ٢٠٢٥م، وتجمع البيانات الميدانية في جميع مناطق المملكة. وتقدم الهيئة التسهيلات لموظفي الهيئة أثناء جمع البيانات. عليه، آمل من معاليكم التعميم على منسوبيكم بالتعاون مع موظفي الهيئة، وللتنسيق يمكن التواصل مع الأستاذ/ [anonymized]، بالهاتف المتنقل: 0000000000 أو البريد الإلكتروني: [anonymized]. والسلام عليكم ورحمة الله وبركاته.
ما هي تفاصيل الدعوة لحضور حفل تدشين مركز TECHXAGON للتحول الرقمي؟,"معالي المهندس / [anonymized]
محافظ هيئة الحكومة الرقمية
الموقر
السلام عليكم ورحمة الله وبركاته،

برعاية كريمة من معالي نائب وزير الاتصالات وتقنية المعلومات المهندس/ [anonymized]، تتشرف الشركة السعودية للحاسبات الإلكترونية (SBM) بدعوتكم لحفل افتتاح وتدشين مركز التحول الرقمي والابتكار والتطوير (TECHXAGON)، وذلك بمقر شركة (SBM)، يوم الاثنين 6 مايو 2024م، الموافق 27 ذو القعدة 1445هـ، في تمام الساعة 10:30 صباحًا، في مقر الشركة داخل المدينة الرقمية بالرياض.

تم تصميم وتنفيذ مركز TECHXAGON وفق أعلى وأحدث المعايير العالمية في مجال تقنية المعلومات، حيث يضم المركز:
	1.	قسم البيانات والحوسبة السحابية (Data Center and Cloud Computing)
	2.	قسم البحوث والتطوير (Research and Development - R&D)
	3.	مركز الابتكار والتميز التقني (Innovation & Technology Center of Excellence)
	4.	قسم مركز أمن التحديات السيبرانية (SOC) وقسم عمليات مراقبة الشبكات (NOC)
	5.	قسم التقنيات الناشئة (Emerging Technologies)
	6.	قسم حلول التقنيات المتكاملة (Architected Integrated Technology Solutions)
	7.	مركز لخدمة العملاء والإعلام (Customer Care Center) وقسمًا للتحكم والسيطرة (Command & Control Center)

وبهذه المناسبة، فإنه من دواعي سرورنا دعوة معاليكم الموقر لحضور حفل الافتتاح وتدشين مركز التحول الرقمي والابتكار TECHXAGON، والذي سيشهد نخبة من ممثلي الجهات الحكومية والشركات العالمية في قطاع الاتصالات وتقنية المعلومات.

نأمل تأكيد حضور معاليكم في أقرب وقت ممكن لتيسير عمل الترتيبات اللازمة.
ولمزيد من المعلومات أو تأكيد الحضور، يرجى التواصل مع:
	•	الأستاذ/ [anonymized]
	•	البريد الإلكتروني: [anonymized]
	•	الجوال: 05xxxxxxx4

وتقبلوا خالص تحياتي وتقديري،
[anonymized]
الرئيس التنفيذي – الشركة السعودية للحاسبات الإلكترونية (SBM)",معالي محافظ هيئة الحكومة الرقمية حفظه الله السلام عليكم ورحمة الله وبركاته، يسر هيئة الحكومة الرقمية دعوتكم لحضور حفل افتتاح مركز “التحول الرقمي والابتكار والتطوير”، والمقرر إقامته يوم الاثنين 6 مايو 2024م في مقر شركة “سي بي إم داخل المدينة الرقمية بالرياض”، وتضم المركز قسم البيانات والحوسبة السحابية، قسم البحوث والتطوير، مركز الابتكار والتطوير التقني، قسم أمن التحديات السيبرانية، قسم التقنيات الناشئة، قسم حلول التقنيات المتكاملة، مركز خدمة العملاء والإعلام، بحضور ممثلي الجهات الحكومية والشركات العالمية. وللتنسيق في هذا الشأن أو الحصول على مزيد من المعلومات، يمكن التواصل مع الأستاذ/ [anonymized] – مجمع الجوالان – بالرياض عبر الهاتف المتنقل (054xxxxxxx) أو البريد الإلكتروني: ([anonymized]). والسلام عليكم ورحمة الله وبركاته.
ما هي تفاصيل الدعوة لحضور دعوة الهيئة الملكية لمدينة الرياض للمشاركة في منتدى دافوس 2024؟,"(عاجل جدًا)
الموضوع: بشأن مشاركة السعودية الرقمية في منتدى دافوس 2024م
معالي الرئيس التنفيذي للهيئة الملكية لمدينة الرياض
حفظه الله

السلام عليكم ورحمة الله وبركاته،

إشارة إلى برقية معالي رئيس الديوان الملكي التعميمية رقم (39175) وتاريخ 1444/6/4هـ، المبلّغة للجهات بشأن “أن تكون مشاركة الجهات الحكومية في الفعاليات والمؤتمرات والمعارض ذات العلاقة بالحكومة الرقمية والتحول الرقمي – بالتنسيق مع هيئة الحكومة الرقمية – من خلال برنامج (السعودية الرقمية)”.

ولأهمية مشاركة الجهات الحكومية السعودية في الفعاليات ذات العلاقة بالحكومة الرقمية والتحول الرقمي بهوية موحدة، تعزز صورة المملكة العربية السعودية ومكانتها عالميًا، وتسهم في تحقيق مستهدفات رؤية المملكة 2030؛

وإذ يُعد المنتدى الاقتصادي العالمي (دافوس 2024م) من أبرز هذه الفعاليات التي تحرص الهيئة على تمثيل المملكة فيها بهوية وطنية موحدة تعكس تقدمها الرقمي، وتفعّل أدوار التوعية والتمكين على الصعيدين المحلي والدولي؛

يسرّنا دعوة جهتكم الموقّرة للمشاركة في جناح السعودية الرقمية في المنتدى، المزمع إقامته في مدينة دافوس – سويسرا، خلال الفترة من 15 إلى 19 يناير 2024م.

عليه، آمل تفضل معاليكم بتوجيه من ترونه مناسبًا للتنسيق مع فريق برنامج السعودية الرقمية حيال المشاركة،
ويمكن للمختصين لديكم التواصل في هذا الشأن مع الأستاذ/ [anonymized]. العودان، عبر الهاتف المتنقل: 0000000000 أو البريد الإلكتروني: [anonymized]

وتفضلوا معاليكم بقبول خالص تحياتي،
م. [anonymized]
محافظ هيئة الحكومة الرقمية",سعادة الرئيس التنفيذي للهيئة الملكية لمدينة الرياض سلّمه الله السلام عليكم ورحمة الله وبركاته، إشارة إلى خطاب سعادتكم رقم (٣٩١٧٥) وتاريخ ١٤٤٤/٦/٤هـ، بشأن مشاركة السعودية الرقمية في منتدى دافوس 2024م، يسر هيئة الحكومة الرقمية دعوتكم للمشاركة في الجهات الحكومية المشاركة في الفعاليات ذات العلاقة بالحكومة الرقمية بالتنسيق مع هيئة الحكومة الرقمية في المنتدى الاقتصادي العالمي (دافوس 2024م)، والذي سيعقد في مدينة دافوس – سويسرا، خلال المدة من ١٥ إلى ١٩ يناير ٢٠٢٤م. آمل من سعادتكم التكرم بتوجيه من ترانا مناسبً للتنسيق مع فريق برنامج السعودية الرقمية، ويمكن التواصل معه عبر: • الهاتف المتنقل: 0000000000 • البريد الإلكتروني: [anonymized] وتفضلوا بقبول خالص تحياتي. م. [anonymized] محافظ هيئة الحكومة الرقمية
ما هي تفاصيل ترشيح ممثل بشأن طلب للمشاركة في فريق عمل استضافة منتدى حوكمة الإنترنت؟,"(عاجل جدًا)
الموضوع: طلب مرشح للمشاركة في فريق العمل – استضافة “منتدى حوكمة الإنترنت”.
معالي وزير الاتصالات وتقنية المعلومات
حفظه الله

السلام عليكم ورحمة الله وبركاته،

إشارةً إلى برقية معالي رئيس الديوان الملكي رقم (39180) وتاريخ 1444/6/4هـ، المبلّغ بها الموافقة الكريمة على ما وجه به مجلس الوزراء في جلسته المنعقدة بتاريخ 1444/6/3هـ، القاضي في (أولًا): بقيام هيئة الحكومة الرقمية بما يلزم لاستضافة منتدى حوكمة الإنترنت التابع لمنظمة الأمم المتحدة،
وإلى برقية سعادة وكيل وزارة الخارجية للشؤون الدولية المتعددة رقم (046735-45-001) وتاريخ 1445/2/18هـ، المرفق بها خطاب وكيل الأمين العام للأمم المتحدة للشؤون الاقتصادية والاجتماعية السيد/ [anonymized]، المتضمن الموافقة على استضافة المملكة العربية السعودية للمنتدى – المشار إليه أعلاه – وتأكيد موعد انعقاده في المدة من 17 إلى 21 نوفمبر 2024م، وذلك في مركز الملك عبدالعزيز الدولي للمؤتمرات بالرياض.

ونظرًا إلى أهمية التحضير والتعاون بين الجهات الحكومية ذات العلاقة لاستضافة المنتدى في العام (2024م)،
فإن هذه الهيئة تسعى إلى تشكيل فريق عمل للتنسيق والتحضير لجميع الأعمال المتعلقة بالاستضافة، بالإضافة إلى تحضير فريق العمل لزيارة دولة اليابان للاطلاع والاستفادة من تجربتها في استضافة “منتدى حوكمة الإنترنت” للعام (2023م)، والذي سيُعقد في مدينة كيوتو خلال الفترة من 8 إلى 12 أكتوبر 2023م، وذلك تمهيدًا للتحضير والإعداد لاستضافته بمدينة الرياض في الربع الرابع من العام 2024م.

عليه، آمل من معاليكم التكرم بالاطلاع، وتسمية من ترونه مناسبًا للمشاركة في فريق العمل المذكور آنفًا.
ويمكن للمختصين بوزارتكم الموقرة التواصل بهذا الشأن مع الأستاذ/ [anonymized] عبر:
	•	الهاتف المتنقل: 0000000000
	•	البريد الإلكتروني: [anonymized]

وتفضلوا معاليكم بقبول خالص تحياتي.

م. [anonymized]
محافظ هيئة الحكومة الرقمية",معالي وزير الاتصالات وتقنية المعلومات حفظه الله السلام عليكم ورحمة الله وبركاته، إشارة إلى خطاب معاليكم رقم (٣٩١٠) وتاريخ ١٤٤٤/٦/٤هـ، بشأن طلب المرشح للمشاركة في فريق عمل استضافة “منتدى حوكمة الإنترنت”، أود إفادة معاليكم بأن الهيئة استضافت “منتدى حوكمة الإنترنت التابع لمنظمة الأمم المتحدة”، والمقرر انعقاده خلال الفترة من ١٧ إلى ٢١ نوفمبر ٢٠٢٤م في الرياض، وذلك لتشكيل فريق عمل للتنسيق والتحضير لاستضافة المنتدى، وذلك لزيارة دولة اليابان للاطلاع على تجربتها في استضافة المنتدى. آمل من معاليكم التفضل بتسمية من ترونه مناسبًا للمشاركة في فريق العمل، ويمكن للمختصين لديكم التواصل مع الأستاذ/ [anonymized] عبر: • الهاتف المتنقل: 0000000000 • البريد الإلكتروني: [anonymized] وتفضلوا بقبول خالص التحية والتقدير. م. [anonymized] محافظ هيئة الحكومة الرقمية
كيف يتم التعبير عن الشكر بشأن لمدير جامعة الملك عبدالعزيز الاعتراف الأكاديمي لكلية الخدمات الطبية؟,"معالي د. [anonymized] طيب
مدير جامعة الملك عبدالعزيز
سلمه الله

السلام عليكم ورحمة الله وبركاته

إشارة إلى خطاب معاليكم رقم ٨٢/٣٠/٢ وتاريخ 1430/3/30هـ، بشأن حصول المستشفى الجامعي على الاعتراف الأكاديمي لكلية الخدمات الطبية.

يطيب لنا أن نهنئكم على هذا الإنجاز العلمي، ونشارككم فرحة المزيد. كما نشكر معاليكم على هذه الجهود الكبيرة المبذولة من قبل منسوبيكم للوصول لهذا المستوى المشرف.

متمنين لكم مزيدًا من النجاح والتوفيق والسداد،
وتقبلوا تحياتنا،،،

محافظ جدة
[anonymized]",سعادة مدير جامعة الملك عبدالعزيز سلّمه الله السلام عليكم ورحمة الله وبركاته، إشارة إلى خطاب سعادتكم رقم (٨٢/٣٠/٢) وتاريخ ١٤٣٠/٣/٣٠هـ، بشأن الاعتراف الأكاديمي لكلية الخدمات الطبية، تتقدم هيئة جامعة الملك عبدالعزيز بخالص الشكر والتقدير لسعادتكم على الإنجاز العلمي الذي حققته المستشفى الجامعي على الاعتراف الأكاديمي، ونتطلع إلى مزيد من النجاح والتوفيق في هذا المستوى. وتفضلوا بقبول خالص التحية والتقدير. م. [anonymized] محافظ جدة
ما هي تفاصيل الدعوة لحضور ملتقى التحول الرقمي في المدن؟,"صاحب السمو الملكي الأمير [anonymized]
محافظ الطائف
حفظه الله

السلام عليكم ورحمة الله وبركاته،

إشارة إلى خطاب سموكم رقم (٣١٠٢) وتاريخ ٢٥/٩/١٤٤٥هـ، المتضمن رغبة إمارة محافظة الطائف في استعراض فرص التحول الرقمي في الخدمات البلدية، أود إفادة سموكم بأن الهيئة تنظم “ملتقى التحول الرقمي في المدن” خلال الفترة من ١٥ إلى ١٧ من شهر ذو القعدة المقبل، بمدينة جدة، تحت رعاية معالي وزير الاتصالات وتقنية المعلومات، رئيس مجلس إدارة الهيئة.

عليه، آمل من سموكم التفضل بالموافقة على مشاركة الإمارة في الملتقى، وتسمية من ترونه مناسبًا من المختصين لتقديم عرض حول جهود المحافظة، والاستفادة من جلسات الملتقى وورش العمل المصاحبة.
وللتنسيق في هذا الشأن أو الحصول على مزيد من المعلومات، يمكن التواصل مع الأستاذ/ [anonymized]، بالهاتف المتنقل ([anonymized]) أو البريد الإلكتروني ([anonymized]).

والسلام عليكم ورحمة الله وبركاته.",معالي محافظ طائف محافظ الطائف حفظه الله السلام عليكم ورحمة الله وبركاته، إشارة إلى خطاب معاليكم رقم (٣٠١٢) وتاريخ ٢٥/٩/١٤٤٥هـ، بشأن تنظيم ملتقى التحول الرقمي في المدن، أود إفادة معاليكم بأن الهيئة تنظم ملتقى “التحول الرقمي في المدن”، خلال الفترة من ١٥ إلى ١٧ من شهر ذو القعدة المقبل، بمدينة جدة، تحت رعاية وزير الاتصالات وتقنية المعلومات. عليه، آمل من معاليكم التفضل بالموافقة على مشاركة الإمارة في الملتقى وتسمية المختصين لديكم، وللتنسيق يمكن التواصل مع الأستاذ/ [anonymized]، بالهاتف المتنقل ([anonymized]) أو البريد الإلكتروني ([anonymized]). والسلام عليكم ورحمة الله وبركاته.
ما هي تفاصيل الدعوة لحضور ملتقى التحول الرقمي بالمنطقة الشرقية؟,"معالي محافظ هيئة الحكومة الرقمية  
السلام عليكم ورحمة الله وبركاته،  
تعتزم وزارة الموارد البشرية والتنمية الاجتماعية إقامة ملتقى التحول الرقمي بالمنطقة الشرقية برعاية صاحب السمو الملكي الأمير [anonymized] أمير المنطقة الشرقية، وحضور معالي وزير الموارد البشرية والتنمية الاجتماعية، ويهدف الملتقى إلى اطلاع عملاء الوزارة من الجهات الحكومية والقطاع غير الربحي وقطاع خاص على مسار التحول الرقمي بالوزارة والتعريف بالمنتجات الرقمية.

يتضمن أجندة الملتقى جلستين حواريتين:  
- الأولى بعنوان ""توظيف الذكاء الاصطناعي في المهام الوظيفية الحكومية""،  
- والثانية بعنوان ""دور المنصات الرقمية في تحسين الكفاءة التشغيلية ورفع جودة الخدمات الحكومية المقدمة"".

نأمل من معاليكم تسمية مرشحين من هيئة الحكومة الرقمية للمشاركة في الجلستين، وذلك في الملتقى الذي سيُقام في مدينة الدمام يومي الأربعاء والخميس الموافق 14-15 مايو 2025م، في فندق الكوتورون.

نأمل التكرم بتسمية المرشحين في موعد أقصاه 22/10/1446هـ، ويمكن التنسيق في ذلك مع الأستاذة [anonymized]، جوال: ([anonymized]) بريد إلكتروني: [anonymized].

وتقبلوا أطيب تحياتي.

م. [anonymized]  
وزير الموارد البشرية والتنمية الاجتماعية",معالي محافظ هيئة الحكومة الرقمية حفظه الله السلام عليكم ورحمة الله وبركاته، يسرنا دعوتكم للمشاركة في “ملتقى التحول الرقمي بالمنطقة الشرقية”، برعاية أمير المنطقة الشرقية، بحضور وزير الموارد البشرية والتنمية الاجتماعية، والذي يتضمن جلستين حواريتين حول الذكاء الاصطناعي والمنصات الرقمية، وسيتم عقد الملتقى في مدينة الدمام يومي 14-15 مايو 2025م. نأمل من معاليكم التفضل بتسمية مرشحين من هيئة الحكومة الرقمية للمشاركة في الجلستين، وللتنسيق يمكن التواصل مع الأستاذة من العال، جوميل، بالهاتف المتنقل ([anonymized]) أو البريد الإلكتروني ([anonymized]). والسلام عليكم ورحمة الله وبركاته.
ما هي تفاصيل الدعوة لحضور ورشة “التحول الرقمي في قطاع الثقافة”؟,"معالي وزير الثقافة
حفظه الله

السلام عليكم ورحمة الله وبركاته،

إشارة إلى خطاب معاليكم رقم (٣٠٣٠) وتاريخ ٧/١٠/١٤٤٥هـ، بشأن المشاركة في ورشة تطوير الخدمات الرقمية الثقافية،

يسر الهيئة دعوتكم لحضور ورشة العمل الوطنية بعنوان “التحول الرقمي في قطاع الثقافة”، وذلك يوم الثلاثاء الموافق ١٥/١٠/١٤٤٥هـ بمدينة الرياض.

وتهدف الورشة إلى مناقشة فرص التكامل الرقمي، ورفع جودة تقديم الخدمات الثقافية عبر المنصات الذكية.

والسلام عليكم ورحمة الله وبركاته.",معالي وزير الثقافة حفظه الله السلام عليكم ورحمة الله وبركاته، إشارة إلى خطاب معاليكم رقم (٣٠٣٠) وتاريخ ٧/١٠/١٤٤٥هـ، بشأن دعوة لحضور ورشة العمل الوطنية بعنوان “التحول الرقمي في قطاع الثقافة”، والتي ستُعقد في مدينة الرياض يوم ١٥/١٠/١٤٤٥هـ، بمشاركة عدد من الجهات ذات العلاقة. يسر الهيئة دعوتكم لحضور ورشة العمل الوطنية بعنوان “التحول الرقمي في قطاع الثقافة”، والتي تهدف إلى مناقشة فرص التكامل الرقمي ورفع جودة تقديم الخدمات الثقافية. والسلام عليكم ورحمة الله وبركاته.
ما هي متطلبات تنظيم ورشة عمل حول التحول الرقمي؟,"معالي رئيس الهيئة السعودية للبيانات والذكاء الاصطناعي حفظه الله

السلام عليكم ورحمة الله وبركاته،

في إطار الجهود المستمرة لتعزيز التحول الرقمي في القطاعات الحكومية، وتماشيًا مع رؤية المملكة 2030،
يطيب لنا أن نطلب موافقة معاليكم على تنظيم ورشة عمل بعنوان ""استراتيجيات التحول الرقمي"" بالتعاون مع الجهات ذات العلاقة.

تهدف الورشة إلى تبادل المعرفة والخبرات، واستعراض أفضل الممارسات الدولية في هذا المجال، بالإضافة إلى تطوير مهارات العاملين في الجهات الحكومية فيما يتعلق بالتحول الرقمي.

نأمل من معاليكم التكرم بالموافقة على عقد الورشة، والتوجيه بما يلزم للتنسيق مع الجهات المختصة.

والسلام عليكم ورحمة الله وبركاته.",معالي رئيس الهيئة السعودية للبيانات والذكاء الاصطناعي حفظه الله السلام عليكم ورحمة الله وبركاته، انطلاقًا من جهود الهيئة السعودية للبيانات والذكاء الاصطناعي في تطوير مهارات العاملين في الجهات الحكومية، نرفع إلى معاليكم طلبًا للموافقة على تنظيم ورشة عمل بعنوان “استراتيجيات التحول الرقمي”، وذلك بالتعاون مع الجهات ذات العلاقة. نأمل من معاليكم التكرم بالموافقة على عقد الورشة، والتوجيه بما يلزم للتنسيق مع الجهات المختصة. والسلام عليكم ورحمة الله وبركاته.
ما هي مستجدات أمر التغيير رقم (3) لمشروع تقديم خدمات فنية وتشغيلية للمنظومة الوطنية للتعاملات الإلكترونية الحكومية؟,"الموضوع: أمر التغيير رقم (3)
الرقم: 318/8
التاريخ: 1445/03/21هـ

إشارة إلى العقد المبرم بين وزارة الاتصالات وتقنية المعلومات وشركة العربية لخدمات الإنترنت والاتصالات رقم (2021/07/2021/1442) بتاريخ 1442/11/13هـ، بشأن مشروع “تقديم خدمات فنية وتشغيلية لدعم إدارة وتشغيل المنظومة الوطنية للتعاملات الإلكترونية الحكومية”.

وبالإشارة إلى طلب إصدار أمر التغيير رقم (3) بتاريخ 1445/03/21هـ، والمتضمن:
	1.	تمديد مدة المشروع لمدة “6 أشهر ميلادية” من تاريخ إنذار البدء الجديد، وبمبلغ إجمالي قدره (X ريال) فقط، شاملة الضريبة.
	2.	تعديل جدول كميات العقد بزيادة كميات محددة حسب جدول التغييرات المرفق.
	3.	اعتماد التعديل وفقًا للمادة (36/1) من نظام المنافسات والمشتريات الحكومية والمادة (19) من العقد.

وبناءً عليه، تقرر ما يلي:

أولًا: زيادة قيمة العقد بمبلغ (X ريال) شامل ضريبة القيمة المضافة.
ثانيًا: يصبح إجمالي قيمة العقد بعد الزيادة (X ريال).
ثالثًا: تمديد فترة التنفيذ للمشروع لمدة 6 أشهر ميلادية.
رابعًا: تبقى جميع مواد العقد كما هي.

يتم توقيع أمر التغيير من نسختين، تحفظ نسخة للجهة المعنية، ونسخة للإدارة المختصة بالمحاسبة، ونسخة لإدارة العقود والموردين.

عن الهيئة
محافظ الهيئة
[anonymized]

عن المتعاقد
مفوض الشركة
م. [anonymized]",معالي وزير الاتصالات وتقنية المعلومات حفظه الله السلام عليكم ورحمة الله وبركاته، إشارة إلى خطاب معاليكم رقم (٣) بشأن أمر التغيير رقم (2021/07/2021/1442) وتاريخ 1442/11/13هـ، المتضمن تمديد مدة المشروع لمدة (٦) أشهر ميلادية من تاريخ إنذار البدء الجديد، وتعديل جدول كميات العقد بزيادة كميات محددة، واعتماد التعديل وفقًا للمادة (36/1) من نظام المنافسات والمشتريات الحكومية. وتضمنت الهيئة زيادة قيمة العقد بمبلغ (X ريال) ضريبة القيمة المضافة. والسلام عليكم ورحمة الله وبركاته.
ما هي تفاصيل التهنئة بشأن شكر على المساهمة في تحقيق المملكة المركز الأول في مؤشر نضج الخدمات الحكومية الإلكترونية والنقالة؟,"الموضوع: شكر وتقدير لمساهمتكم في مؤشر نضج الخدمات الإلكترونية والنقالة – الإسكوا

معالي [جهات متعددة: الزكاة، التأمينات، سدايا، هيئة الخبراء، النقل، الإحصاء، الغذاء والدواء، السياحة، الكهرباء، سابتكو، سار، المركز الوطني لنظم الموارد الحكومية، شركة المياه الوطنية]
حفظهم الله

السلام عليكم ورحمة الله وبركاته

إشارة إلى برقية معالي رئيس الديوان الملكي رقم (39180) وتاريخ 1444/6/4هـ، وخطاب الأمانة العامة رقم (8148) وتاريخ 1444/6/3هـ، بشأن سرعة الاستجابة لطلبات هيئة الحكومة الرقمية في ما يخص الاستبانات الدولية، وتنفيذ المتطلبات الخاصة بمؤشر نضج الخدمات الحكومية الإلكترونية والنقالة الصادر عن لجنة الإسكوا.

يسرني أن أُفيد معاليكم أن المملكة العربية السعودية حققت المركز الأول في مؤشر نضج الخدمات الإلكترونية والنقالة لعام 2023م بنسبة نضج بلغت 93%.

ويُقيس المؤشر مدى نضج الخدمات المقدمة عبر البوابات الإلكترونية والتطبيقات الذكية، عبر ثلاث مؤشرات فرعية هي:
	•	توفر الخدمة وتطورها
	•	استخدام الخدمة ورضا المستخدم
	•	الوصول إلى الجمهور

هذا الإنجاز يعكس جهود الجهات الحكومية، واهتمام القيادة الرشيدة بدفع عجلة التحول الرقمي تحقيقًا لرؤية المملكة 2030.

أبارك لكم هذا الإنجاز، وأتقدم لكم ولفرقكم بالشكر والتقدير على إسهاماتكم، متطلعين إلى مزيد من النجاحات لتعزيز الصدارة الإقليمية والدولية للمملكة.

وتقبلوا خالص تحياتي.
م. [anonymized]
محافظ هيئة الحكومة الرقمية",معالي الزكاة، التأمينات، سدايا، هيئة الخبراء، النقل، الإحصاء، الغذاء والدواء، السياحة، الكهرباء، سبتكو، سار، المركز الوطني لنظم الموارد الحكومية، شركة المياه الوطنية حفظه الله السلام عليكم ورحمة الله وبركاته، إشارة إلى خطاب معاليكم رقم (٣٩١٠) وتاريخ ١٤٤٤/٦/٤هـ، بشأن مشاركتكم في مؤشر نضج الخدمات الإلكترونية والنقلة، أود إفادة معاليكم بأن الهيئة حققت المملكة المركز الأول في مؤشر نضج الخدمات الإلكترونية والنقلة لعام ٢٠٢٣م، ونسبة النضج بلغت ٩٣٪، ويقيم المؤشر توقيعًا وتطويرًا في خدمات المستفيدين من الجهات الحكومية والخاصة. ويأتي هذا الشكر والتقدير لسعادتكم على مشاركتكم في مؤشر نضج الخدمات الإلكترونية والنقلة في مؤشر نضج الخدمات الحكومية، والذي يهدف إلى تعزيز مستهدفات رؤية المملكة 2030. وفي حال وجود أي استفسارات في هذا الشأن، يمكن للمختصين لديكم التواصل مع الأستاذ/ [anonymized] محافظ هيئة الحكومة الرقمية، بما يسهم في تحقيق مستهدفات رؤية المملكة 2030. والسلام عليكم ورحمة الله وبركاته. م. [anonymized] محافظ هيئة الحكومة الرقمية
ما هي مستجدات اللياقة البدنية لعدد من الضباط؟,"معالي قائد الحرس الملكي
السلام عليكم ورحمة الله وبركاته
من خلال المعلومات المتوفرة لدينا، والثابتة قطعيا، ومن خلال المعاينة الشخصية من قبلنا ومن قبل الكثيرين، فقد لوحظ بشكل كبير أن هناك أعدادا كبيرة من الضباط وضباط الصف لا يملكون اللياقة البدنية التي تمكنهم من المناورة والاستعداد الكامل أثناء المهمات وذلك يعود لعدم التدريب الدوري، وقد أدى ذلك إلى ترهل الكثير منهم فتحولوا إلى أوزان لا تليق بالمدنيين فما بالك بالعسكريين.
وبناء على أمر سيدي خادم الحرمين الشريفين - يحفظه الله - فقد صدر أمره الكريم لنا، بأن يمنح جميع ضباط وضباط الصف بالحرس الملكي مدة 3 أشهر فقط لتعديل أوزانهم وفق النموذج المرفق، ومن لم يمتثل لذلك بعد الثلاثة أشهر، فيرفع لنا بأسمائهم، للرفع للمقام الكريم لاتخاذ أقصى العقوبات بما في ذلك تأخير الترقيات لهم. لذا اعتمدوا إبلاغ منسوبي الحرس الملكي بالتوجيهات الكريمة .......",معالي قائد الحرس الملكي حفظه الله السلام عليكم ورحمة الله وبركاته، إشارة إلى ملاحظة عدم وجود لياقة بدنية للضباط وضباط الصف، أدى عدم التدريب الدوري إلى زيادة الوزن، أود إحاطة معاليكم بأن صدور الأمر بتعديل الأوزان خلال 3 أشهر، ورفع أسماء من لم يمتثل للعقوبات. آمل من معاليكم التفضل بإبلاغ منسوبي الحرس الملكي بالتوجيهات اللازمة. والسلام عليكم ورحمة الله وبركاته.
كيف يتم التعبير عن الشكر بشأن على التعاون في تنفيذ منصة تراخيص الفعاليات؟,"سعادة الرئيس التنفيذي للهيئة العامة للترفيه سلّمه الله
السلام عليكم ورحمة الله وبركاته،
إشارة إلى النجاح المشترك في تدشين منصة تراخيص الفعاليات الرقمية، وتكاملها مع الأنظمة الحكومية ذات العلاقة.
تتقدم الهيئة لسعادتكم بجزيل الشكر والتقدير على التعاون المثمر في مراحل التصميم والتنفيذ، والذي انعكس على تسهيل إجراءات الترخيص ورفع مستوى الشفافية في تنظيم الفعاليات.
ونأمل استمرار هذا التكامل في المشاريع الرقمية القادمة.
والسلام عليكم ورحمة الله وبركاته.",سعادة الرئيس التنفيذي للهيئة العامة للترفيه سلّمه الله السلام عليكم ورحمة الله وبركاته، إشارة إلى نجاح تدشين منصة تراخيص الفعاليات الرقمية، والتي تهدف إلى تكامل المنصة مع الأنظمة الحكومية ذات العلاقة، وتسهيل إجراءات الترخيص، ورفع مستوى الشفافية في تنظيم الفعاليات. تتقدم الهيئة بخالص الشكر والتقدير لسعادتكم على التعاون المثمر في تدشين منصة تراخيص الفعاليات الرقمية، والتي تهدف إلى استمرار التكامل في المشاريع الرقمية القادمة. والسلام عليكم ورحمة الله وبركاته.
ما هي تفاصيل الإفادة بشأن الرد على خطاب الهيئة العامة للعقار وجود خطأ في خدمة الاستعلام عن الصكوك الفرعية؟,"سعادة الرئيس التنفيذي للهيئة العامة للعقار
سلّمه الله

السلام عليكم ورحمة الله وبركاته،

إشارةً إلى خطاب سعادتكم رقم (٤٦٠٠٠٠٥١٤٨/١) وتاريخ 1446/6/14هـ، المتضمّن طلب إعادة تفعيل خدمات الاستعلام الرقمية لمنصة برنامج جمعيات الملاك؛ نظرًا لتوقّف خدمات التحقق من الصكوك الفرعية والصك الأساس لدى وزارة العدل.

أود إفادة سعادتكم بأنّه انطلاقًا من دور هيئة الحكومة الرقمية في تعزيز التكامل بين الجهات الحكومية وضمان تقديم خدمات رقمية فعالة وآمنة، فقد جرى التنسيق مع وزارة العدل لإطلاق خدمة رقمية بديلة تُتيح الاستعلام عن الصكوك الفرعية، وقد استوفت هذه الخدمة جزئيًا متطلبات الهيئة. كما أودّ الإفادة بأن المتابعة مستمرة مع فريق العمل المشترك لاستكمال المتطلبات؛ بما يُحقق درجات أعلى من الاتساق في تقديم الخدمات الرقمية ويُعزّز من كفاءتها، بالنظر إلى ما تُمثله هذه الخدمة من أهمية بالغة في دعم قطاع الأعمال العقارية.

عليه؛ آمل التكرم بالاطلاع والإحاطة. وفي حال وجود أي استفسارات يمكن للمختصين لدى جهتكم الموقرة التواصل في هذا الشأن مع الأستاذة/ [anonymized]، عبر الهاتف المتنقل (٠٥٦xxxxxxx) أو البريد الإلكتروني ([anonymized]).

والسلام عليكم ورحمة الله وبركاته.
م. [anonymized]
محافظ هيئة الحكومة الرقمية",سعادة الرئيس التنفيذي للهيئة العامة للعقار سلّمه الله السلام عليكم ورحمة الله وبركاته، إشارةً إلى خطاب سعادتكم رقم (4600005148/1) وتاريخ 1446/6/14هـ، بشأن توقف خدمات التحقق من الصكوك الفرعية والصكوك الأساسية لدى وزارة العدل، أود إفادة سعادتكم بأنّه تم التنسيق مع وزارة العدل لإطلاق خدمة رقمية بديلة للاستعلام عن الصكوك الفرعية، وسيتم استيفاء الخدمة جزئيًا لمتطلبات الهيئة، ومتابعة مستمرة مع فريق العمل لاستكمال المتطلبات. وللتنسيق في هذا الشأن أو الحصول على مزيد من المعلومات، يمكن التواصل مع الأستاذ/ [anonymized]، بالهاتف المتنقل (056xxxxxxxxx) أو البريد الإلكتروني (dga.gov.sa). والسلام عليكم ورحمة الله وبركاته.
ما هي تفاصيل الدعوة لحضور المنتدى الإقليمي للبيانات المفتوحة؟,"صاحب السمو الملكي أمير منطقة الجوف
حفظه الله

السلام عليكم ورحمة الله وبركاته،
إشارة إلى خطاب سموكم رقم (٤١٢٥) وتاريخ ١٥/١٠/١٤٤٥هـ، بشأن المشاركة في المنتدى الإقليمي للبيانات المفتوحة،
يسر الهيئة دعوتكم للمشاركة في المنتدى الإقليمي للبيانات المفتوحة، والمزمع عقده يوم الاثنين ٢٥/١٠/١٤٤٥هـ في مدينة سكاكا.
ويهدف المنتدى إلى تعزيز تبادل الخبرات وتوسيع نطاق نشر البيانات المفتوحة على مستوى المناطق.
والسلام عليكم ورحمة الله وبركاته.",صاحب السمو الملكي الأمير جوف حفظه الله السلام عليكم ورحمة الله وبركاته، إشارة إلى خطاب سموكم رقم (٤١٥٢٥) وتاريخ ١٥/١٠/١٤٤٥هـ، بشأن دعوة للمشاركة في المنتدى الإقليمي للبيانات المفتوحة، يسر الهيئة دعوتكم للمشاركة في المنتدى، الذي سيعقد يوم الاثنين ٢٥/١٠/١٤٤٥هـ في مدينة سكاكا، بهدف تعزيز تبادل الخبرات ونشر البيانات المفتوحة. والسلام عليكم ورحمة الله وبركاته.
