user_input,retrieved_contexts,response,reference,context_precision,faithfulness,answer_relevancy,context_recall,answer_correctness
ما هي إجراءات تنسيق طلب تشكيل فريق من مؤسسة مسك للإشراف على مسار الشباب في منتدى حوكمة الإنترنت؟,"['سعادة الرئيس التنفيذي لمؤسسة محمد بن سلمان “مسك”\nسلّمه الله', 'السلام عليكم ورحمة الله وبركاته،', 'إشارة إلى برقية معالي رئيس الديوان الملكي رقم (39180) وتاريخ 1444/6/4هـ، المتضمنة الموافقة الكريمة على ما وجه به مجلس الوزراء في جلسته المنعقدة بتاريخ 1444/6/3هـ، بشأن “قيام هيئة الحكومة الرقمية بما يلزم لاستضافة المملكة لمؤتمر حوكمة الإنترنت التابع لمنظمة الأمم المتحدة، والرفع عما يستلزم”، وإلى برقية سعادة وكيل وزارة الخارجية للشؤون الدولية المتعددة رقم (046735-45-001) وتاريخ 1445/2/18هـ، المرفق بها خطاب وكيل الأمين العام للأمم المتحدة للشؤون الاقتصادية والاجتماعية السيد/ [anonymized]، رقم (DESA-01891/23) وتاريخ 2023/8/21م، المتضمن موافقة منظمة الأمم المتحدة على استضافة المملكة العربية السعودية للمنتدى لعام 2024م في مدينة الرياض.', 'أود إفادة سعادتكم بأن المنتدى يحتوي على مسار خاص بالشباب، يشارك فيه عدد من الشباب من مختلف دول العالم. ومن منطلق أهمية مشاركة المملكة في هذا المسار ممثلةً بمؤسسة محمد بن سلمان “مسك”، لمناقشة الموضوعات المهمة ذات العلاقة، ومشاركة التجارب والخبرات، وبناء علاقات مع النظراء من الدول الأخرى في هذا الحدث.', 'وقد يرى سعادتكم مناسبة تشكيل فريق من المؤسسة للإشراف على هذا المسار، بالتنسيق مع اللجنة التنفيذية للمنتدى في منظومة الاتصالات وتقنية المعلومات خلال فترة استضافة المملكة للمنتدى المشار إليه آنفًا.\nويمكن للمختصين لديكم التواصل في هذا الشأن مع الأستاذ/ X عبر الهاتف المتنقل: 0000000000 أو البريد الإلكتروني: [anonymized]', 'وتفضلوا بقبول خالص تحياتي.', 'م. [anonymized]\nمحافظ هيئة الحكومة الرقمية']",يتطلب تنسيق طلب تشكيل فريق من مؤسسة مسك للإشراف على مسار الشباب في منتدى حوكمة الإنترنت التواصل مع الجهات: معالي وزير الشؤون البلدية والقروية والإسكان حفظه الله السلام عليكم ورحمة الله وبركاته، إشارة إلى خطاب معاليكم رقم (????) وتاريخ ??/??/????هـ، بشأن طلب تنفيذه لتشكيل فريق مؤسسي للمؤسسة لمراقبة مسار شباب الهيئة، يطيب لي أن أرفع لمعاليكم طلبًا للتنسيق مع الفريق المشترك لمتابعة إطلاق “منتدى الحوكمة على الإنترنت”، والذي سيُعقد في مقر الهيئة بمدينة الرياض يوم الاثنين الموافق ????/?/??هـ. وللتنسيق في هذا الشأن أو الحصول على مزيد من المعلومات، يمكن التواصل مع الأستاذ/ [anonymized]، بالهاتف المتنقل ([anonymized]) أو البريد الإلكتروني ([anonymized]). والسلام عليهم ورحمته. مع التحية، مؤسسة المسك,"سعادة الرئيس التنفيذي لمؤسسة محمد بن سلمان “مسك”
سلّمه الله

السلام عليكم ورحمة الله وبركاته،

إشارة إلى برقية معالي رئيس الديوان الملكي رقم (39180) وتاريخ 1444/6/4هـ، المتضمنة الموافقة الكريمة على ما وجه به مجلس الوزراء في جلسته المنعقدة بتاريخ 1444/6/3هـ، بشأن “قيام هيئة الحكومة الرقمية بما يلزم لاستضافة المملكة لمؤتمر حوكمة الإنترنت التابع لمنظمة الأمم المتحدة، والرفع عما يستلزم”، وإلى برقية سعادة وكيل وزارة الخارجية للشؤون الدولية المتعددة رقم (046735-45-001) وتاريخ 1445/2/18هـ، المرفق بها خطاب وكيل الأمين العام للأمم المتحدة للشؤون الاقتصادية والاجتماعية السيد/ [anonymized]، رقم (DESA-01891/23) وتاريخ 2023/8/21م، المتضمن موافقة منظمة الأمم المتحدة على استضافة المملكة العربية السعودية للمنتدى لعام 2024م في مدينة الرياض.

أود إفادة سعادتكم بأن المنتدى يحتوي على مسار خاص بالشباب، يشارك فيه عدد من الشباب من مختلف دول العالم. ومن منطلق أهمية مشاركة المملكة في هذا المسار ممثلةً بمؤسسة محمد بن سلمان “مسك”، لمناقشة الموضوعات المهمة ذات العلاقة، ومشاركة التجارب والخبرات، وبناء علاقات مع النظراء من الدول الأخرى في هذا الحدث.

وقد يرى سعادتكم مناسبة تشكيل فريق من المؤسسة للإشراف على هذا المسار، بالتنسيق مع اللجنة التنفيذية للمنتدى في منظومة الاتصالات وتقنية المعلومات خلال فترة استضافة المملكة للمنتدى المشار إليه آنفًا.
ويمكن للمختصين لديكم التواصل في هذا الشأن مع الأستاذ/ X عبر الهاتف المتنقل: 0000000000 أو البريد الإلكتروني: [anonymized]

وتفضلوا بقبول خالص تحياتي.

م. [anonymized]
محافظ هيئة الحكومة الرقمية",0.7861904761747525,0.0,0.0,0.6666666666666666,0.4862137798619924
ما هي متطلبات اعتماد مبادرة تطوير المهارات الرقمية؟,"['معالي وزير الاتصالات وتقنية المعلومات\nحفظه الله', 'السلام عليكم ورحمة الله وبركاته،', 'انطلاقًا من رؤية المملكة 2030، وما توليه من أهمية لتأهيل رأس المال البشري في المجالات الرقمية،\nيسر هيئة الحكومة الرقمية أن تتقدم بطلب اعتماد مبادرة “تطوير المهارات الرقمية”، التي تهدف إلى:\n\t•\tتأهيل الكوادر الوطنية في مجال التقنيات الحديثة،\n\t•\tسد الفجوة المهارية في سوق العمل الرقمي،\n\t•\tتحقيق التكامل بين القطاعين الحكومي والخاص في تنمية القدرات الرقمية.', 'وتتضمن المبادرة تصميم برامج تدريبية متقدمة في تخصصات تشمل:\nالذكاء الاصطناعي، وتحليل البيانات، والأمن السيبراني، والتقنيات الناشئة،\nبالشراكة مع الجهات التعليمية والتقنية والقطاع الخاص.', 'نأمل من معاليكم التكرم بالموافقة، والتوجيه بما يلزم للبدء بتنفيذ هذه المبادرة بالتنسيق مع الجهات المعنية.', 'ولمعاليكم جزيل الشكر والتقدير.', 'م. [anonymized]\nمحافظ هيئة الحكومة الرقمية']",يتطلب اعتماد مبادرة تطوير المهارات الرقمية تقديم طلب رسمي مع الوثائق: معالي وزير الاتصالات وتقنية المعلومات حفظه الله السلام عليكم ورحمة الله وبركاته، انطلاقًا من جهود الوزارة في تطوير قدرات الذكاء الاصطناعي في القطاع الحكومي، نرفع إلى معاليكم طلبًا لاعتماد مبادرة “تطوير مهارات ذكية”، والتي تهدف إلى تمكين الجهات الحكومية من الحصول على مزيد من المعلومات، وتحقيق مستهدفات رؤية المملكة 2030. نأمل التكرم بالموافقة على اعتماد المبادرة، والتوجيه بما يلزم للتنسيق مع الجهات ذات العلاقة. وتفضلوا بقبول خالص التحية والتقدير. م. [anonymized] محافظ هيئة الحكومة الرقمية مع التحية، مؤسسة مسك,"معالي وزير الاتصالات وتقنية المعلومات
حفظه الله

السلام عليكم ورحمة الله وبركاته،

انطلاقًا من رؤية المملكة 2030، وما توليه من أهمية لتأهيل رأس المال البشري في المجالات الرقمية،
يسر هيئة الحكومة الرقمية أن تتقدم بطلب اعتماد مبادرة “تطوير المهارات الرقمية”، التي تهدف إلى:
	•	تأهيل الكوادر الوطنية في مجال التقنيات الحديثة،
	•	سد الفجوة المهارية في سوق العمل الرقمي،
	•	تحقيق التكامل بين القطاعين الحكومي والخاص في تنمية القدرات الرقمية.

وتتضمن المبادرة تصميم برامج تدريبية متقدمة في تخصصات تشمل:
الذكاء الاصطناعي، وتحليل البيانات، والأمن السيبراني، والتقنيات الناشئة،
بالشراكة مع الجهات التعليمية والتقنية والقطاع الخاص.

نأمل من معاليكم التكرم بالموافقة، والتوجيه بما يلزم للبدء بتنفيذ هذه المبادرة بالتنسيق مع الجهات المعنية.

ولمعاليكم جزيل الشكر والتقدير.

م. [anonymized]
محافظ هيئة الحكومة الرقمية",0.9999999999857143,0.5454545454545454,0.0,1.0,0.725576374648836
ما هي تفاصيل الإفادة بشأن طلب تأجيل مشاركة الهيئة العامة للطرق في دورة قياس التحول الرقمي لعام (2025الرقمي لعام (2025م)؟,"['سعادة الرئيس التنفيذي للهيئة العامة للطرق المكلف\nسلّمه الله\nالسلام عليكم ورحمة الله وبركاته،', 'إشارةً إلى خطاب سعادتكم رقم (١٤٤٦/٣٥٣) وتاريخ ١٤٤٦/٩/٢٧هـ، المُتضمّن إفادتكم بأنّ الهيئة العامة للطرق تمرّ بمرحلة انتقالية تتعلق بإعادة هيكلة شاملة، وطلبكم تأجيل المشاركة في دورة “قياس التحول الرقمي” للعام (٢٠٢٥م).', 'أفيدكم بأنّه جرت دراسة الموضوع من ذوي الاختصاص في هذه الهيئة، وقد تم قبول طلب الاستثناء. وعليه؛ لن تكون الهيئة مشمولة ضمن دورة “قياس التحول الرقمي” (٢٠٢٥م)، على أن تُضمّن -بإذن الله- في دورة قياس العام القادم (٢٠٢٦م).\nوفي حال وجود أيّ استفسارات في هذا الشأن، يمكن للمختصين لديكم التواصل مع فريق “قياس” بالهاتف المتنقل ([anonymized]) أو البريد الإلكتروني ([anonymized]).', 'والسلام عليكم ورحمة الله وبركاته.\nم. [anonymized]\nمحافظ هيئة الحكومة الرقمية']",توفر الإفادة معلومات حول طلب تأجيل مشاركة الهيئة العامة للطرق في دورة قياس التحول الرقمي للعام (2025الرقمي لعام 2025م): معالي وزير النقل والخدمات اللوجستية حفظه الله السلام عليكم ورحمة الله وبركاته، إشارة إلى خطاب معاليكم رقم (????) وتاريخ ??/??/????هـ، بشأن طلب التأجيل في مشاركة هيئة الطرق العامة في “قياس التحولات الرقمية للعام 2025م”، أود إفادتكم بأن الهيئة تعمل حاليًا على إعداد دورة وطنية تهدف إلى تسليط الضوء على أحدث التقنيات التقنية، وتحسين تجربة المستخدم، وتعزيز التكامل بين الجهات الحكومية، بما يسهم في تسريع الإجراءات الرقمية، وتحقيق مستهدفات رؤية المملكة 2030م. عليه، آمل التكرم بالموافقة والتوجيه بما يلزم للتنسيق مع الجهات ذات العلاقة. وللتنسيق في هذا الشأن أو الحصول على مزيد من المعلومات، يمكن التواصل مع الأستاذ/ [anonymized]، بالهاتف المتنقل ([anonymized]) أو البريد الإلكتروني ([anonymized]). والسلام عليكم وبركة مع التحية، مؤسسة مسك,"سعادة الرئيس التنفيذي للهيئة العامة للطرق المكلف
سلّمه الله
السلام عليكم ورحمة الله وبركاته،

إشارةً إلى خطاب سعادتكم رقم (١٤٤٦/٣٥٣) وتاريخ ١٤٤٦/٩/٢٧هـ، المُتضمّن إفادتكم بأنّ الهيئة العامة للطرق تمرّ بمرحلة انتقالية تتعلق بإعادة هيكلة شاملة، وطلبكم تأجيل المشاركة في دورة “قياس التحول الرقمي” للعام (٢٠٢٥م).

أفيدكم بأنّه جرت دراسة الموضوع من ذوي الاختصاص في هذه الهيئة، وقد تم قبول طلب الاستثناء. وعليه؛ لن تكون الهيئة مشمولة ضمن دورة “قياس التحول الرقمي” (٢٠٢٥م)، على أن تُضمّن -بإذن الله- في دورة قياس العام القادم (٢٠٢٦م).
وفي حال وجود أيّ استفسارات في هذا الشأن، يمكن للمختصين لديكم التواصل مع فريق “قياس” بالهاتف المتنقل ([anonymized]) أو البريد الإلكتروني ([anonymized]).

والسلام عليكم ورحمة الله وبركاته.
م. [anonymized]
محافظ هيئة الحكومة الرقمية",0.999999999975,0.1875,0.0,1.0,0.35235940023977613
ما هي تفاصيل ترشيح ممثل بشأن  طلب تسمية ممثل للاستفادة من الخبرات السابقة في الفعاليات الأممية؟,"['برقية عاجلة جدًا\nالموضوع: طلب تسمية ممثل للاستفادة من الخبرات السابقة في الفعاليات الأممية\nمعالي نائب وزير النقل والخدمات اللوجستية\nحفظه الله\nالسلام عليكم ورحمة الله وبركاته،\nإشارة إلى برقية معالي رئيس الديوان الملكي رقم (39180) وتاريخ 1444/6/4هـ، المتضمنة الموافقة الكريمة على ما وجّه به مجلس الوزراء في جلسته المنعقدة بتاريخ 1444/6/3هـ، في البند (أولًا): بقيام هيئة الحكومة الرقمية بما يلزم لاستضافة المملكة لمؤتمر حوكمة الإنترنت التابع لمنظمة الأمم المتحدة، والرفع عما يستلزم.\nونظرًا إلى إقامة وزارتكم الموقّرة فعالية أممية سابقًا، وهي “المؤتمر الاستثنائي للبريد العالمي” في شهر أكتوبر من العام 2023م، ولأهمية التحضير الجيد والتعاون بين الجهات الحكومية ذات العلاقة بما يعكس جاهزية المملكة للاستضافة؛', 'عليه، آمل من معاليكم الإيعاز إلى من يلزم بتسمية ضابط اتصال من وزارتكم الموقرة للاستفادة من الخبرات السابقة في استضافة الفعاليات الأممية.', 'ويمكن للمختصين لديكم التنسيق والتواصل في هذا الشأن مع مدير إدارة الشراكات المهندس/ [anonymized]، عبر:\n\t•\tالهاتف المتنقل: [anonymized]\n\t•\tالبريد الإلكتروني: [anonymized]', 'وتفضلوا معاليكم بقبول خالص تحياتي،', 'م. [anonymized]\nمحافظ هيئة الحكومة الرقمية']",يتم ترشيح ممثل للمشاركة في طلب تسمية ممثل للاستفادة من الخبرات السابقة في الفعاليات الأمم المتحدة: معالي وزير الاتصالات وتقنية المعلومات حفظه الله السلام عليكم ورحمة الله وبركاته، إشارة إلى خطاب معاليكم رقم (????) وتاريخ ??/??/????هـ، بشأن طلب تسميتها ممثلة لاستخدام الخبرة السابقة التي قدمها الهيئة في الفعياليات الدولية. أود إفادة سموكم بأن الهيئة ترشح الأستاذ/ [anonymized]، مدير وحدة المعلومات، لتمثيلها في هذه الفعالية، لما له من خبرة عملية في تقديم الخدمات الرقمية. وللتنسيق في هذا الشأن يمكن التواصل معه عبر الهاتف المتنقل (0557832) أو البريد الإلكتروني ([anonymized]). والسلام عليهم ورحمته. مع التحية، مؤسسة مسك,"برقية عاجلة جدًا
الموضوع: طلب تسمية ممثل للاستفادة من الخبرات السابقة في الفعاليات الأممية
معالي نائب وزير النقل والخدمات اللوجستية
حفظه الله
السلام عليكم ورحمة الله وبركاته،
إشارة إلى برقية معالي رئيس الديوان الملكي رقم (39180) وتاريخ 1444/6/4هـ، المتضمنة الموافقة الكريمة على ما وجّه به مجلس الوزراء في جلسته المنعقدة بتاريخ 1444/6/3هـ، في البند (أولًا): بقيام هيئة الحكومة الرقمية بما يلزم لاستضافة المملكة لمؤتمر حوكمة الإنترنت التابع لمنظمة الأمم المتحدة، والرفع عما يستلزم.
ونظرًا إلى إقامة وزارتكم الموقّرة فعالية أممية سابقًا، وهي “المؤتمر الاستثنائي للبريد العالمي” في شهر أكتوبر من العام 2023م، ولأهمية التحضير الجيد والتعاون بين الجهات الحكومية ذات العلاقة بما يعكس جاهزية المملكة للاستضافة؛

عليه، آمل من معاليكم الإيعاز إلى من يلزم بتسمية ضابط اتصال من وزارتكم الموقرة للاستفادة من الخبرات السابقة في استضافة الفعاليات الأممية.

ويمكن للمختصين لديكم التنسيق والتواصل في هذا الشأن مع مدير إدارة الشراكات المهندس/ [anonymized]، عبر:
	•	الهاتف المتنقل: [anonymized]
	•	البريد الإلكتروني: [anonymized]

وتفضلوا معاليكم بقبول خالص تحياتي،

م. [anonymized]
محافظ هيئة الحكومة الرقمية",0.99999999998,0.375,0.8937463173422554,1.0,0.48558443547270336
ما هي إجراءات تنفيذ التعميم بشأن ضوابط تصنيف الخدمات الحكومية الرقمية الحساسة ومستويات التحقق؟,"['استنادًا إلى صلاحيات هيئة الحكومة الرقمية الواردة في تنظيمها بموجب قرار مجلس الوزراء رقم (418) وتاريخ 25/7/1442هـ، الذي ينص في المادة (الثالثة) على أن الهيئة هي الجهة المختصة بكل ما يتعلق بالحكومة الرقمية، وتعد المرجع الوطني في شؤونها. كما نصت المادة (الرابعة) على أن تتولى الهيئة إقرار السياسات المتعلقة بأعمال الحكومة الرقمية والمنصات والمواقع والخدمات الحكومية الرقمية، ووضع المعايير الفنية لنماذج التحول الرقمي في القطاعات الحكومية ومتابعة الالتزام بها بالتنسيق مع الجهات المختصة.', 'وإشارةً إلى تعميم الهيئة رقم (1878) وتاريخ 24/9/1443هـ بشأن معايير استمرارية الأعمال للحكومة الرقمية، وإلى تعميم الهيئة رقم (2044) وتاريخ 28/12/1443هـ بشأن ضوابط إدارة المخاطر للحكومة الرقمية.', 'وانطلاقًا من أهمية تحديد مستوى حساسية الخدمات الحكومية الرقمية كمتطلب أساسي لتحسين استمراريتها والحد من احتمالية انقطاعها، ورفع مستوى الأمان والموثوقية لمكافحة الاحتيال الرقمي، وتحسين الجاهزية لحالات الانقطاع والاستجابة والتعافي منها، وتعزيز الصمود والمرونة في العمليات الرئيسة على المستوى الوطني؛', 'فقد أصدرت الهيئة ""ضوابط تصنيف الخدمات الحكومية الرقمية الحساسة ومستويات التحقق""، التي تهدف إلى تمكين الجهات الحكومية من تحديد حساسية خدماتها، وتطبيق تقنيات التحقق المناسبة، بما يضمن استمراريتها وعدم تأثرها، ويسهم في تحسين أمن التعاملات ورفع كفاءة الخدمات والمنصات الحكومية الرقمية، ودعم الجهود القائمة للقضاء على التطبيقات الوهمية ومكافحة الاحتيال.', 'يمكن الاطلاع على وثيقة الضوابط عبر الموقع الرسمي للهيئة من خلال رمز الاستجابة السريعة (QR Code) المرفق، وآمل التكرم بتوجيه المختصين في جهتكم للاطلاع عليها والعمل بموجبها.', 'والسلام عليكم ورحمة الله وبركاته.', 'م. [anonymized]\nمحافظ هيئة الحكومة الرقمية']",يتم تنفيذ التعميم عبر إبلاغ الجهات المعنية: الموضوع: ضوابط تصنيف الخدمات الحكومية الرقمية الحساسة ومستويات التحقق معالي وزير الاتصالات وتقنية المعلومات حفظه الله السلام عليكم ورحمة الله وبركاته، إشارة إلى خطاب معاليكم رقم (????) وتاريخ ??/??/????هـ، بشأن معايير تحليل مستوى التحقق من مستوى الخدمات الرقمية الحكومية، أود إفادة سموكم بأن الهيئة قامت بتنفيذ التقييم الفني المعمول به خلال إعداد معايير متقدمة لتصنيف المستويات الفنية للمستفيدين من خدمات الحكومة الرقمية، بما يسهم في تحسين تجربة المستفيدين. عليه، آمل التفضل بتكليف المختصين لديكم بالتنسيق مع الهيئة لتحديد المعايير الفنية المرتبطة بها. وللتنسيق في هذا الشأن أو الحصول على مزيد من المعلومات، يمكن التواصل مع الأستاذ/ [anonymized]، بالهاتف المتنقل ([anonymized]) أو البريد الإلكتروني ([anonymized]). والسلام عليكم وبركة مع التحية، مؤسسة مسك,"استنادًا إلى صلاحيات هيئة الحكومة الرقمية الواردة في تنظيمها بموجب قرار مجلس الوزراء رقم (418) وتاريخ 25/7/1442هـ، الذي ينص في المادة (الثالثة) على أن الهيئة هي الجهة المختصة بكل ما يتعلق بالحكومة الرقمية، وتعد المرجع الوطني في شؤونها. كما نصت المادة (الرابعة) على أن تتولى الهيئة إقرار السياسات المتعلقة بأعمال الحكومة الرقمية والمنصات والمواقع والخدمات الحكومية الرقمية، ووضع المعايير الفنية لنماذج التحول الرقمي في القطاعات الحكومية ومتابعة الالتزام بها بالتنسيق مع الجهات المختصة.

وإشارةً إلى تعميم الهيئة رقم (1878) وتاريخ 24/9/1443هـ بشأن معايير استمرارية الأعمال للحكومة الرقمية، وإلى تعميم الهيئة رقم (2044) وتاريخ 28/12/1443هـ بشأن ضوابط إدارة المخاطر للحكومة الرقمية.

وانطلاقًا من أهمية تحديد مستوى حساسية الخدمات الحكومية الرقمية كمتطلب أساسي لتحسين استمراريتها والحد من احتمالية انقطاعها، ورفع مستوى الأمان والموثوقية لمكافحة الاحتيال الرقمي، وتحسين الجاهزية لحالات الانقطاع والاستجابة والتعافي منها، وتعزيز الصمود والمرونة في العمليات الرئيسة على المستوى الوطني؛

فقد أصدرت الهيئة ""ضوابط تصنيف الخدمات الحكومية الرقمية الحساسة ومستويات التحقق""، التي تهدف إلى تمكين الجهات الحكومية من تحديد حساسية خدماتها، وتطبيق تقنيات التحقق المناسبة، بما يضمن استمراريتها وعدم تأثرها، ويسهم في تحسين أمن التعاملات ورفع كفاءة الخدمات والمنصات الحكومية الرقمية، ودعم الجهود القائمة للقضاء على التطبيقات الوهمية ومكافحة الاحتيال.

يمكن الاطلاع على وثيقة الضوابط عبر الموقع الرسمي للهيئة من خلال رمز الاستجابة السريعة (QR Code) المرفق، وآمل التكرم بتوجيه المختصين في جهتكم للاطلاع عليها والعمل بموجبها.

والسلام عليكم ورحمة الله وبركاته.

م. [anonymized]
محافظ هيئة الحكومة الرقمية",0.9999999999857143,0.18181818181818182,0.0,0.75,0.39680356779694226
ما هي متطلبات تنسيق زيارة وفد لجنة القيادة لمنتدى حوكمة الإنترنت إلى المحكمة الافتراضية؟,"['معالي نائب وزير العدل\nحفظه الله', 'السلام عليكم ورحمة الله وبركاته،', 'إشارة إلى برقية معالي رئيس الديوان الملكي رقم (39180) وتاريخ 1444/6/4هـ، المتضمنة الموافقة الكريمة على ما وجه به مجلس الوزراء في جلسته المنعقدة بتاريخ 1444/6/3هـ، في (أولًا): بقيام هيئة الحكومة الرقمية بما يلزم لاستضافة منتدى حوكمة الإنترنت التابع لمنظمة الأمم المتحدة، والرفع عما يستلزم،\nوإلى برقية سعادة وكيل وزارة الخارجية للشؤون الدولية المتعددة رقم (046735-45-001) وتاريخ 1445/2/18هـ، المرفق بها خطاب وكيل الأمين العام للأمم المتحدة للشؤون الاقتصادية والاجتماعية السيد/ [anonymized]، رقم (23/01891) وتاريخ 2023/8/21م، المتضمن موافقة منظمة الأمم المتحدة على استضافة المملكة العربية السعودية للمنتدى لعام 2024م في مدينة الرياض.', 'أود إحاطة معاليكم بأن هيئة الحكومة الرقمية تعتزم استضافة اجتماعات تحضيرية تابعة لمنتدى حوكمة الإنترنت، يشارك فيها أعضاء من مختلف الدول، بوصفهم أعضاءً في لجان المنتدى، وذلك خلال الفترة من 25 إلى 29 فبراير 2024م.', 'عليه، فإن هذه الهيئة تعمل على تنسيق زيارات لأعضاء وفد لجنة القيادة التابع لمنتدى حوكمة الإنترنت إلى عدد من الجهات الحكومية الرائدة في مجال التحول الرقمي، لما لهذه الزيارات من أثر إيجابي على المؤشرات الدولية للمملكة.', 'ونظرًا لما تقدمه المحكمة الافتراضية من تقدم ملموس في هذا المجال، آمل من معاليكم التكرم بتوجيه من يلزم لتنسيق هذه الزيارة،\nويمكن للمختصين لديكم التواصل مع الأستاذ/ [anonymized] أبو بكر عبر:\n\t•\tالهاتف المتنقل: 0000000000\n\t•\tالبريد الإلكتروني: [anonymized]', 'وتفضلوا معاليكم بقبول خالص تحياتي.\nم. [anonymized]\nمحافظ هيئة الحكومة الرقمية']",يتطلب تنسيق زيارة وفد لجنة القيادة لمنتدى حوكمة الإنترنت إلى المحكمة الافتراضية تقديم طلب رسمي مع الوثائق: معالي وزير الاتصالات وتقنية المعلومات حفظه الله السلام عليكم ورحمة الله وبركاته، إشارة إلى خطاب معاليكم رقم (????) وتاريخ ??/??/????هـ، بشأن طلب ترشيح وفد من لجنة قيادة منتدى وحوكمة الحوكمة الإلكترونية في المحكمة الرقمية، يسر الهيئة دعوتكم لزيارة الوفد المشترك لمناقشة الفعاليات والمؤتمرات المرتبطة بها في مجالات التحول الرقمي. وللتنسيق في هذا الشأن أو الحصول على مزيد من المعلومات، يمكن التواصل مع الأستاذ/ [anonymized]، بالهاتف المتنقل (0537831) أو البريد الإلكتروني ([anonymized]). والسلام عليهم ورحمته. مع التحية، مؤسسة مسك,"معالي نائب وزير العدل
حفظه الله

السلام عليكم ورحمة الله وبركاته،

إشارة إلى برقية معالي رئيس الديوان الملكي رقم (39180) وتاريخ 1444/6/4هـ، المتضمنة الموافقة الكريمة على ما وجه به مجلس الوزراء في جلسته المنعقدة بتاريخ 1444/6/3هـ، في (أولًا): بقيام هيئة الحكومة الرقمية بما يلزم لاستضافة منتدى حوكمة الإنترنت التابع لمنظمة الأمم المتحدة، والرفع عما يستلزم،
وإلى برقية سعادة وكيل وزارة الخارجية للشؤون الدولية المتعددة رقم (046735-45-001) وتاريخ 1445/2/18هـ، المرفق بها خطاب وكيل الأمين العام للأمم المتحدة للشؤون الاقتصادية والاجتماعية السيد/ [anonymized]، رقم (23/01891) وتاريخ 2023/8/21م، المتضمن موافقة منظمة الأمم المتحدة على استضافة المملكة العربية السعودية للمنتدى لعام 2024م في مدينة الرياض.

أود إحاطة معاليكم بأن هيئة الحكومة الرقمية تعتزم استضافة اجتماعات تحضيرية تابعة لمنتدى حوكمة الإنترنت، يشارك فيها أعضاء من مختلف الدول، بوصفهم أعضاءً في لجان المنتدى، وذلك خلال الفترة من 25 إلى 29 فبراير 2024م.

عليه، فإن هذه الهيئة تعمل على تنسيق زيارات لأعضاء وفد لجنة القيادة التابع لمنتدى حوكمة الإنترنت إلى عدد من الجهات الحكومية الرائدة في مجال التحول الرقمي، لما لهذه الزيارات من أثر إيجابي على المؤشرات الدولية للمملكة.

ونظرًا لما تقدمه المحكمة الافتراضية من تقدم ملموس في هذا المجال، آمل من معاليكم التكرم بتوجيه من يلزم لتنسيق هذه الزيارة،
ويمكن للمختصين لديكم التواصل مع الأستاذ/ [anonymized] أبو بكر عبر:
	•	الهاتف المتنقل: 0000000000
	•	البريد الإلكتروني: [anonymized]

وتفضلوا معاليكم بقبول خالص تحياتي.
م. [anonymized]
محافظ هيئة الحكومة الرقمية",0.9150793650641136,0.0,0.9732105784024058,1.0,0.5068075317267753
ما هي تفاصيل الدعوة لحضور اللقاء التشاوري “تعظيم الأثر الرقمي بأقل تكلفة”؟,"['سعادة الرئيس التنفيذي لهيئة كفاءة الإنفاق والمشروعات الحكومية\nسلّمه الله', 'السلام عليكم ورحمة الله وبركاته،', 'إشارة إلى التعاون القائم بين الهيئة وهيئتكم الموقرة في دعم كفاءة الإنفاق على المبادرات الرقمية الحكومية، أود إفادة سعادتكم بأن هيئة الحكومة الرقمية تنظم لقاءً تشاوريًا بعنوان “تعظيم الأثر الرقمي بأقل تكلفة”، وذلك يوم الأحد ٢٥/١١/١٤٤٦هـ في مقر الهيئة بمدينة الرياض.', 'يسر الهيئة دعوتكم لحضور اللقاء والمشاركة في الجلسة الرئيسية، كما نأمل ترشيح أحد المختصين لديكم للمشاركة في حلقة النقاش المتعلقة بالحوكمة المالية للمشاريع التقنية.', 'وللتنسيق في هذا الشأن أو الحصول على مزيد من التفاصيل، يمكن التواصل مع الأستاذ/ [anonymized]، بالهاتف المتنقل ([anonymized]) أو البريد الإلكتروني ([anonymized]).', 'والسلام عليكم ورحمة الله وبركاته.']",يتم إرسال دعوة رسمية لحضور اللقاء التشوري “تعزيز التأثير الرقمي بأقل تكلفة”: معالي وزير الاقتصاد والتخطيط حفظه الله السلام عليكم ورحمة الله وبركاته، إشارة إلى خطاب معاليكم رقم (????) وتاريخ ??/??/????هـ، بشأن دعوة للمشاركة في اللقاء التشريعي “تسريع تأثير الأداء الرقمي بتكلفة منخفضة”، يسر الهيئة دعوتكم للموافقة على تعزيز التكامل الرقمي بين الجهات الحكومية، وتحسين تجربة المستفيدين من خلال توحيد أدوات التحول الرقمي وتعزيز الكفاءة الرقمية، بما يسهم في رفع كفاءة الإنفاق الرقمي وتحقيق مستهدفات رؤية المملكة 2030. يطيب لي أن أتقدّم لمعاليكم بالشكر الجزيل على هذه المبادرة، وللتنسيق في هذا الشأن أو الحصول على مزيد من التفاصيل، يمكن التواصل مع الأستاذ/ [anonymized]، بالهاتف المتنقل (0558832) أو البريد الإلكتروني ([anonymized]). والسلام علينا ورحمته. مع التحية، مؤسسة مسك,"سعادة الرئيس التنفيذي لهيئة كفاءة الإنفاق والمشروعات الحكومية
سلّمه الله

السلام عليكم ورحمة الله وبركاته،

إشارة إلى التعاون القائم بين الهيئة وهيئتكم الموقرة في دعم كفاءة الإنفاق على المبادرات الرقمية الحكومية، أود إفادة سعادتكم بأن هيئة الحكومة الرقمية تنظم لقاءً تشاوريًا بعنوان “تعظيم الأثر الرقمي بأقل تكلفة”، وذلك يوم الأحد ٢٥/١١/١٤٤٦هـ في مقر الهيئة بمدينة الرياض.

يسر الهيئة دعوتكم لحضور اللقاء والمشاركة في الجلسة الرئيسية، كما نأمل ترشيح أحد المختصين لديكم للمشاركة في حلقة النقاش المتعلقة بالحوكمة المالية للمشاريع التقنية.

وللتنسيق في هذا الشأن أو الحصول على مزيد من التفاصيل، يمكن التواصل مع الأستاذ/ [anonymized]، بالهاتف المتنقل ([anonymized]) أو البريد الإلكتروني ([anonymized]).

والسلام عليكم ورحمة الله وبركاته.",0.9999999999833333,0.21428571428571427,0.0,0.75,0.567683628695495
ما هي أسباب الاعتذار عن عدم التمكن من حضور اجتماع اللجنة التنسيقية؟,"['معالي رئيس الهيئة العامة للأوقاف\nحفظه الله', 'السلام عليكم ورحمة الله وبركاته،', 'إشارة إلى خطاب معاليكم رقم (١٥٥٥) وتاريخ ١٦/١١/١٤٤٥هـ، بشأن اعتذار عن عدم التمكن من حضور اجتماع اللجنة التنسيقية،', 'نود إفادة معاليكم بأن الهيئة يتعذر عليها حضور الاجتماع المقرر خلال الأسبوع الجاري، نظرًا لتعارضه مع ارتباطات تنفيذية داخلية.', 'آمل من معاليكم التفضل باعتماد موعد جديد لاحق، وسيتم التنسيق مع الفريق المختص لترتيب المشاركة.', 'والسلام عليكم ورحمة الله وبركاته.']",يتم تقديم الاعتذار بسبب تعارض المواعيد: معالي وزير الموارد البشرية والتنمية الاجتماعية حفظه الله السلام عليكم ورحمة الله وبركاته، إشارة إلى خطاب معاليكم رقم (????) وتاريخ ??/?/????هـ، بشأن اعتذار عن عدم التمكن من الحضور في اجتماع اللجنة التنسيقية، نود إفادتكم بتعذر الهيئة حضور الاجتماع المقرر عقده يوم الاثنين ??/??/?هـ في مقر الهيئة. وللتنسيق في هذا الشأن يمكن التواصل مع الأستاذ/ [anonymized]، بالهاتف المتنقل (057832) أو البريد الإلكتروني ([anonymized]). والسلام عليكم وبركة الله. مع التحية، مؤسسة مسك,"معالي رئيس الهيئة العامة للأوقاف
حفظه الله

السلام عليكم ورحمة الله وبركاته،

إشارة إلى خطاب معاليكم رقم (١٥٥٥) وتاريخ ١٦/١١/١٤٤٥هـ، بشأن اعتذار عن عدم التمكن من حضور اجتماع اللجنة التنسيقية،

نود إفادة معاليكم بأن الهيئة يتعذر عليها حضور الاجتماع المقرر خلال الأسبوع الجاري، نظرًا لتعارضه مع ارتباطات تنفيذية داخلية.

آمل من معاليكم التفضل باعتماد موعد جديد لاحق، وسيتم التنسيق مع الفريق المختص لترتيب المشاركة.

والسلام عليكم ورحمة الله وبركاته.",0.7099999999858001,0.375,0.0,1.0,0.5028086960386515
ما هي تفاصيل الدعوة لحضور ملتقى التكامل الاستراتيجي للبيانات؟,"['معالي وزير الاقتصاد والتخطيط\nحفظه الله', 'السلام عليكم ورحمة الله وبركاته،', 'إشارة إلى خطاب معاليكم رقم (٤٠١٥) وتاريخ ١٤/١١/١٤٤٥هـ، بشأن دعوة للمشاركة في ملتقى التكامل الاستراتيجي للبيانات،', 'يسر الهيئة دعوتكم للمشاركة في ملتقى التكامل الإستراتيجي للبيانات، المزمع عقده يوم الثلاثاء ٢٥/١١/١٤٤٥هـ، في مدينة الرياض.', 'ويهدف الملتقى إلى مناقشة سبل تنسيق البيانات بين الجهات الحكومية لتعزيز فعالية اتخاذ القرار وتحقيق مستهدفات الرؤية.', 'والسلام عليكم ورحمة الله وبركاته.']",يتم إرسال دعوة رسمية لحضور ملتقى التكامل الاستراتيجي للبيانات: معالي وزير الاتصالات وتقنية المعلومات حفظه الله السلام عليكم ورحمة الله وبركاته، إشارة إلى خطاب معاليكم رقم (????) وتاريخ ??/??/????هـ، بشأن دعوة للمشاركة في ملتقى تكامل البيانات الرقمي، يسر الهيئة دعوتكم للموافقة على الحضور، والمقرر انعقاده يوم الاثنين ??/???هـ في مقر الهيئة بمدينة الرياض، بمشاركة عدد من الجهات الحكومية والخاصة. يهدف الملتقى إلى توحيد البيانات وتكاملها مع الأنظمة الرقمية، بما يسهم في رفع كفاءة الخدمات الرقمية وتحقيق مستهدفات رقمية متكاملة. والله الموفق. مع التحية، مؤسسة مسك,"معالي وزير الاقتصاد والتخطيط
حفظه الله

السلام عليكم ورحمة الله وبركاته،

إشارة إلى خطاب معاليكم رقم (٤٠١٥) وتاريخ ١٤/١١/١٤٤٥هـ، بشأن دعوة للمشاركة في ملتقى التكامل الاستراتيجي للبيانات،

يسر الهيئة دعوتكم للمشاركة في ملتقى التكامل الإستراتيجي للبيانات، المزمع عقده يوم الثلاثاء ٢٥/١١/١٤٤٥هـ، في مدينة الرياض.

ويهدف الملتقى إلى مناقشة سبل تنسيق البيانات بين الجهات الحكومية لتعزيز فعالية اتخاذ القرار وتحقيق مستهدفات الرؤية.

والسلام عليكم ورحمة الله وبركاته.",0.8099999999838,0.0,0.9400806273182606,0.75,0.44252142012171675
ما هي متطلبات إيفاد موظفين للمشاركة في برنامج تدريبي دولي حول التحول الرقمي في التعليم؟,"['معالي وزير التعليم\nحفظه الله', 'السلام عليكم ورحمة الله وبركاته،', 'تماشيًا مع جهود الوزارة في تطوير قدرات الكوادر الوطنية، نرفع إلى معاليكم طلبًا للموافقة على إيفاد مجموعة من موظفي وزارة التعليم للمشاركة في برنامج تدريبي دولي حول التحول الرقمي في التعليم، والذي سيُعقد في جمهورية فنلندا، خلال الفترة من 1446/08/10هـ إلى 1446/08/20هـ الموافق 2025/02/18م إلى 2025/02/28م.', 'يهدف البرنامج إلى تزويد المشاركين بمهارات متقدمة في تقنيات التعليم الرقمي، وتصميم التجارب التعليمية التفاعلية، وتوظيف البيانات في تحسين الأداء التعليمي، بما يسهم في تطوير البيئة التعليمية، وتحقيق مستهدفات رؤية المملكة 2030.', 'نأمل من معاليكم التكرم بالموافقة على الإيفاد، واعتماد الترشيحات المرفقة، والتوجيه بما يلزم حيال استكمال الإجراءات ذات العلاقة.', 'وتفضلوا بقبول خالص التحية والتقدير.', 'م. [anonymized]\nمحافظ هيئة الحكومة الرقمية']",يتطلب إفاد الموظفين للمشاركة في برنامج تدريبي دولي حول التحول الرقمي في التعليم تقديم طلب رسمي مع الوثائق: معالي وزير التعليم حفظه الله السلام عليكم ورحمة الله وبركاته، إشارة إلى خطاب معاليكم رقم (????) وتاريخ ??/??/????هـ، بشأن طلب إفادة موظفي الهيئة المشاركين في البرنامج التدريبي الدولي المتعلق بالحكومة الرقمية في المؤسسات التعليمية، أود إفادتكم بأن الهيئة بصدد إطلاق “برنامج تدريجي دولي يهدف إلى تحسين التكامل الرقمي بين الجهات التعليمية والقطاعات التعليمية”، ويهدف إلى توحيد الجهات ذات العلاقة بالتنسيق مع الجهات الحكومية، وتحقيق مستهدفات رقمية متكاملة. عليه، آمل التكرم بالموافقة والتوجيه بما يلزم للتنسيق مع الوزارة في إطار التعاون الدولي. وللتنسيق في هذا الشأن أو الحصول على مزيد من المعلومات، يمكن التواصل مع الأستاذ/ [anonymized]، بالهاتف المتنقل (0559932) أو البريد الإلكتروني ([anonymized]). والسلام عليهم ورحمته. مع التحية، مؤسسة مسك,"معالي وزير التعليم
حفظه الله

السلام عليكم ورحمة الله وبركاته،

تماشيًا مع جهود الوزارة في تطوير قدرات الكوادر الوطنية، نرفع إلى معاليكم طلبًا للموافقة على إيفاد مجموعة من موظفي وزارة التعليم للمشاركة في برنامج تدريبي دولي حول التحول الرقمي في التعليم، والذي سيُعقد في جمهورية فنلندا، خلال الفترة من 1446/08/10هـ إلى 1446/08/20هـ الموافق 2025/02/18م إلى 2025/02/28م.

يهدف البرنامج إلى تزويد المشاركين بمهارات متقدمة في تقنيات التعليم الرقمي، وتصميم التجارب التعليمية التفاعلية، وتوظيف البيانات في تحسين الأداء التعليمي، بما يسهم في تطوير البيئة التعليمية، وتحقيق مستهدفات رؤية المملكة 2030.

نأمل من معاليكم التكرم بالموافقة على الإيفاد، واعتماد الترشيحات المرفقة، والتوجيه بما يلزم حيال استكمال الإجراءات ذات العلاقة.

وتفضلوا بقبول خالص التحية والتقدير.

م. [anonymized]
محافظ هيئة الحكومة الرقمية",0.9999999999857143,0.5454545454545454,0.0,1.0,0.40361019013166055
ما هي متطلبات دعم لإطلاق مشروع التحول الرقمي في القطاع الثقافي؟,"['معالي وزير الثقافة حفظه الله', 'السلام عليكم ورحمة الله وبركاته،', 'إشارة إلى خطط الوزارة لتطوير القطاع الثقافي،\nنرفع إلى معاليكم طلبًا لدعم مشروع ""التحول الرقمي في القطاع الثقافي""،\nوالذي يتضمن رقمنة الفعاليات الثقافية، وإنشاء منصات إلكترونية تفاعلية تتيح للجمهور الاطلاع والمشاركة في الأنشطة والفعاليات الثقافية بطريقة مبتكرة تدعم نشر الثقافة وتعزز وصولها إلى جميع فئات المجتمع.', 'نأمل من معاليكم التكرم بالموافقة والتوجيه بما يلزم لتنفيذ المشروع بالتنسيق مع الجهات ذات العلاقة.', 'والسلام عليكم ورحمة الله وبركاته.']",يتطلب دعم لإطلاق مشروع التحول الرقمي في القطاع الثقافي تقديم طلب رسمي مع الوثائق: معالي رئيس الهيئة السعودية للبيانات والذكاء الاصطناعي حفظه الله السلام عليكم ورحمة الله وبركاته، انطلاقًا من جهود وزارة الثقافة في تطوير القطاع الرقمي، نرفع إلى معاليكم طلبًا لدعم إطلاق مشروع “التحول الرقمي للقطاع الثقافي”، والذي يهدف إلى تمكين المستفيدين من الاستفادة من التقنيات الرقمية، وتحقيق مستهدفات رؤية المملكة 2030. نأمل التكرم بالموافقة على المشروع، والتوجيه بما يلزم للتنسيق مع الجهات ذات العلاقة لإطلاق المشروع. وتفضلوا بقبول خالص التحية والتقدير. م. [anonymized] محافظ هيئة الحكومة الرقمية مع التحية، مؤسسة مسك,"معالي وزير الثقافة حفظه الله

السلام عليكم ورحمة الله وبركاته،

إشارة إلى خطط الوزارة لتطوير القطاع الثقافي،
نرفع إلى معاليكم طلبًا لدعم مشروع ""التحول الرقمي في القطاع الثقافي""،
والذي يتضمن رقمنة الفعاليات الثقافية، وإنشاء منصات إلكترونية تفاعلية تتيح للجمهور الاطلاع والمشاركة في الأنشطة والفعاليات الثقافية بطريقة مبتكرة تدعم نشر الثقافة وتعزز وصولها إلى جميع فئات المجتمع.

نأمل من معاليكم التكرم بالموافقة والتوجيه بما يلزم لتنفيذ المشروع بالتنسيق مع الجهات ذات العلاقة.

والسلام عليكم ورحمة الله وبركاته.",0.99999999998,0.5,0.9811531839233772,1.0,0.46944254253746465
ما هي مستجدات دراسة تجربة المستخدم لمنصة بياناتي؟,"['معالي وزير الاقتصاد والتخطيط\nحفظه الله', 'السلام عليكم ورحمة الله وبركاته،', 'إشارة إلى خطاب معاليكم رقم (١٣٧٦) وتاريخ ١٣/١٠/١٤٤٧هـ، بشأن تحسين تجربة المستخدم لمنصة “بياناتي الوطنية”، أود إفادة معاليكم بأن الهيئة أتمّت المرحلة الأولى من تحليل احتياجات المستخدمين وفق معايير التصميم الشامل.', 'وقد أظهرت النتائج وجود فجوة في تخصيص البيانات لقطاعات التعليم والصحة، ما يستدعي تطوير واجهات أكثر تكاملًا وربطًا بالمصادر الأصلية.', 'نأمل من معاليكم التفضل بتوجيه المختصين في الوزارة بمراجعة النتائج وتقديم الملاحظات تمهيدًا للمرحلة الثانية من التطوير.', 'والسلام عليكم ورحمة الله وبركاته.']",توفر الإحاطة تحديثات حول دراسة تجربة المستخدم لمنصة بياناتي: معالي وزير البيانات حفظه الله السلام عليكم ورحمة الله وبركاته، إشارة إلى خطاب معاليكم رقم (????) وتاريخ ??/??/????هـ، بشأن تطوير منصة بياناتي الخاصة بالمستخدم، أود إحاطتكم بأن الهيئة استكملت دراسة “تجربة المستخدم لمنصة بياناتي”، والتي تشمل تجربة مستخدم في منصة “بيانات”، والتي تهدف إلى توحيد أداء المستخدمين وتحقيق مستهدفات رؤية المملكة 2030. ونظرًا لما يتمتع به المستخدم من خبرة ملموسة في هذا المجال، يمكن التواصل معه عبر الهاتف المتنقل ([anonymized]) أو البريد الإلكتروني ([anonymized]). والسلام عليهم ورحمته. مع التحية، مؤسسة مسك,"معالي وزير الاقتصاد والتخطيط
حفظه الله

السلام عليكم ورحمة الله وبركاته،

إشارة إلى خطاب معاليكم رقم (١٣٧٦) وتاريخ ١٣/١٠/١٤٤٧هـ، بشأن تحسين تجربة المستخدم لمنصة “بياناتي الوطنية”، أود إفادة معاليكم بأن الهيئة أتمّت المرحلة الأولى من تحليل احتياجات المستخدمين وفق معايير التصميم الشامل.

وقد أظهرت النتائج وجود فجوة في تخصيص البيانات لقطاعات التعليم والصحة، ما يستدعي تطوير واجهات أكثر تكاملًا وربطًا بالمصادر الأصلية.

نأمل من معاليكم التفضل بتوجيه المختصين في الوزارة بمراجعة النتائج وتقديم الملاحظات تمهيدًا للمرحلة الثانية من التطوير.

والسلام عليكم ورحمة الله وبركاته.",0.9999999999833333,0.3333333333333333,0.0,1.0,0.37414395316503757
ما هي مستجدات رغبة سفير مملكة تايلند لدى المملكة لقاء معالي المحافظ؟,"['صاحب السمو وزير الخارجية\nحفظه الله', 'السلام عليكم ورحمة الله وبركاته،', 'إشارة إلى برقية سموكم الكريم رقم (94637-39) وتاريخ 1446/11/11هـ، المُتضمّنة الإفادة بتلقي الوزارة مذكرة السفارة الملكية التايلندية في الرياض بشأن رغبة سعادة سفير مملكة تايلند لدى المملكة في لقاء؛ لبحث سبل التعاون الثنائي بين البلدين في مجال الحكومة الإلكترونية والبيانات.', 'أود إفادة سموكم بترحيب الهيئة بعقد اللقاء مع سعادة السفير، وبحث سبل التعاون. ويمكن للمختصين لديكم التواصل لتنسيق اللقاء مع الدكتورة/ [anonymized]، بالهاتف المتنقل (055xxxxxxx) أو البريد الإلكتروني ([anonymized]).', 'والسلام عليكم ورحمة الله وبركاته.', 'م. [anonymized]\nمحافظ هيئة الحكومة الرقمية']",توفر الإحاطة تحديثات حول رغبة سفير مملكة تايلند لدى المملكة لقاء معالي المحافظ: معالي محافظ هيئة الحكومة الرقمية حفظه الله السلام عليكم ورحمة الله وبركاته، إشارة إلى خطاب معاليكم رقم (????) وتاريخ ??/??/????هـ، بشأن رغبتكم السفيرة الملكية التايلاندية في المملكة في اللقاء مع المهندس/ [anonymized]. أود إفادة سموكم بأن الهيئة ترغب في استقبال سفير المملكة في المملكة خلال الأسبوع المقبل. وللتنسيق في هذا الشأن يمكن التواصل مع الأستاذ/ [anonymized]، بالهاتف المتنقل (0547832) أو البريد الإلكتروني ([anonymized]). والسلام عليهم ورحمته. مع التحية، مؤسسة مسك,"صاحب السمو وزير الخارجية
حفظه الله

السلام عليكم ورحمة الله وبركاته،

إشارة إلى برقية سموكم الكريم رقم (94637-39) وتاريخ 1446/11/11هـ، المُتضمّنة الإفادة بتلقي الوزارة مذكرة السفارة الملكية التايلندية في الرياض بشأن رغبة سعادة سفير مملكة تايلند لدى المملكة في لقاء؛ لبحث سبل التعاون الثنائي بين البلدين في مجال الحكومة الإلكترونية والبيانات.

أود إفادة سموكم بترحيب الهيئة بعقد اللقاء مع سعادة السفير، وبحث سبل التعاون. ويمكن للمختصين لديكم التواصل لتنسيق اللقاء مع الدكتورة/ [anonymized]، بالهاتف المتنقل (055xxxxxxx) أو البريد الإلكتروني ([anonymized]).

والسلام عليكم ورحمة الله وبركاته.

م. [anonymized]
محافظ هيئة الحكومة الرقمية",0.9999999999833333,0.25,0.0,0.75,0.39330207196492706
ما هي تفاصيل التهنئة بشأن مدينة الملك فهد الطبية بمناسبة الحصول على شهادة الاعتماد للبنية المؤسسية؟,"['سعادة المدير العام التنفيذي لمدينة الملك فهد الطبية\nحفظه الله', 'السلام عليكم ورحمة الله وبركاته،', 'إشارةً إلى برقية معالي رئيس الديوان الملكي رقم (6262) وتاريخ (1445/1/26هـ)، المتضمّنة الموافقة الكريمة على المعاملة المتعلقة بالتقريرين السنويين (الثامن، والتاسع) لقياس التحول الرقمي الحكومي، وما نصّت عليه الفقرة (9) من التوجيه بقيام الجهات الحكومية “العمل مع هيئة الحكومة الرقمية في تطبيق ممارسة البنية المؤسسية، وإسناد الصلاحية إلى الوحدة التنظيمية “البنية المؤسسية” لديها، وأن تطبق تطبيقاً فاعلًا المنهجيات والمعايير والأدلة الإرشادية المقدمة من هيئة الحكومة الرقمية”، وإلى ما تسهم فيه ممارسات البنية المؤسسية واتباعها لمعايير البنية المؤسسية الوطنية في رفع مستوى النضج وتحسين كفاءة الاستثمار في الحكومة الرقمية.', 'يطيب لي أن أهنئ سعادتكم بمناسبة استحقاق مدينة الملك فهد الطبية لشهادة اعتماد البنية المؤسسية الوطنية، بمستوى النضج الثالث (3.1 من 5). وسيتم تسليم الشهادة في ملتقى الحكومة الرقمية المزمع إقامته خلال الفترة من 20/12/2023م.', 'كما تجدون أدناه رمز الاستجابة السريعة (QR Code)، والمتضمن “الموجز التنفيذي لنتائج تقييم ممارسة البنية المؤسسية المؤسسية لمدينة الملك فهد الطبية”.', 'ويأتي هذا الإنجاز نتيجة للجهود المبذولة، والحرص الملموس على تحقيق رؤية جهتكم الموقرة ورفع نضجها، ومساهمتها في تسريع التحول الرقمي، والشراكة مع هيئة الحكومة الرقمية.', 'وفي حال الرغبة في الحصول على مزيد من المعلومات، يمكن للمختصين لديكم التواصل والتنسيق مع:\n\t•\tمسؤول التواصل: الاسم محجوب\n\t•\tالمسمى الوظيفي: مديرة إدارة البنية المؤسسية الوطنية\n\t•\tالجوال: 0000000000\n\t•\tالبريد الإلكتروني: [anonymized]', 'وتقبلوا خالص التحيات،\nم. [anonymized]\nمحافظ هيئة الحكومة الرقمية']",يتم تقديم التهنئة عبر خطاب رسمي يُشيد بالإنجازات: سعادة الرئيس التنفيذي لمدينة الملك فهد الطبية سلّمه الله السلام عليكم ورحمة الله وبركاته، إشارة إلى خطاب سعادتكم رقم (????) وتاريخ ??/??/????هـ، بشأن شهادة الاعتماد للبنية المؤسسية، أود إفادة سموكم بأنّه حصل على شهادة “اعتماد البنية المؤسسيّة”، وذلك بمناسبة صدور الشهادة التشغيلية للمستفيدين من الهيئة. آمل التكرم بتسمية سعادة المدير العام لهيئة الحكومة الرقمية، ويمكن للمختصين لديكم التنسيق مع الأستاذ/ [anonymized]، بالهاتف المتنقل (0547832) أو البريد الإلكتروني ([anonymized]). والسلام عليكم وبريكاته. مع التحية، مؤسسة مسك,"سعادة المدير العام التنفيذي لمدينة الملك فهد الطبية
حفظه الله

السلام عليكم ورحمة الله وبركاته،

إشارةً إلى برقية معالي رئيس الديوان الملكي رقم (6262) وتاريخ (1445/1/26هـ)، المتضمّنة الموافقة الكريمة على المعاملة المتعلقة بالتقريرين السنويين (الثامن، والتاسع) لقياس التحول الرقمي الحكومي، وما نصّت عليه الفقرة (9) من التوجيه بقيام الجهات الحكومية “العمل مع هيئة الحكومة الرقمية في تطبيق ممارسة البنية المؤسسية، وإسناد الصلاحية إلى الوحدة التنظيمية “البنية المؤسسية” لديها، وأن تطبق تطبيقاً فاعلًا المنهجيات والمعايير والأدلة الإرشادية المقدمة من هيئة الحكومة الرقمية”، وإلى ما تسهم فيه ممارسات البنية المؤسسية واتباعها لمعايير البنية المؤسسية الوطنية في رفع مستوى النضج وتحسين كفاءة الاستثمار في الحكومة الرقمية.

يطيب لي أن أهنئ سعادتكم بمناسبة استحقاق مدينة الملك فهد الطبية لشهادة اعتماد البنية المؤسسية الوطنية، بمستوى النضج الثالث (3.1 من 5). وسيتم تسليم الشهادة في ملتقى الحكومة الرقمية المزمع إقامته خلال الفترة من 20/12/2023م.

كما تجدون أدناه رمز الاستجابة السريعة (QR Code)، والمتضمن “الموجز التنفيذي لنتائج تقييم ممارسة البنية المؤسسية المؤسسية لمدينة الملك فهد الطبية”.

ويأتي هذا الإنجاز نتيجة للجهود المبذولة، والحرص الملموس على تحقيق رؤية جهتكم الموقرة ورفع نضجها، ومساهمتها في تسريع التحول الرقمي، والشراكة مع هيئة الحكومة الرقمية.

وفي حال الرغبة في الحصول على مزيد من المعلومات، يمكن للمختصين لديكم التواصل والتنسيق مع:
	•	مسؤول التواصل: الاسم محجوب
	•	المسمى الوظيفي: مديرة إدارة البنية المؤسسية الوطنية
	•	الجوال: 0000000000
	•	البريد الإلكتروني: [anonymized]

وتقبلوا خالص التحيات،
م. [anonymized]
محافظ هيئة الحكومة الرقمية",0.9999999999875,0.25,0.0,0.8333333333333334,0.4061593504691102
كيف يتم التعبير عن الشكر بشأن على التعاون في تطوير منصة دعم المنشآت الصغيرة والمتوسطة؟,"['سعادة محافظ الهيئة العامة للمنشآت الصغيرة والمتوسطة\nسلّمه الله', 'السلام عليكم ورحمة الله وبركاته،', 'إشارة إلى خطاب سعادتكم رقم (١٨٤٥) وتاريخ ٢٢/١١/١٤٤٥هـ، بشأن شكر على التعاون في منصة دعم المنشآت،', 'تتقدم الهيئة بجزيل الشكر لسعادتكم على تعاونكم المثمر في تطوير منصة دعم المنشآت الصغيرة والمتوسطة، والتي ساهمت في رفع كفاءة الخدمات وتحسين آليات التقديم الإلكتروني.', 'ونتطلع إلى استكمال المراحل القادمة ضمن الشراكة الإستراتيجية بين الجهتين.', 'والسلام عليكم ورحمة الله وبركاته.']",يتم التعبير عن الشكر عبر خطاب رسمي يُشيد بالإنجازات: سعادة الرئيس التنفيذي لهيئة تطوير المنشآت الصغيرة والمتوسطة سلّمه الله السلام عليكم ورحمة الله وبركاته، إشارة إلى خطاب سعادتكم رقم (????) وتاريخ ??/?/????هـ، بشأن تعاون الهيئة في تطوير منصة دعم للمنشآت المتوسطة والصغيرة، تتقدم الهيئة بخالص الشكر والتقدير لسعادتكم على التعاون المثمر في هذا المشروع، ونتطلع إلى استمرار هذا التعاون البناء المشترك في المشاريع ذات الطابع الصغير والمتوسط، مما يسهم في رفع كفاءة الخدمات الحكومية. والسلام عليكم واعتماده، م. [anonymized] محافظ هيئة الحكومة الرقمية مع التحية، مؤسسة مسك,"سعادة محافظ الهيئة العامة للمنشآت الصغيرة والمتوسطة
سلّمه الله

السلام عليكم ورحمة الله وبركاته،

إشارة إلى خطاب سعادتكم رقم (١٨٤٥) وتاريخ ٢٢/١١/١٤٤٥هـ، بشأن شكر على التعاون في منصة دعم المنشآت،

تتقدم الهيئة بجزيل الشكر لسعادتكم على تعاونكم المثمر في تطوير منصة دعم المنشآت الصغيرة والمتوسطة، والتي ساهمت في رفع كفاءة الخدمات وتحسين آليات التقديم الإلكتروني.

ونتطلع إلى استكمال المراحل القادمة ضمن الشراكة الإستراتيجية بين الجهتين.

والسلام عليكم ورحمة الله وبركاته.",0.8041666666465626,0.36363636363636365,0.9448187970829944,1.0,0.573390983286421
ما هي تفاصيل الدعوة لحضور مشروع البوابة الوطنية للذكاء الاصطناعي؟,['معالي وزير الاتصالات وتقنية المعلومات حفظه الله\nالسلام عليكم ورحمة الله وبركاته،\nإشارة إلى المساعي الوطنية نحو تسريع تبني تقنيات الذكاء الاصطناعي في القطاع الحكومي، يسر الهيئة دعوتكم للمشاركة في تطوير مشروع “البوابة الوطنية للذكاء الاصطناعي”، التي تهدف إلى تمكين الجهات من الوصول إلى نماذج تحليل ذكية ودعم اتخاذ القرار المبني على البيانات.\nيشمل المشروع فرقًا تقنية من مختلف الجهات لتحديد الاستخدامات ذات الأولوية وتقديم نماذج تشغيلية موحدة.\nوللتنسيق يمكن التواصل مع الأستاذ/ [anonymized]، بالهاتف المتنقل ([anonymized]) أو البريد الإلكتروني ([anonymized]).\nوالسلام عليكم ورحمة الله وبركاته.'],يتم إرسال دعوة رسمية لحضور مشروع البوابة الوطنية للذكاء الاصطناعي: معالي وزير الاتصالات وتقنية المعلومات حفظه الله السلام عليكم ورحمة الله وبركاته، إشارة إلى خطاب معاليكم رقم (????) وتاريخ ??/??/????هـ، بشأن دعوة للمشاركة في مشروع “البوابة الوطنية للمعرفة الحديثة”، يسر الهيئة دعوتكم للموافقة على مشاركة الهيئة في المشروع، والمقرر انعقاده يوم الاثنين ??/?/??هـ في مقر الهيئة بمدينة الرياض، بمشاركة عدد من الجهات الحكومية والخاصة. عليه، آمل التفضل بتسمية من ترونه مناسبًا، ويمكن للمختصين لديكم التنسيق مع الفريق الفني المختص في هذا المشروع. وللتنسيق في هذا الشأن أو الحصول على مزيد من المعلومات، يمكن التواصل مع الأستاذ/ [anonymized]، بالهاتف المتنقل ([anonymized]) أو البريد الإلكتروني ([anonymized]). والسلام عليكم وبركة مع التحية، مؤسسة مسك,"معالي وزير الاتصالات وتقنية المعلومات حفظه الله
السلام عليكم ورحمة الله وبركاته،
إشارة إلى المساعي الوطنية نحو تسريع تبني تقنيات الذكاء الاصطناعي في القطاع الحكومي، يسر الهيئة دعوتكم للمشاركة في تطوير مشروع “البوابة الوطنية للذكاء الاصطناعي”، التي تهدف إلى تمكين الجهات من الوصول إلى نماذج تحليل ذكية ودعم اتخاذ القرار المبني على البيانات.
يشمل المشروع فرقًا تقنية من مختلف الجهات لتحديد الاستخدامات ذات الأولوية وتقديم نماذج تشغيلية موحدة.
وللتنسيق يمكن التواصل مع الأستاذ/ [anonymized]، بالهاتف المتنقل ([anonymized]) أو البريد الإلكتروني ([anonymized]).
والسلام عليكم ورحمة الله وبركاته.",0.9999999999,0.23076923076923078,0.0,1.0,0.3559047676674837
ما هي مستجدات  الرد على طلب استثناء هيئة تنمية البحث والتطوير والابتكار من المشاركة في دورة قياس التحول الرقمي لعام 2025المشاركة في دورة قياس التحول الرقمي لعام 2025؟,"['سعادة المشرف العام المكلف على هيئة تنمية البحث والتطوير والابتكار\nسلّمه الله', 'السلام عليكم ورحمة الله وبركاته،', 'إشارةً إلى خطاب سعادتكم رقم (٩٠٠٣/٤٦/٠١) وتاريخ 1446/10/12هـ، المتضمّن إفادتكم بأنّ الهيئة تمر بمرحلة انتقالية يجري فيها العمل على تأسيس البنية التحتية وخدماتها وتطوير استراتيجيات التحول الرقمي، وطلبكم استثناء الهيئة من دورة قياس التحول الرقمي لعام 2025م، أود إفادتكم بما يلي:', 'استنادًا إلى صلاحيات هيئة الحكومة الرقمية المنصوص عليها في تنظيمها، الصادر بقرار مجلس الوزراء رقم (٤١٨) وتاريخ 1442/7/25هـ، والتي تشمل إصدار المؤشرات والتقارير والأدوات لقياس أداء الجهات الحكومية وقدراتها في مجال الحكومة الرقمية، ومتابعة التزامها بالقرارات والأوامر الصادرة في شأن التعاملات الحكومية الرقمية؛ فإن معايير ترشيح الجهات الحكومية للانضمام إلى دورة “قياس التحول الرقمي” لعام 2025م تنطبق على هيئة تنمية البحث والتطوير والابتكار.', 'وبناءً على ذلك، يرى المختصون في الهيئة مناسبة انضمام هيئتكم الموقرة إلى الدورة المشار إليها، علمًا بأن الجهات التي تشارك لأول مرة لا تُدرج ضمن التقرير الإعلامي المرافق للقياس إلا بعد مرور دورة سنوية، مما يتيح الاستفادة من التوصيات الواردة لتحسين أداء التحول الرقمي في الدورات القادمة.', 'ولا يخفى على سعادتكم أن “قياس التحول الرقمي” يُسهم في تسريع وتيرة التحول الرقمي في الجهات الحكومية، وتعزيز تقدم المملكة في المؤشرات الدولية ذات الصلة، من خلال متابعة الالتزام بتنفيذ قرارات مجلس الوزراء والأوامر السامية.', 'وفي حال وجود أي استفسار، يمكن للمختصين لديكم التواصل مع فريق “قياس” عبر الهاتف المتنقل ([anonymized]) أو البريد الإلكتروني: [anonymized]', 'والسلام عليكم ورحمة الله وبركاته.', 'م. [anonymized]\nمحافظ هيئة الحكومة الرقمية']",توفر الإحاطة تحديثات حول الرد على طلب استثناء هيئة تنمية البحث والتطوير والابتكار من المشاركة في دورة قياس التحول الرقمي لعام 2025المشاركة في دورات قياس التحول الرقمي للعام 2025: معالي وزير الاتصالات وتقنية المعلومات حفظه الله السلام عليكم ورحمة الله وبركاته، إشارة إلى خطاب معاليكم رقم (????) وتاريخ ??/??/????هـ، بشأن طلب الاستثناء من هيئة تطوير البحوث والتقنية، والمقرر انعقاده خلال الفترة من 2025 إلى 2025م، أود إحاطتكم بأن الهيئة ترشح الأستاذ/ [anonymized]، مدير إدارة التكامل الرقمي، لتمثيل الهيئة في الدورة، لما له من خبرة عملية في إعادة هيئة الحكومة الرقمية. وللتنسيق في هذا الشأن أو الحصول على مزيد من المعلومات، يمكن التواصل معه عبر البريد الإلكتروني: • الهاتف المتنقل: [anonymized] وتفضلوا بقبول خالص التحية والتقدير. مع التحية، مؤسسة مسك,"سعادة المشرف العام المكلف على هيئة تنمية البحث والتطوير والابتكار
سلّمه الله

السلام عليكم ورحمة الله وبركاته،

إشارةً إلى خطاب سعادتكم رقم (٩٠٠٣/٤٦/٠١) وتاريخ 1446/10/12هـ، المتضمّن إفادتكم بأنّ الهيئة تمر بمرحلة انتقالية يجري فيها العمل على تأسيس البنية التحتية وخدماتها وتطوير استراتيجيات التحول الرقمي، وطلبكم استثناء الهيئة من دورة قياس التحول الرقمي لعام 2025م، أود إفادتكم بما يلي:

استنادًا إلى صلاحيات هيئة الحكومة الرقمية المنصوص عليها في تنظيمها، الصادر بقرار مجلس الوزراء رقم (٤١٨) وتاريخ 1442/7/25هـ، والتي تشمل إصدار المؤشرات والتقارير والأدوات لقياس أداء الجهات الحكومية وقدراتها في مجال الحكومة الرقمية، ومتابعة التزامها بالقرارات والأوامر الصادرة في شأن التعاملات الحكومية الرقمية؛ فإن معايير ترشيح الجهات الحكومية للانضمام إلى دورة “قياس التحول الرقمي” لعام 2025م تنطبق على هيئة تنمية البحث والتطوير والابتكار.

وبناءً على ذلك، يرى المختصون في الهيئة مناسبة انضمام هيئتكم الموقرة إلى الدورة المشار إليها، علمًا بأن الجهات التي تشارك لأول مرة لا تُدرج ضمن التقرير الإعلامي المرافق للقياس إلا بعد مرور دورة سنوية، مما يتيح الاستفادة من التوصيات الواردة لتحسين أداء التحول الرقمي في الدورات القادمة.

ولا يخفى على سعادتكم أن “قياس التحول الرقمي” يُسهم في تسريع وتيرة التحول الرقمي في الجهات الحكومية، وتعزيز تقدم المملكة في المؤشرات الدولية ذات الصلة، من خلال متابعة الالتزام بتنفيذ قرارات مجلس الوزراء والأوامر السامية.

وفي حال وجود أي استفسار، يمكن للمختصين لديكم التواصل مع فريق “قياس” عبر الهاتف المتنقل ([anonymized]) أو البريد الإلكتروني: [anonymized]

والسلام عليكم ورحمة الله وبركاته.

م. [anonymized]
محافظ هيئة الحكومة الرقمية",0.9999999999888889,0.18181818181818182,0.0,1.0,0.45025263181064135
ما هي تفاصيل ترشيح ممثل بشأن حضور اجتماع لمناقشة مشروع آلية (خطة) العمل التنفيذية للتحول في الجوانب الإجرائية وأحكامه الانتقالية؟,"['معالي محافظ هيئة الحكومة الرقمية\nالسلام عليكم ورحمة الله وبركاته،\nإشارة إلى المعاملة الواردة إلى هيئة الخبراء من أمانة مجلس الشؤون الاقتصادية والتنمية برقم (١٣٢٣٩) وتاريخ ١٤٤٤/٩/١ هـ، في شأن مشروع آلية (خطة) العمل التنفيذية للتحول في الجوانب الإجرائية وأحكامه الانتقالية.\nوحيث رأت اللجنة الدائمة لمجلس الشؤون الاقتصادية والتنمية توصيتها برقم (٢٣٦/٤٤/م/د) وتاريخ ١٤٤٤/٨/٧ هـ، إحالة المعاملة إلى هيئة الخبراء لتقوم -بالتنسيق مع الجهات ذات العلاقة- بدراسة المشروع.\nوحيث سبق أن عُقد اجتماع بشأنه في هيئة الخبراء بتاريخ ١٤٤٦/٨/٢٩ هـ، ويُرغب التكرم بحضور الاجتماع القادم لمناقشة الموضوع واستعراض التعديلات، وذلك يوم الاثنين الموافق ١٤٤٦/١٠/٢٣ هـ الساعة (١) ظهرًا عبر تطبيق Cisco Webex.\nوقد تم ترشيح د. [anonymized]، والتنسيق يتم من خلاله عبر الجوال: ([anonymized])، أو البريد الإلكتروني: ([anonymized]).\nيرجى التكرم بالإحاطة بما يلزم، وشكرًا لتعاونكم.', 'رئيس هيئة الخبراء بمجلس الوزراء\n[anonymized]']",يتم ترشيح ممثل للمشاركة في لحضور اجتماع لمناقشة مشروع آلية (خطة) العمل التنفيذي للتحول في الجوانب الإجرائية وأحكامه الانتقالية: معالي رئيس الهيئة السعودية للبيانات والذكاء الاصطناعي حفظه الله السلام عليكم ورحمة الله وبركاته، إشارة إلى خطاب معاليكم رقم (????) وتاريخ ??/?/????هـ، بشأن تشكيل هيئة الحكومة الرقمية، يطيب لي أن أتقدم لمعاليكم بمشاركة ممثل عن الأستاذ/ [anonymized]، بمشاركتكم الموقرة في الاجتماع المقرر عقده يوم الاثنين الموافق ????/?/??هـ. وللتنسيق في هذا الشأن أو الحصول على مزيد من المعلومات، يمكن التواصل معه عبر الهاتف المتنقل (0508842) أو البريد الإلكتروني ([anonymized]). والسلام عليهم ورحمته. مع التحية، مؤسسة مسك,"معالي محافظ هيئة الحكومة الرقمية
السلام عليكم ورحمة الله وبركاته،
إشارة إلى المعاملة الواردة إلى هيئة الخبراء من أمانة مجلس الشؤون الاقتصادية والتنمية برقم (١٣٢٣٩) وتاريخ ١٤٤٤/٩/١ هـ، في شأن مشروع آلية (خطة) العمل التنفيذية للتحول في الجوانب الإجرائية وأحكامه الانتقالية.
وحيث رأت اللجنة الدائمة لمجلس الشؤون الاقتصادية والتنمية توصيتها برقم (٢٣٦/٤٤/م/د) وتاريخ ١٤٤٤/٨/٧ هـ، إحالة المعاملة إلى هيئة الخبراء لتقوم -بالتنسيق مع الجهات ذات العلاقة- بدراسة المشروع.
وحيث سبق أن عُقد اجتماع بشأنه في هيئة الخبراء بتاريخ ١٤٤٦/٨/٢٩ هـ، ويُرغب التكرم بحضور الاجتماع القادم لمناقشة الموضوع واستعراض التعديلات، وذلك يوم الاثنين الموافق ١٤٤٦/١٠/٢٣ هـ الساعة (١) ظهرًا عبر تطبيق Cisco Webex.
وقد تم ترشيح د. [anonymized]، والتنسيق يتم من خلاله عبر الجوال: ([anonymized])، أو البريد الإلكتروني: ([anonymized]).
يرجى التكرم بالإحاطة بما يلزم، وشكرًا لتعاونكم.

رئيس هيئة الخبراء بمجلس الوزراء
[anonymized]",0.99999999995,0.1111111111111111,0.0,0.6666666666666666,0.39379981924441815
ما هي تفاصيل الدعوة لحضور أعمال ملتقى الابتكار الرقمي في القطاع غير الربحي؟,"['معالي وزير الموارد البشرية والتنمية الاجتماعية\nحفظه الله', 'السلام عليكم ورحمة الله وبركاته،', 'إشارة إلى جهود الوزارة في تمكين التحول الرقمي وتعزيز الحلول التقنية في القطاع غير الربحي، يسر الهيئة دعوتكم للمشاركة في ملتقى “الابتكار الرقمي في القطاع غير الربحي”، الذي سيعقد بمدينة الرياض يوم الاثنين ٢٩/١٢/١٤٤٦هـ، بمشاركة نخبة من الجهات الحكومية والخاصة والمنظمات الأهلية.', 'وتسعد الهيئة بمشاركة معاليكم بكلمة رئيسة في الجلسة الافتتاحية، إلى جانب عرض مقدم من الوزارة حول أبرز مبادراتها الرقمية في المجال غير الربحي.\nوللتنسيق في هذا الشأن أو الحصول على مزيد من المعلومات، يمكن التواصل مع الأستاذ/ [anonymized]، بالهاتف المتنقل ([anonymized]) أو البريد الإلكتروني ([anonymized]).', 'والسلام عليكم ورحمة الله وبركاته.']",يتم إرسال دعوة رسمية لحضور أعمال ملتقى الابتكار الرقمي في القطاع غير الربحي: معالي وزير الاقتصاد والتخطيط حفظه الله السلام عليكم ورحمة الله وبركاته، إشارة إلى خطاب معاليكم رقم (????) وتاريخ ??/??/????هـ، بشأن دعوة للمشاركة في أعمال “ملتقى البتكار الرقمية في القطاعات غير الربحية”، يسر هيئة الحكومة الرقمية دعوتكم للموافقة على إطلاق ملتقى الرقمية للابتكار الحكومي، والذي سيُعقد في مدينة الرياض يوم الاثنين الموافق ????/?/??هـ بمدينة الرياض، بمشاركة عدد من الجهات الحكومية والخاصة. ويهدف الملتقى إلى تسليط الضوء على أبرز المبادرات الرقمية التي تسهم في تحسين تجربة المستثمر، وتحقيق أهدافه، مما يسهم في رفع كفاءة الخدمات الرقمية وتحقيق مستهدفات رؤية المملكة 2030. نأمل منكم التكرم بالاطلاع والتوجيه بما يلزم لعرضه. وتفضلوا بقبول خالص التحية والتقدير. م. [anonymized] محافظ الهيئة مع التحية، مؤسسة مسك,"معالي وزير الموارد البشرية والتنمية الاجتماعية
حفظه الله

السلام عليكم ورحمة الله وبركاته،

إشارة إلى جهود الوزارة في تمكين التحول الرقمي وتعزيز الحلول التقنية في القطاع غير الربحي، يسر الهيئة دعوتكم للمشاركة في ملتقى “الابتكار الرقمي في القطاع غير الربحي”، الذي سيعقد بمدينة الرياض يوم الاثنين ٢٩/١٢/١٤٤٦هـ، بمشاركة نخبة من الجهات الحكومية والخاصة والمنظمات الأهلية.

وتسعد الهيئة بمشاركة معاليكم بكلمة رئيسة في الجلسة الافتتاحية، إلى جانب عرض مقدم من الوزارة حول أبرز مبادراتها الرقمية في المجال غير الربحي.
وللتنسيق في هذا الشأن أو الحصول على مزيد من المعلومات، يمكن التواصل مع الأستاذ/ [anonymized]، بالهاتف المتنقل ([anonymized]) أو البريد الإلكتروني ([anonymized]).

والسلام عليكم ورحمة الله وبركاته.",0.99999999998,0.08333333333333333,0.0,1.0,0.36113026773953916
ما هي متطلبات استثناء منصة “فعاليات السعودية” من تطبيق نظام التصميم الموحد (كود المنصات)؟,"['سعادة مدير عام المركز الوطني للفعاليات\nسلّمه الله', 'السلام عليكم ورحمة الله وبركاته،', 'إشارةً إلى برقيتكم رقم (٤٦٠١٣٦٧) وتاريخ 1446/8/27هـ، المتضمنة طلب استثناء منصة “فعاليات السعودية” من تطبيق نظام التصميم الموحد (كود المنصات) الصادر بموجب التعميم رقم (١٦٧٦) وتاريخ 1446/5/12هـ، والمتعلق بتطبيق التصميم الموحد على المنصات والتطبيقات التابعة للجهات الحكومية في مدة أقصاها (180) يومًا من تاريخ التعميم.', 'أفيد سعادتكم بأن نظام التصميم الموحد (كود المنصات) يُعد المرجع الوطني لتصميم واجهات المنصات والتطبيقات الحكومية وتطويرها، عبر توفير مكونات وعناصر وأدوات تقنية تُمكن الجهات الحكومية من تقديم تجربة سلسة وموحدة تسهم في تعزيز تجربة المستخدم لجميع فئات المجتمع.', 'وبالاطلاع على المبررات الموضحة في برقيتكم المشار إليها أعلاه، ترى الهيئة عدم الممانعة من تأجيل تطبيق النظام على منصة “فعاليات السعودية” المسجلة في بوابة “رقمي” بالنطاق (saudievents.sa) للعام الحالي (2025م)، على أن يُلتزم بتطبيق النظام على بقية المنصات التابعة للمركز الوطني للفعاليات والمسجلة في بوابة “رقمي”.', 'آمل من سعادتكم الاطلاع والإحاطة، وتوجيه من يلزم بالعمل بموجب ما أُشير إليه أعلاه.\nوفي حال وجود أي استفسار، يمكن للمختصين لديكم التواصل مع الأستاذ/ [anonymized] على الجوال ([anonymized]) أو عبر البريد الإلكتروني: [anonymized]', 'والسلام عليكم ورحمة الله وبركاته.', 'م. [anonymized]\nمحافظ هيئة الحكومة الرقمية']",يتطلب استثناء منصة “فعاليات السعودية” من تطبيق نظام التصميم الموحد (كود المنصات) تقديم طلب رسمي مع الوثائق: معالي وزير الاتصالات وتقنية المعلومات حفظه الله السلام عليكم ورحمة الله وبركاته، إشارة إلى خطاب معاليكم رقم (????) وتاريخ ??/??/????هـ، بشأن طلب الاستثناء من منظمة التصميم السعودية من نظام التصاميم الموحد، أود إفادة معالي المختصين في الهيئة بأن الهيئة تعمل حاليًا على تطوير أنظمة التصميم المتكاملة، بما يسهم في رفع كفاءة التصميم وتحقيق التكامل بين الجهات الحكومية. عليه، آمل التفضل بتسمية من ترونه مناسبًا من المنصة، ويمكن التواصل مع الأستاذ/ [anonymized]، بالهاتف المتنقل (0557832) أو البريد الإلكتروني ([anonymized]). والسلام عليهم ورحمته. مع التحية، مؤسسة مسك,"سعادة مدير عام المركز الوطني للفعاليات
سلّمه الله

السلام عليكم ورحمة الله وبركاته،

إشارةً إلى برقيتكم رقم (٤٦٠١٣٦٧) وتاريخ 1446/8/27هـ، المتضمنة طلب استثناء منصة “فعاليات السعودية” من تطبيق نظام التصميم الموحد (كود المنصات) الصادر بموجب التعميم رقم (١٦٧٦) وتاريخ 1446/5/12هـ، والمتعلق بتطبيق التصميم الموحد على المنصات والتطبيقات التابعة للجهات الحكومية في مدة أقصاها (180) يومًا من تاريخ التعميم.

أفيد سعادتكم بأن نظام التصميم الموحد (كود المنصات) يُعد المرجع الوطني لتصميم واجهات المنصات والتطبيقات الحكومية وتطويرها، عبر توفير مكونات وعناصر وأدوات تقنية تُمكن الجهات الحكومية من تقديم تجربة سلسة وموحدة تسهم في تعزيز تجربة المستخدم لجميع فئات المجتمع.

وبالاطلاع على المبررات الموضحة في برقيتكم المشار إليها أعلاه، ترى الهيئة عدم الممانعة من تأجيل تطبيق النظام على منصة “فعاليات السعودية” المسجلة في بوابة “رقمي” بالنطاق (saudievents.sa) للعام الحالي (2025م)، على أن يُلتزم بتطبيق النظام على بقية المنصات التابعة للمركز الوطني للفعاليات والمسجلة في بوابة “رقمي”.

آمل من سعادتكم الاطلاع والإحاطة، وتوجيه من يلزم بالعمل بموجب ما أُشير إليه أعلاه.
وفي حال وجود أي استفسار، يمكن للمختصين لديكم التواصل مع الأستاذ/ [anonymized] على الجوال ([anonymized]) أو عبر البريد الإلكتروني: [anonymized]

والسلام عليكم ورحمة الله وبركاته.

م. [anonymized]
محافظ هيئة الحكومة الرقمية",0.9999999999875,0.0,0.0,0.5,0.3853202369505563
ما هي إجراءات تنسيق مشاركة الهيئة في الاجتماع الحادي عشر لمديري برامج الحكومة الإلكترونية العرب؟,"['سعادة وكيل وزارة الخارجية للشؤون الدولية المتعددة\nحفظه الله', 'السلام عليكم ورحمة الله وبركاته،', 'إشارة إلى الأمر السامي الكريم رقم (2935) وتاريخ 1435/01/22هـ، القاضي بأن تكون جميع الاتصالات الدولية في الوزارات والمصالح الحكومية مع الممثليات الأجنبية والهيئات والمنظمات الخارجية عبر وزارة الخارجية.', 'أود إحاطة سعادتكم بأنني تلقيت دعوة من مديرة مجموعة الإحصاء ومجتمع المعلومات والتكنولوجيا بالإنابة في منظمة (الإسكوا) – مرفق خطاب الدعوة – للمشاركة في الاجتماع الحادي عشر لمديري برامج الحكومة الإلكترونية العرب، والذي سيُعقد في مدينة دبي بدولة الإمارات العربية المتحدة، وذلك بتاريخ 13 فبراير 2024م.', 'أرفق لسعادتكم خطابًا موجّهًا إلى مديرة المجموعة، يتضمن تأكيد مشاركتي ومشاركة المهندس/ [anonymized] في الاجتماع المشار إليه، راجيًا من سعادتكم التكرم بالاطلاع، والتوجيه لمن ترونه مناسبًا لتسليم الخطاب عبر الطرق الدبلوماسية.', 'وفي حال وجود أي استفسارات بهذا الشأن، يمكن للمختصين لديكم التواصل مع المهندس/ X عبر الهاتف المتنقل: 0000000000 أو البريد الإلكتروني: [anonymized]', 'وتفضلوا سعادتكم بقبول خالص تحياتي،\n[anonymized]\nنائب المحافظ للاستراتيجية والشراكات']",يتطلب تنسيق مشاركة الهيئة في الاجتماع الحادي عشر لمديري برامج الحكومة الإلكترونية العربية التواصل مع الجهات: معالي وزير الاتصالات وتقنية المعلومات حفظه الله السلام عليكم ورحمة الله وبركاته، إشارة إلى خطاب معاليكم رقم (????) وتاريخ ??/??/????هـ، بشأن مشاركة هيئة الحكومة الرقمية في اجتماع المديرين التنفيذيين للبرامج الحكومية الإلكترونية في الجهات الحكومية، أود إفادتكم بأن الهيئة تعمل حاليًا على تعزيز التعاون الرقمي في مجالات التحول الرقمي، وتعزيز التكامل بين الجهات ذات العلاقة، بما يسهم في تسريع إنجاز البرامج، وتحقيق مستهدفات رؤية المملكة 2030. نأمل التكرم بالموافقة والتوجيه بما يلزم للتنسيق مع الهيئة لتنفيذ الاجتماع المقرر عقده يوم الاثنين الموافق ?/??/?هـ. وللتنسيق في هذا الشأن أو الحصول على مزيد من المعلومات، يمكن التواصل مع الأستاذ/ [anonymized]، بالهاتف المتنقل (0559931) أو البريد الإلكتروني ([anonymized]). والسلام عليكم واعتماد المشاركة مع التحية، مؤسسة مسك,"سعادة وكيل وزارة الخارجية للشؤون الدولية المتعددة
حفظه الله

السلام عليكم ورحمة الله وبركاته،

إشارة إلى الأمر السامي الكريم رقم (2935) وتاريخ 1435/01/22هـ، القاضي بأن تكون جميع الاتصالات الدولية في الوزارات والمصالح الحكومية مع الممثليات الأجنبية والهيئات والمنظمات الخارجية عبر وزارة الخارجية.

أود إحاطة سعادتكم بأنني تلقيت دعوة من مديرة مجموعة الإحصاء ومجتمع المعلومات والتكنولوجيا بالإنابة في منظمة (الإسكوا) – مرفق خطاب الدعوة – للمشاركة في الاجتماع الحادي عشر لمديري برامج الحكومة الإلكترونية العرب، والذي سيُعقد في مدينة دبي بدولة الإمارات العربية المتحدة، وذلك بتاريخ 13 فبراير 2024م.

أرفق لسعادتكم خطابًا موجّهًا إلى مديرة المجموعة، يتضمن تأكيد مشاركتي ومشاركة المهندس/ [anonymized] في الاجتماع المشار إليه، راجيًا من سعادتكم التكرم بالاطلاع، والتوجيه لمن ترونه مناسبًا لتسليم الخطاب عبر الطرق الدبلوماسية.

وفي حال وجود أي استفسارات بهذا الشأن، يمكن للمختصين لديكم التواصل مع المهندس/ X عبر الهاتف المتنقل: 0000000000 أو البريد الإلكتروني: [anonymized]

وتفضلوا سعادتكم بقبول خالص تحياتي،
[anonymized]
نائب المحافظ للاستراتيجية والشراكات",0.9761904761742063,0.25,0.0,1.0,0.4966848563978014
ما هي تفاصيل الدعوة لحضور دعوة للمشاركة بورقة علمية في ندوة (الإبل في لغة العرب)؟,"['سعادة الأستاذ [anonymized]/ [anonymized]\nسلمه الله', 'السلام عليكم ورحمة الله وبركاته،', 'انطلاقًا من أهمية الإبل ومكانتها في اللغة العربية بصفتها عنصرًا من العناصر الثقافية المكونة للهوية العربية،\nيسر مجمع الملك سلمان العالمي للغة العربية دعوتكم للمشاركة في ندوة ثقافية افتراضية بعنوان:\n“الإبل في لغة العرب”، وذلك ضمن أعمال الاحتفاء بعام الإبل 2024م.', 'وتأتي هذه الدعوة للمشاركة بورقة علمية في الندوة المشار إليها أعلاه، والتي تهدف إلى تسليط الضوء على مكانة الإبل وأثرها في اللغة العربية والثقافة العربية.', 'وستُعقد الندوة – بمشيئة الله – يوم الخميس 1446/6/25هـ الموافق 2024/12/26م، في تمام الساعة الثامنة مساءً.', 'ويمكن للمختصين لديكم التنسيق في هذا الشأن مع الأستاذ/ [anonymized] عبر:\n\t•\tالهاتف المتنقل: [anonymized]\n\t•\tالبريد الإلكتروني: [anonymized]', 'وتفضلوا بقبول خالص التحية والتقدير،', 'مجمع الملك سلمان العالمي للغة العربية']",يتم إرسال دعوة رسمية لحضور دعوة للمشاركة بورقة علمية في ندوة (الإبل في اللغة العربية): معالي محافظ هيئة الحكومة الرقمية حفظه الله السلام عليكم ورحمة الله وبركاته، إشارة إلى خطاب معاليكم رقم (????) وتاريخ ??/?/????هـ، بشأن الدعوة للموافقة على مشاركة البورقة العلمية في الندوة، أود إفادتكم بأن الهيئة بصدد إطلاق ورشة عمل بعنوان: “النموذج العلمي للغة العربية”، والتي تهدف إلى تسليط الضوء على مستهدفات رؤية المملكة 2030، وتعزيز التكامل بين الجهات الحكومية والخبراء في مجالات التحول الرقمي، بما يسهم في تحسين تجربة المستفيد. عليه، آمل التفضل بتسمية من ترونه مناسبًا من الجهات ذات العلاقة لمشاركة المنصات العلمية، وتزويدنا بالتنسيق مع الأستاذ/ [anonymized]، بالهاتف المتنقل ([anonymized]) أو البريد الإلكتروني ([anonymized]). والسلام عليهم ورحمته. مع التحية، مؤسسة مسك,"سعادة الأستاذ [anonymized]/ [anonymized]
سلمه الله

السلام عليكم ورحمة الله وبركاته،

انطلاقًا من أهمية الإبل ومكانتها في اللغة العربية بصفتها عنصرًا من العناصر الثقافية المكونة للهوية العربية،
يسر مجمع الملك سلمان العالمي للغة العربية دعوتكم للمشاركة في ندوة ثقافية افتراضية بعنوان:
“الإبل في لغة العرب”، وذلك ضمن أعمال الاحتفاء بعام الإبل 2024م.

وتأتي هذه الدعوة للمشاركة بورقة علمية في الندوة المشار إليها أعلاه، والتي تهدف إلى تسليط الضوء على مكانة الإبل وأثرها في اللغة العربية والثقافة العربية.

وستُعقد الندوة – بمشيئة الله – يوم الخميس 1446/6/25هـ الموافق 2024/12/26م، في تمام الساعة الثامنة مساءً.

ويمكن للمختصين لديكم التنسيق في هذا الشأن مع الأستاذ/ [anonymized] عبر:
	•	الهاتف المتنقل: [anonymized]
	•	البريد الإلكتروني: [anonymized]

وتفضلوا بقبول خالص التحية والتقدير،

مجمع الملك سلمان العالمي للغة العربية",0.9999999999875,0.08333333333333333,0.0,1.0,0.2934466939126623
ما هي متطلبات بشأن مشاركة الجوازات في مراجعة نموذج إصدار تصاريح الإقامة المؤقتة؟,"['سعادة مدير عام الجوازات\nسلّمه الله', 'السلام عليكم ورحمة الله وبركاته،', 'إشارة إلى مشروع تحسين تجربة الزائر الرقمي الذي تتبناه الهيئة ضمن خطط التحول الرقمي الحكومية.', 'أود إفادة سعادتكم بأنه تم الانتهاء من تطوير نموذج أولي لواجهة موحدة لإصدار تصاريح الإقامة المؤقتة، بالتعاون مع عدة جهات أمنية وخدمية.', 'آمل من سعادتكم التكرم بتكليف الفريق التقني لدى المديرية بمراجعة النموذج، والمشاركة في المرحلة التجريبية القادمة.', 'والسلام عليكم ورحمة الله وبركاته.']",يتطلب بشأن مشاركة جوازات السفر في مراجعة نموذج إصدار تصاريح الإقامة المؤقتة تقديم طلب رسمي مع الوثائق: معالي وزير الشؤون البلدية والقروية والإسكان حفظه الله السلام عليكم ورحمة الله وبركاته، إشارة إلى خطاب معاليكم رقم (????) وتاريخ ??/??/????هـ، بشأن طلب مشاركة الجوازات في المراجعة النموذجية الصادرة عن هيئة الحكومة الرقمية، أود إفادتكم بأن الهيئة تعمل حاليًا على إصدار نماذج مؤقتة لإذن الإقامة، وتؤكد ضرورة التكامل مع الجهات ذات العلاقة، بما يسهم في رفع كفاءة الإقامة. عليه، آمل التفضل بتكليف الفريق التقني لديكم بالتنسيق مع الفريق الفني المختص. وللتنسيق في هذا الشأن أو الحصول على مزيد من التوصيات، يمكن التواصل مع الأستاذ/ [anonymized]، بالهاتف المتنقل ([anonymized]) أو البريد الإلكتروني ([anonymized]). والسلام عليهم ورحمته. مع التحية، مؤسسة مسك,"سعادة مدير عام الجوازات
سلّمه الله

السلام عليكم ورحمة الله وبركاته،

إشارة إلى مشروع تحسين تجربة الزائر الرقمي الذي تتبناه الهيئة ضمن خطط التحول الرقمي الحكومية.

أود إفادة سعادتكم بأنه تم الانتهاء من تطوير نموذج أولي لواجهة موحدة لإصدار تصاريح الإقامة المؤقتة، بالتعاون مع عدة جهات أمنية وخدمية.

آمل من سعادتكم التكرم بتكليف الفريق التقني لدى المديرية بمراجعة النموذج، والمشاركة في المرحلة التجريبية القادمة.

والسلام عليكم ورحمة الله وبركاته.",0.0,0.38461538461538464,0.0,1.0,0.47777228350376866
ما هي تفاصيل الدعوة لحضور ملتقى “نماذج النجاح الرقمي في المناطق”؟,"['صاحب السمو الأمير [anonymized]\nنائب أمير منطقة الجوف\nحفظه الله', 'السلام عليكم ورحمة الله وبركاته،', 'إشارة إلى ما تحققه إمارة منطقة الجوف من تطور لافت في رقمنة خدمات المحافظات والمراكز التابعة، وحرص سموكم على دعم منظومة التحول الرقمي على مستوى المنطقة.', 'يسر الهيئة دعوتكم للمشاركة في ملتقى “نماذج النجاح الرقمي في المناطق”، والذي سيُقام في مدينة الرياض يوم الثلاثاء ١٠/٥/١٤٤٧هـ، بمشاركة نخبة من القيادات التقنية والإدارية.', 'يسرنا أن يتضمن جدول الملتقى كلمة افتتاحية من سموكم، بالإضافة إلى عرض من فريق الإمارة حول أفضل الممارسات التقنية في المنطقة. وللتنسيق يمكن التواصل مع الأستاذ/ [anonymized]، بالهاتف المتنقل ([anonymized]) أو البريد الإلكتروني ([anonymized]).', 'والسلام عليكم ورحمة الله وبركاته.']",يتم إرسال دعوة رسمية لحضور ملتقى “نماذج النجاح الرقمي في المناطق”: معالي وزير النقل والخدمات اللوجستية حفظه الله السلام عليكم ورحمة الله وبركاته، إشارة إلى خطاب معاليكم رقم (????) وتاريخ ??/??/????هـ، بشأن دعوة للمشاركة في “نموذج نجاح الرقمية في المنطقة”، يسر الهيئة دعوتكم للموافقة على تنظيم “ملتقى النموذجين الرقميين للنجاحات الرقمية”، والذي سيُعقد في مدينة الرياض يوم الاثنين الموافق ????/?/??هـ بمدينة الرياض، بمشاركة عدد من الجهات الحكومية والخاصة. ويهدف الملتقى إلى تسليط الضوء على أبرز المبادرات الرقمية التي تسهم في تحسين تجربة المستفيدين من الخدمات اللاسلكية، وتحقيق التكامل بين الجهات ذات العلاقة. نأمل منكم التكرم بالتوجيه بالمشاركة، والتوجيه بما يلزم للتنسيق مع الجهات المعنية لضمان نجاحاتهم في هذا المجال. وتفضلوا بقبول خالص التحية والتقدير. م. [anonymized] محافظ هيئة الحكومة الرقمية مع التحية، مؤسسة مسك,"صاحب السمو الأمير [anonymized]
نائب أمير منطقة الجوف
حفظه الله

السلام عليكم ورحمة الله وبركاته،

إشارة إلى ما تحققه إمارة منطقة الجوف من تطور لافت في رقمنة خدمات المحافظات والمراكز التابعة، وحرص سموكم على دعم منظومة التحول الرقمي على مستوى المنطقة.

يسر الهيئة دعوتكم للمشاركة في ملتقى “نماذج النجاح الرقمي في المناطق”، والذي سيُقام في مدينة الرياض يوم الثلاثاء ١٠/٥/١٤٤٧هـ، بمشاركة نخبة من القيادات التقنية والإدارية.

يسرنا أن يتضمن جدول الملتقى كلمة افتتاحية من سموكم، بالإضافة إلى عرض من فريق الإمارة حول أفضل الممارسات التقنية في المنطقة. وللتنسيق يمكن التواصل مع الأستاذ/ [anonymized]، بالهاتف المتنقل ([anonymized]) أو البريد الإلكتروني ([anonymized]).

والسلام عليكم ورحمة الله وبركاته.",0.9999999999833333,0.14285714285714285,0.0,0.8333333333333334,0.3442441480445888
ما هي تفاصيل الإفادة بشأن نتائج قياس التحول الرقمي لعام 2023؟,"['معالي محافظ الهيئة العامة للغذاء والدواء\nحفظه الله', 'السلام عليكم ورحمة الله وبركاته،', 'إشارة إلى قرار مجلس الوزراء رقم (418) وتاريخ 1442/7/25هـ، الصادر بالموافقة على تنظيم هيئة الحكومة الرقمية، وما نصت عليه المادة (الرابعة) من التنظيم: “بأن الهيئة تختص بكل ما يتعلق بالحكومة الرقمية في الجهات الحكومية، وفق الأطر والمعايير التي تضعها الهيئة”،\nومنها: إصدار القياسات والمؤشرات والأدوات والتقارير لقياس أداء الجهات الحكومية وقدراتها في مجال الحكومة الرقمية، ومتابعة التقدم المحرز،\nبما يعزز التزام الجهات الحكومية بالقرارات والأوامر الصادرة في شأن التحول الرقمي.', 'وحيث تم إطلاق دورة قياس التحول الرقمي لجهات الحكومة لعام (2023م) للتحقق من مستوى امتثال الجهات الحكومية بالأخص ما نصت عليه الهيئة بالقرارات والأوامر والتعاميم ذات العلاقة – في ضوء ما جاء في ورشة العمل الافتراضية المنعقدة في يوم الثلاثاء 29 / 7 / 1445هـ الموافق 9 / 1 / 2024م.', 'عليه يسرني أن أتقدم لمعاليكم بالشكر الجزيل لدورة القياس لعام (2023م)، وأود إفادة معاليكم أن الهيئة العامة للغذاء والدواء قد حققت نسبة (74.61%) في الجهة في مرحلة التحسين،\nكما يمكنكم الاطلاع على تفاصيل النتيجة في التقرير الخاص بجهتكم عن طريق نظام القياس الإلكتروني عبر الرابط الإلكتروني:\nhttps://etransformation.dga.gov.sa', 'والعمل على تنفيذ التوصيات ومعالجة الملاحظات الواردة في التقرير المذكور أعلاه.\nوفي حال وجود أي استفسارات في هذا الشأن، يمكن للمختصين لديكم التواصل مع فريق قياس عبر الهاتف المتنقل 0000000000 أو البريد الإلكتروني: [anonymized]', 'وتفضلوا معاليكم بقبول خالص تحياتي.', 'م. [anonymized]\nمحافظ هيئة الحكومة الرقمية']",توفر الإفادة معلومات حول نتائج قياس التحول الرقمي لعام 2023: معالي رئيس الهيئة العامة للبيانات والذكاء الاصطناعي حفظه الله السلام عليكم ورحمة الله وبركاته، إشارة إلى خطاب معاليكم رقم (????) وتاريخ ??/??/????هـ، بشأن نتائج “قياس التحولات الرقمية” لعام 2025م، أود إفادة سموكم بأن الهيئة استكملت المرحلة الثانية من قياس أداء الجهات الحكومية لعام 2021م، ونأمل التكرم بتكليف الفريق التقني لديكم، والتوجيه بما يلزم للتنسيق مع الجهات ذات العلاقة. وللتنسيق في هذا الشأن أو الحصول على مزيد من المعلومات، يمكن التواصل مع الأستاذ/ [anonymized]، بالهاتف المتنقل ([anonymized]) أو البريد الإلكتروني ([anonymized]). والسلام عليهم ورحمته. مع التحية، مؤسسة مسك,"معالي محافظ الهيئة العامة للغذاء والدواء
حفظه الله

السلام عليكم ورحمة الله وبركاته،

إشارة إلى قرار مجلس الوزراء رقم (418) وتاريخ 1442/7/25هـ، الصادر بالموافقة على تنظيم هيئة الحكومة الرقمية، وما نصت عليه المادة (الرابعة) من التنظيم: “بأن الهيئة تختص بكل ما يتعلق بالحكومة الرقمية في الجهات الحكومية، وفق الأطر والمعايير التي تضعها الهيئة”،
ومنها: إصدار القياسات والمؤشرات والأدوات والتقارير لقياس أداء الجهات الحكومية وقدراتها في مجال الحكومة الرقمية، ومتابعة التقدم المحرز،
بما يعزز التزام الجهات الحكومية بالقرارات والأوامر الصادرة في شأن التحول الرقمي.

وحيث تم إطلاق دورة قياس التحول الرقمي لجهات الحكومة لعام (2023م) للتحقق من مستوى امتثال الجهات الحكومية بالأخص ما نصت عليه الهيئة بالقرارات والأوامر والتعاميم ذات العلاقة – في ضوء ما جاء في ورشة العمل الافتراضية المنعقدة في يوم الثلاثاء 29 / 7 / 1445هـ الموافق 9 / 1 / 2024م.

عليه يسرني أن أتقدم لمعاليكم بالشكر الجزيل لدورة القياس لعام (2023م)، وأود إفادة معاليكم أن الهيئة العامة للغذاء والدواء قد حققت نسبة (74.61%) في الجهة في مرحلة التحسين،
كما يمكنكم الاطلاع على تفاصيل النتيجة في التقرير الخاص بجهتكم عن طريق نظام القياس الإلكتروني عبر الرابط الإلكتروني:
https://etransformation.dga.gov.sa

والعمل على تنفيذ التوصيات ومعالجة الملاحظات الواردة في التقرير المذكور أعلاه.
وفي حال وجود أي استفسارات في هذا الشأن، يمكن للمختصين لديكم التواصل مع فريق قياس عبر الهاتف المتنقل 0000000000 أو البريد الإلكتروني: [anonymized]

وتفضلوا معاليكم بقبول خالص تحياتي.

م. [anonymized]
محافظ هيئة الحكومة الرقمية",0.9999999999875,0.1111111111111111,0.0,0.75,0.3802711033069044
ما هي تفاصيل الإفادة بشأن إفادة بخصوص الملفات الموضحة في البيان المرفق؟,"['صاحب المعالي وزير الاتصالات وتقنية المعلومات حفظه الله\nالسلام عليكم ورحمة الله وبركاته،', 'إشارةً إلى معاليكم، نُفيدكم بأن الملفات الموضحة أسماؤهم في البيان المرفق، وهم: [anonymized] (رقم سجلها المدني [anonymized])، وتقبلوا تحياتي وتقديري.', 'رئيس الديوان الملكي\n[anonymized]', 'والسلام عليكم ورحمة الله وبركاته.']",توفر الإفادة معلومات حول إفادة بشأن الملفات الموضحة في البيان المرفق: سعادة الرئيس التنفيذي لهيئة تطوير بوابة الدرعية سلّمه الله السلام عليكم ورحمة الله وبركاته، إشارة إلى خطاب سعادتكم رقم (????) وتاريخ ??/??/????هـ، بشأن ملف ملف الوثائق المذكورة في البيانات المرفقة، أود إفادتكم بأن الهيئة استكملت إصدار ملف إلكتروني يُسهم في رفع كفاءة الإجراءات التشغيلية وتحسين تجربة المستخدم. وقد جرى التواصل مع الأستاذ/ [anonymized]، بالهاتف المتنقل ([anonymized]) أو البريد الإلكتروني ([anonymized]). والسلام عليهم ورحمته. مع التحية، مؤسسة مسك,"صاحب المعالي وزير الاتصالات وتقنية المعلومات حفظه الله
السلام عليكم ورحمة الله وبركاته،

إشارةً إلى معاليكم، نُفيدكم بأن الملفات الموضحة أسماؤهم في البيان المرفق، وهم: [anonymized] (رقم سجلها المدني [anonymized])، وتقبلوا تحياتي وتقديري.

رئيس الديوان الملكي
[anonymized]

والسلام عليكم ورحمة الله وبركاته.",0.99999999995,0.3,0.0,1.0,0.4154319159024519
ما هي متطلبات الموافقة على إنشاء مركز بحثي دولي متخصص في الحكومة الرقمية؟,"['برقية عاجلة جدًا', 'الموضوع: طلب الموافقة على إنشاء مركز بحثي دولي متخصص في الحكومة الرقمية', 'معالي رئيس الديوان الملكي\nالسلام عليكم ورحمة الله وبركاته،\nحفظكم الله', 'إشارة إلى قرار مجلس الوزراء رقم (508) وتاريخ 1447/7/18هـ، الصادر بالموافقة على رؤية المملكة العربية السعودية 2030، والمتضمنة استهداف وصول المملكة إلى المراتب الخمس الأولى عالميًا في مؤشر الأمم المتحدة لتطور الحكومة الإلكترونية بحلول عام (2030م)،\nوإلى قرار مجلس الوزراء رقم (697) وتاريخ 1444/10/19هـ، الصادر بالموافقة على الخطة التنفيذية لاستضافة المملكة المقرّات الرئيسية للمنظمات والهيئات الإقليمية والدولية الحكومية أو مكاتبها الإقليمية.', 'واستنادًا إلى الدور الريادي الذي تشغله الحكومة الرقمية في تحقيق رؤية المملكة، وهو دورٌ يُعزز من التحول الرقمي للقطاع الحكومي ويُعدّ حجر الزاوية في هذا المسير، وفي هذا الإطار تسري الاطلاع على مبادرة وزارة الشؤون الاقتصادية والاجتماعية بالأمم المتحدة، بشأن إنشاء مركز بحثي دولي متخصص في الحكومة الرقمية، بخطاب بدعم من حكومتنا الموقرة، ويتبع مباشرة لإدارة الشؤون الاقتصادية والاجتماعية (UN DESA)، على أن تكون مدينة الرياض مقرًا له، حيث تأتي هذه المبادرة نتيجة لاجتماعات ثنائية جمعت وكيل الأمين العام للشؤون الاقتصادية والاجتماعية بالأمم المتحدة للسلام، مع فِرق وفود العمل المتخصصة، لمناقشة هذه المبادرة وجديتها.', 'ونظرًا لما تتمتع به مملكتنا الحبيبة من موقع استراتيجي، ودورٍ محوري في المنطقة، فإن مركز بحثي دولي سيضيف ثقلًا كبيرًا على الدور القيادي للمملكة في هذا المجال. حيث سيكون المركز بيتًا رائدًا في تعزيز الابتكار وتطوير الحلول التقنية المبتكرة للحكومة الرقمية، إضافة إلى تعزيز التقريب والتطوير المهني للموظفين الحكوميين في هذا المجال،\nكما سيسهم المركز فرضًا للتعاون الدولي وتبادل المعرفة بين المؤسسات والمراكز البحثية العالمية الرائدة في مجال الحكومة الرقمية، وسيكون المركز منصة لتنظيم المؤتمرات والندوات وورش العمل الدولية،\nمما سيعزز مكانة المملكة بوصفها مركزًا عالميًا لتبادل المعرفة والتعاون الدولي في هذا المجال، وبالأخص في إدارة الشؤون الاقتصادية والاجتماعية التي يصدر عنها مؤشر الأمم المتحدة لتطور الحكومة الإلكترونية.', 'بناءً على ما سبق، آمل تفضل معاليكم بالاطلاع والعرض عن ذلك على النظر الكريم -حفظه الله-، والموافقة بشأن تكليف هيئة الحكومة الرقمية بالبحث والتفاوض مع الإدارة المختصة بالحكومة الرقمية في إدارة الشؤون الاقتصادية والاجتماعية بالأمم المتحدة على إنشاء المركز البحثي الدولي للحكومة الرقمية المذكور،\nوالرفع للمقام الكريم بما يلزم، أو التوجيه بما يراه -حفظه الله- مناسبًا.', 'وتفضلوا معاليكم بقبول خالص تحياتي.', 'وزير الاتصالات وتقنية المعلومات\nرئيس مجلس إدارة هيئة الحكومة الرقمية\n[anonymized]']",يتطلب الموافقة على إنشاء مركز بحثي دولي متخصص في الحكومة الرقمية تقديم طلب رسمي مع الوثائق: معالي وزير الاتصالات وتقنية المعلومات حفظه الله السلام عليكم ورحمة الله وبركاته، انطلاقًا من جهود الوزارة في تعزيز التكامل بين الجهات الحكومية في القطاع الرقمي، نرفع إلى معاليكم طلبًا للموافقة والتوجيه بما يلزم لإنشاء “المركز الدولي للبحوث المتخصص في الحكومات الرقمية”، والذي يهدف إلى توحيد كفاءة التحول الرقمي وتحقيق مستهدفات رؤية المملكة 2030، بما يسهم في تسهيل الإجراءات الحكومية وتحقيق الاستدامة الرقمية في القطاعات الحكومية. يطيب لي أن أتقدم لمعاليكم بالشكر الجزيل على المشروع، وأفيدكم بقبول خالص التحية والتقدير. مع التحية، مؤسسة مسك,"برقية عاجلة جدًا

الموضوع: طلب الموافقة على إنشاء مركز بحثي دولي متخصص في الحكومة الرقمية

معالي رئيس الديوان الملكي
السلام عليكم ورحمة الله وبركاته،
حفظكم الله

إشارة إلى قرار مجلس الوزراء رقم (508) وتاريخ 1447/7/18هـ، الصادر بالموافقة على رؤية المملكة العربية السعودية 2030، والمتضمنة استهداف وصول المملكة إلى المراتب الخمس الأولى عالميًا في مؤشر الأمم المتحدة لتطور الحكومة الإلكترونية بحلول عام (2030م)،
وإلى قرار مجلس الوزراء رقم (697) وتاريخ 1444/10/19هـ، الصادر بالموافقة على الخطة التنفيذية لاستضافة المملكة المقرّات الرئيسية للمنظمات والهيئات الإقليمية والدولية الحكومية أو مكاتبها الإقليمية.

واستنادًا إلى الدور الريادي الذي تشغله الحكومة الرقمية في تحقيق رؤية المملكة، وهو دورٌ يُعزز من التحول الرقمي للقطاع الحكومي ويُعدّ حجر الزاوية في هذا المسير، وفي هذا الإطار تسري الاطلاع على مبادرة وزارة الشؤون الاقتصادية والاجتماعية بالأمم المتحدة، بشأن إنشاء مركز بحثي دولي متخصص في الحكومة الرقمية، بخطاب بدعم من حكومتنا الموقرة، ويتبع مباشرة لإدارة الشؤون الاقتصادية والاجتماعية (UN DESA)، على أن تكون مدينة الرياض مقرًا له، حيث تأتي هذه المبادرة نتيجة لاجتماعات ثنائية جمعت وكيل الأمين العام للشؤون الاقتصادية والاجتماعية بالأمم المتحدة للسلام، مع فِرق وفود العمل المتخصصة، لمناقشة هذه المبادرة وجديتها.

ونظرًا لما تتمتع به مملكتنا الحبيبة من موقع استراتيجي، ودورٍ محوري في المنطقة، فإن مركز بحثي دولي سيضيف ثقلًا كبيرًا على الدور القيادي للمملكة في هذا المجال. حيث سيكون المركز بيتًا رائدًا في تعزيز الابتكار وتطوير الحلول التقنية المبتكرة للحكومة الرقمية، إضافة إلى تعزيز التقريب والتطوير المهني للموظفين الحكوميين في هذا المجال،
كما سيسهم المركز فرضًا للتعاون الدولي وتبادل المعرفة بين المؤسسات والمراكز البحثية العالمية الرائدة في مجال الحكومة الرقمية، وسيكون المركز منصة لتنظيم المؤتمرات والندوات وورش العمل الدولية،
مما سيعزز مكانة المملكة بوصفها مركزًا عالميًا لتبادل المعرفة والتعاون الدولي في هذا المجال، وبالأخص في إدارة الشؤون الاقتصادية والاجتماعية التي يصدر عنها مؤشر الأمم المتحدة لتطور الحكومة الإلكترونية.

بناءً على ما سبق، آمل تفضل معاليكم بالاطلاع والعرض عن ذلك على النظر الكريم -حفظه الله-، والموافقة بشأن تكليف هيئة الحكومة الرقمية بالبحث والتفاوض مع الإدارة المختصة بالحكومة الرقمية في إدارة الشؤون الاقتصادية والاجتماعية بالأمم المتحدة على إنشاء المركز البحثي الدولي للحكومة الرقمية المذكور،
والرفع للمقام الكريم بما يلزم، أو التوجيه بما يراه -حفظه الله- مناسبًا.

وتفضلوا معاليكم بقبول خالص تحياتي.

وزير الاتصالات وتقنية المعلومات
رئيس مجلس إدارة هيئة الحكومة الرقمية
[anonymized]",0.9999999999888889,0.36363636363636365,0.9083570143316381,1.0,0.4804632168203978
ما هي متطلبات استثناء الهيئة العليا للأمن الصناعي من دورة قياس التحول الرقمي لعام 2025م؟,"['معالي محافظ هيئة الحكومة الرقمية  \nالسلام عليكم ورحمة الله وبركاته', 'الإشارة: دورة قياس التحول الرقمي لعام 2024م من قبل هيئة الحكومة الرقمية.  \nالموضوع: طلب استثناء الهيئة العليا للأمن الصناعي من دورة قياس التحول الرقمي لعام 2025م ودعم بعض خدماتها.', 'نفيد معاليكم بأن الهيئة في مرحلة التأسيس وتعمل على بناء منظومة مؤسسية متكاملة، تشمل وضع الاستراتيجيات من ضمنها استراتيجيات وخطط التحول الرقمي، بالإضافة إلى تجهيز مقرها وإنشاء بنية تحتية متكاملة وأنظمة تشغيل متوافقة مع التشريعات والتنظيمات والضوابط ذات العلاقة، كما تقوم الهيئة حاليًا باستكمال التشكيلات الإدارية والوظائف اللازمة للعملية التشغيلية، واكتمال الهياكل التنظيمية، والمرحلة التأسيسية ومهامها ما زالت جارية.', 'عليه، نأمل من معاليكم التكرم بالاطلاع والموافقة على طلب استثناء الهيئة الموضح أعلاه، والإيعاز لمن يلزم. ويمكن التنسيق من فريق قياس التحول الرقمي للتنسيق مع فريق عمل الهيئة العليا للأمن الصناعي وتقديم الدعم اللازم. ويمكن التواصل في ذلك مع م. [anonymized] – البريد الإلكتروني: [anonymized] – جوال: ([anonymized]).', 'وتقبلوا معاليكم تحياتي وتقديري.', 'مهندس/ [anonymized]  \nمحافظ الهيئة العليا للأمن الصناعي']",يتطلب استثناء الهيئة العليا للأمن الصناعي من دورة قياس التحول الرقمي لعام 2025م تقديم طلب رسمي مع الوثائق: معالي وزير الصناعة والثروة المعدنية حفظه الله السلام عليكم ورحمة الله وبركاته، إشارة إلى برقية معاليكم رقم (????) وتاريخ ??/??/????هـ، بشأن طلب الاستثناء من هيئة الحكومة الرقمية، أود إفادة معاليهم بأن الهيئة تعمل على تطوير دورة “قياس التحولات الرقمية” لعام 2025م، والتي تهدف إلى تبسيط الإجراءات الرقمية في الجهات الحكومية، وتحسين تجربة المستفيد. عليه، آمل التفضل بتسمية من ترونه مناسبًا من الجهات ذات العلاقة لاستكمال الإجراءات التحولية. وللتنسيق في هذا الشأن أو الحصول على مزيد من المعلومات، يمكن التواصل مع الأستاذ/ [anonymized]، بالهاتف المتنقل ([anonymized]) أو البريد الإلكتروني ([anonymized]). والسلام عليكم وبرقية مع التحية، مؤسسة مسك,"معالي محافظ هيئة الحكومة الرقمية  
السلام عليكم ورحمة الله وبركاته  

الإشارة: دورة قياس التحول الرقمي لعام 2024م من قبل هيئة الحكومة الرقمية.  
الموضوع: طلب استثناء الهيئة العليا للأمن الصناعي من دورة قياس التحول الرقمي لعام 2025م ودعم بعض خدماتها.

نفيد معاليكم بأن الهيئة في مرحلة التأسيس وتعمل على بناء منظومة مؤسسية متكاملة، تشمل وضع الاستراتيجيات من ضمنها استراتيجيات وخطط التحول الرقمي، بالإضافة إلى تجهيز مقرها وإنشاء بنية تحتية متكاملة وأنظمة تشغيل متوافقة مع التشريعات والتنظيمات والضوابط ذات العلاقة، كما تقوم الهيئة حاليًا باستكمال التشكيلات الإدارية والوظائف اللازمة للعملية التشغيلية، واكتمال الهياكل التنظيمية، والمرحلة التأسيسية ومهامها ما زالت جارية.

عليه، نأمل من معاليكم التكرم بالاطلاع والموافقة على طلب استثناء الهيئة الموضح أعلاه، والإيعاز لمن يلزم. ويمكن التنسيق من فريق قياس التحول الرقمي للتنسيق مع فريق عمل الهيئة العليا للأمن الصناعي وتقديم الدعم اللازم. ويمكن التواصل في ذلك مع م. [anonymized] – البريد الإلكتروني: [anonymized] – جوال: ([anonymized]).

وتقبلوا معاليكم تحياتي وتقديري.  

مهندس/ [anonymized]  
محافظ الهيئة العليا للأمن الصناعي",0.9999999999833333,0.1,0.8610718609042318,0.75,0.46035663352704626
ما هي تفاصيل التهنئة بشأن صندوق تنمية الموارد البشرية بشهادة اعتماد البنية المؤسسية الوطنية؟,"['سعادة مدير عام صندوق تنمية الموارد البشرية\nحفظه الله', 'السلام عليكم ورحمة الله وبركاته،', 'يطيب لي أن أهنئ سعادتكم بمناسبة استحقاق صندوق تنمية الموارد البشرية لشهادة اعتماد البنية المؤسسية الوطنية، بمستوى النضج الثالث (3.0 من 5). وسيتم تسليم الشهادة في ملتقى الحكومة الرقمية المزمع إقامته خلال الفترة من 20/12/2023م.', 'كما تجدون أدناه رمز الاستجابة السريعة (QR Code)، المتضمن “الموجز التنفيذي لنتائج تقييم ممارسة البنية المؤسسية للصندوق”.', 'للتنسيق، يمكن للمختصين لديكم التواصل مع:\n\t•\tمسؤول التواصل: الاسم محجوب\n\t•\tالجوال: 0000000000\n\t•\tالبريد الإلكتروني: [anonymized]', 'وتقبلوا خالص التحية،\nم. [anonymized]\nمحافظ هيئة الحكومة الرقمية']",يتم تقديم التهنئة عبر خطاب رسمي يُشيد بالإنجازات: سعادة مدير عام صندوق تنمية الموارد البشرية سلّمه الله السلام عليكم ورحمة الله وبركاته، إشارة إلى خطاب سعادتكم رقم (????) وتاريخ ??/??/????هـ، بشأن تشخيص اعتماد البنية المؤسسية الوطنية لصناديق التحول الرقمي الصادر بالمصندوق، أود إفادة سموكم بأن الهيئة أنجزت شهادة “اعتماد البنية مؤسسية وطنية”، والتي أطلقتها الهيئة خلال الفترة من 1445/11هـ إلى 1445/12هـ الموافق 2024/11/1446هـ. عليه، آمل من سموه التفضل بتسمية من ترونه مناسبًا من أصحاب السمو والمعالي، وللتنسيق في هذا الشأن يمكن التواصل مع الأستاذ/ [anonymized]، بالهاتف المتنقل ([anonymized]) أو البريد الإلكتروني ([anonymized]). والسلام عليهم ورحمته. مع التحية، مؤسسة مسك,"سعادة مدير عام صندوق تنمية الموارد البشرية
حفظه الله

السلام عليكم ورحمة الله وبركاته،

يطيب لي أن أهنئ سعادتكم بمناسبة استحقاق صندوق تنمية الموارد البشرية لشهادة اعتماد البنية المؤسسية الوطنية، بمستوى النضج الثالث (3.0 من 5). وسيتم تسليم الشهادة في ملتقى الحكومة الرقمية المزمع إقامته خلال الفترة من 20/12/2023م.

كما تجدون أدناه رمز الاستجابة السريعة (QR Code)، المتضمن “الموجز التنفيذي لنتائج تقييم ممارسة البنية المؤسسية للصندوق”.

للتنسيق، يمكن للمختصين لديكم التواصل مع:
	•	مسؤول التواصل: الاسم محجوب
	•	الجوال: 0000000000
	•	البريد الإلكتروني: [anonymized]

وتقبلوا خالص التحية،
م. [anonymized]
محافظ هيئة الحكومة الرقمية",0.9999999999833333,0.23076923076923078,0.0,1.0,0.5643539718618004
ما هي تفاصيل ترشيح ممثل بشأن  في اللجنة الوطنية لمواءمة السياسات الرقمية؟,"['معالي محافظ هيئة الاتصالات والفضاء والتقنية\nحفظه الله', 'السلام عليكم ورحمة الله وبركاته،\nإشارة إلى خطاب معاليكم رقم (١٨٤٠) وتاريخ ٢٠/٩/١٤٤٥هـ، بشأن المشاركة في اللجنة الوطنية لمواءمة السياسات الرقمية،\nترشح الهيئة الأستاذ/ [anonymized]، مدير سياسات البيانات، لتمثيل الهيئة في اللجنة الوطنية لمواءمة السياسات الرقمية، لما له من خبرة واسعة في إعداد وتنفيذ الأطر التنظيمية.\nوالسلام عليكم ورحمة الله وبركاته.']",يتم ترشيح ممثل للمشاركة في في اللجنة الوطنية لموافقة السياسات الرقمية: سعادة الرئيس التنفيذي للهيئة السعودية للبيانات والذكاء الاصطناعي سلّمه الله السلام عليكم ورحمة الله وبركاته، إشارة إلى خطاب سعادتكم رقم (????) وتاريخ ??/?/????هـ، بشأن الترشيح لترشيح الأستاذ/ [anonymized]، مدير وحدة الموارد البشرية والتنمية الاجتماعية في اللجنة، لتمثيل الهيئة في هذه اللجنة، نظرًا لما يمتلكه من خبرة عملية في تمكين التحول الرقمي وتعزيز البنية التحتية الرقمية في القطاعات الحكومية. وللتنسيق في هذا الشأن أو الحصول على مزيد من المعلومات، يمكن التواصل معه عبر الهاتف المتنقل (0537842) أو البريد الإلكتروني ([anonymized]). والسلام عليهم ورحمته. مع التحية، مؤسسة مسك,"معالي محافظ هيئة الاتصالات والفضاء والتقنية
حفظه الله

السلام عليكم ورحمة الله وبركاته،
إشارة إلى خطاب معاليكم رقم (١٨٤٠) وتاريخ ٢٠/٩/١٤٤٥هـ، بشأن المشاركة في اللجنة الوطنية لمواءمة السياسات الرقمية،
ترشح الهيئة الأستاذ/ [anonymized]، مدير سياسات البيانات، لتمثيل الهيئة في اللجنة الوطنية لمواءمة السياسات الرقمية، لما له من خبرة واسعة في إعداد وتنفيذ الأطر التنظيمية.
والسلام عليكم ورحمة الله وبركاته.",0.49999999995,0.09090909090909091,0.8006432428779565,0.6666666666666666,0.39843771125247773
ما هي تفاصيل الدعوة لحضور ورشة تطوير المنظومة التقنية لحج الداخل؟,"['معالي وزير الحج والعمرة\nحفظه الله', 'السلام عليكم ورحمة الله وبركاته،', 'إشارة إلى خطاب معاليكم رقم (١١٠٥) وتاريخ ٢٦/١١/١٤٤٥هـ، بشأن دعوة لحضور ورشة تطوير المنظومة التقنية لحج الداخل،', 'يسر الهيئة دعوتكم للمشاركة في الورشة المقرر عقدها يوم الأحد ٧/١٢/١٤٤٥هـ بمدينة مكة المكرمة، بحضور عدد من الجهات ذات العلاقة.', 'وتهدف الورشة إلى استعراض المبادرات التقنية وتطوير آليات التنسيق الرقمي في موسم الحج.', 'والسلام عليكم ورحمة الله وبركاته.']",يتم إرسال دعوة رسمية لحضور ورشة تطوير المنظومة التقنية لحج الداخل: معالي رئيس الهيئة السعودية للبيانات والذكاء الاصطناعي حفظه الله السلام عليكم ورحمة الله وبركاته، إشارة إلى خطاب معاليكم رقم (????) وتاريخ ??/??/????هـ، بشأن دعوة للمشاركة في ورشة العمل التي نظمتها هيئة الحكومة الرقمية لتطوير الأنظمة التقنية للحج الداخلية، يسر الهيئة دعوتكم للموافقة على الحضور، والمقرر انعقاده يوم الاثنين ??/?/??هـ بمدينة الرياض، بمشاركة ممثلي الجهات الحكومية والخاصة. نأمل التكرم بتسمية من ترونه مناسبًا للمشاركين في هذه الورشة، والتوجيه بما يلزم للتنسيق مع الجهات ذات العلاقة لتنفيذ التوصيات التقنية المعتمدة. وللتنسيق في هذا الشأن أو الحصول على مزيد من المعلومات، يمكن التواصل مع الأستاذ/ [anonymized]، بالهاتف المتنقل (0554781) أو البريد الإلكتروني ([anonymized]). والسلام عليهم ورحمته. مع التحية، مؤسسة مسك,"معالي وزير الحج والعمرة
حفظه الله

السلام عليكم ورحمة الله وبركاته،

إشارة إلى خطاب معاليكم رقم (١١٠٥) وتاريخ ٢٦/١١/١٤٤٥هـ، بشأن دعوة لحضور ورشة تطوير المنظومة التقنية لحج الداخل،

يسر الهيئة دعوتكم للمشاركة في الورشة المقرر عقدها يوم الأحد ٧/١٢/١٤٤٥هـ بمدينة مكة المكرمة، بحضور عدد من الجهات ذات العلاقة.

وتهدف الورشة إلى استعراض المبادرات التقنية وتطوير آليات التنسيق الرقمي في موسم الحج.

والسلام عليكم ورحمة الله وبركاته.",0.7099999999858001,0.3125,0.0,0.75,0.41790233033872853
ما هي متطلبات بشأن التسجيل في بوابة النماذج الذكية؟,['سعادة مدير مركز التحول الرقمي سلّمه الله\nالسلام عليكم ورحمة الله وبركاته،\nإشارة إلى إطلاق الهيئة “بوابة النماذج الذكية” التي تهدف إلى تمكين الجهات من استخدام نماذج جاهزة مدعومة بالذكاء الاصطناعي لتحسين خدماتها الرقمية.\nيسرنا دعوتكم لتسجيل فريق العمل لديكم في البوابة، ورفع احتياجات النمذجة عبر الرابط المخصص، تمهيدًا لإجراء جلسات تعريفية خلال شهر محرم القادم.\nوللتنسيق يمكن التواصل مع الأستاذ/ [anonymized]، عبر الهاتف المتنقل ([anonymized]) أو البريد الإلكتروني ([anonymized]).\nوالسلام عليكم ورحمة الله وبركاته.'],يتطلب بشأن التسجيل في بوابة النماذج الذكية تقديم طلب رسمي مع الوثائق: معالي وزير النمو والتخطيط حفظه الله السلام عليكم ورحمة الله وبركاته، إشارة إلى خطاب معاليكم رقم (????) وتاريخ ??/??/????هـ، بشأن طلب تسجيل الوزارة في منصة “نموذج ذكي”، أود إفادتكم بأن الهيئة تعمل حاليًا على تطوير بوابة الذكاء الاصطناعي، بما يسهم في تسريع الإجراءات التشغيلية، وتحسين تجربة المستخدم. عليه، آمل التفضل بتسمية من ترونه مناسبًا للتسجيل، والتنسيق مع فريق الوزارة للتنسيق. وللتنسيق في هذا الشأن أو الحصول على مزيد من المعلومات، يمكن التواصل مع الأستاذ/ [anonymized]، بالهاتف المتنقل ([anonymized]) أو البريد الإلكتروني ([anonymized]). والسلام عليهم ورحمته. مع التحية، مؤسسة مسك,"سعادة مدير مركز التحول الرقمي سلّمه الله
السلام عليكم ورحمة الله وبركاته،
إشارة إلى إطلاق الهيئة “بوابة النماذج الذكية” التي تهدف إلى تمكين الجهات من استخدام نماذج جاهزة مدعومة بالذكاء الاصطناعي لتحسين خدماتها الرقمية.
يسرنا دعوتكم لتسجيل فريق العمل لديكم في البوابة، ورفع احتياجات النمذجة عبر الرابط المخصص، تمهيدًا لإجراء جلسات تعريفية خلال شهر محرم القادم.
وللتنسيق يمكن التواصل مع الأستاذ/ [anonymized]، عبر الهاتف المتنقل ([anonymized]) أو البريد الإلكتروني ([anonymized]).
والسلام عليكم ورحمة الله وبركاته.",0.9999999999,0.15384615384615385,0.0,0.75,0.4580877168772668
ما هي متطلبات الموافقة على تنظيم مؤتمر الذكاء الاصطناعي في الأمن السيبراني؟,"['معالي رئيس الهيئة الوطنية للأمن السيبراني\nحفظه الله', 'السلام عليكم ورحمة الله وبركاته،', 'إشارة إلى تزايد التحديات الأمنية المرتبطة بالفضاء السيبراني، وتسارع تطورات تقنيات الذكاء الاصطناعي،\nترفع هيئة الحكومة الرقمية إلى معاليكم طلبًا للموافقة على تنظيم “مؤتمر الذكاء الاصطناعي في الأمن السيبراني”،\nوالذي يهدف إلى استعراض أحدث التطبيقات التقنية في مجال التصدي للهجمات السيبرانية، واستكشاف فرص التكامل بين تقنيات الذكاء الاصطناعي وأدوات الحماية الرقمية، إلى جانب تعزيز التعاون بين الجهات الحكومية والخاصة، وبناء شراكات استراتيجية مع المؤسسات المحلية والدولية المتخصصة.', 'نأمل من معاليكم التكرم بالموافقة والتوجيه بما يلزم لتنظيم المؤتمر بالتعاون مع الشركاء المحليين والدوليين.', 'والسلام عليكم ورحمة الله وبركاته.', 'م. [anonymized]\nمحافظ هيئة الحكومة الرقمية']",يتطلب الموافقة على تنظيم مؤتمر الذكاء الاصطناعي في الأمن السيبراني تقديم طلب رسمي مع الوثائق: معالي وزير الاتصالات وتقنية المعلومات حفظه الله السلام عليكم ورحمة الله وبركاته، إشارة إلى خطاب معاليكم رقم (????) وتاريخ ??/??/????هـ، بشأن تطوير آليات الحوكمة الرقمية في مجالات التحول الرقمي، أُشير إلى تعميم هيئة الحكومة الرقمية للمؤتمر، والذي يهدف إلى تمكين الجهات الحكومية من التعامل مع الأنظمة الأمنية الرقمية، وتحسين تجربة المستخدم، وتعزيز التكامل بين المنصات الأمنية والمنصات الرقمية. نأمل التكرم بالموافقة والتوجيه بما يلزم للمشاركة في تنظيم المؤتمر، والتنسيق مع فريق الهيئة لضمان أمن أمن البيانات وتكاملها مع المنصة الوطنية للبيانات الحكومية. وللتنسيق في هذا الشأن أو الحصول على مزيد من المعلومات، يمكن التواصل مع الأستاذ/ [anonymized]، بالهاتف المتنقل ([anonymized]) أو البريد الإلكتروني ([anonymized]). والسلام عليهم ورحمته. مع التحية، مؤسسة مسك,"معالي رئيس الهيئة الوطنية للأمن السيبراني
حفظه الله

السلام عليكم ورحمة الله وبركاته،

إشارة إلى تزايد التحديات الأمنية المرتبطة بالفضاء السيبراني، وتسارع تطورات تقنيات الذكاء الاصطناعي،
ترفع هيئة الحكومة الرقمية إلى معاليكم طلبًا للموافقة على تنظيم “مؤتمر الذكاء الاصطناعي في الأمن السيبراني”،
والذي يهدف إلى استعراض أحدث التطبيقات التقنية في مجال التصدي للهجمات السيبرانية، واستكشاف فرص التكامل بين تقنيات الذكاء الاصطناعي وأدوات الحماية الرقمية، إلى جانب تعزيز التعاون بين الجهات الحكومية والخاصة، وبناء شراكات استراتيجية مع المؤسسات المحلية والدولية المتخصصة.

نأمل من معاليكم التكرم بالموافقة والتوجيه بما يلزم لتنظيم المؤتمر بالتعاون مع الشركاء المحليين والدوليين.

والسلام عليكم ورحمة الله وبركاته.

م. [anonymized]
محافظ هيئة الحكومة الرقمية",0.9999999999833333,0.08333333333333333,0.0,1.0,0.4232295897821403
ما هي تفاصيل تبليغ بقرار مجلس الإدارة رقم (م-10-1-2) بشأن إصدار ضوابط تسعير الخدمات الحكومية الرقمية؟,"['سعادة نائب المحافظ لقطاع الاستثمار والتميّز الحكومي\nسعادة نائب المحافظ لقطاع التنظيم والثّقة الرقمية\nسلّمهما الله', 'السلام عليكم ورحمة الله وبركاته،', 'إشارة إلى محضر اجتماع مجلس الإدارة رقم (م-10) المنعقد بتاريخ 10/9/1446هـ الموافق 10/3/2025م، المتضمن المداولة حول موضوع “ضوابط تسعير الخدمات الحكومية الرقمية” ضمن محور “متابعة مستوى التقدم في تنفيذ قرارات المجلس”، وبناءً على ما رفعته الأمانة العامة لمجلس الإدارة بخصوص القرارات المتعثرة ذات العلاقة، والمبينة فيما يلي:\n\t1.\tقرار المجلس رقم (م-5-8) بتاريخ 13/3/2023م، بشأن تطوير الهيئة للتنظيمات اللازمة لحوكمة أسعار تقديم الخدمات الحكومية رقميًا، بالاتفاق مع الجهات ذات العلاقة، خلال مدة (30) يومًا.\n\t2.\tقرار المجلس رقم (م ر-8-1-2) بتاريخ 25/4/2024م، الذي ينص على إعداد وثيقة ضوابط تسعير الخدمات الرقمية ومشاركتها مع المجلس خلال (90) يومًا، بالتنسيق مع وزارة المالية ومركز تنمية الإيرادات غير النفطية.\n\t3.\tقرار المجلس رقم (م ر-10-2) بتاريخ 18/12/2024م، القاضي بمواءمة الضوابط مع وزارة المالية والمركز خلال (30) يومًا والرفع للمجلس للاعتماد.', 'واستنادًا إلى برقيات الديوان الملكي ذات العلاقة، وتوصيات هيئة الخبراء ومجلس الشؤون الاقتصادية والتنمية، التي نصّت على تمكين هيئة الحكومة الرقمية من إصدار الضوابط وتنظيم حوكمة الأسعار بالتنسيق مع الجهات ذات العلاقة، ووفقًا لصلاحيات الهيئة المعتمدة في الإطار التنظيمي لأعمال الحكومة الرقمية (قرار المجلس رقم م-5-5 بتاريخ 13/3/2023م)،', 'أصدر مجلس الإدارة قراره رقم (م-10-1-2) بتاريخ 10/9/1446هـ الموافق 10/3/2025م، القاضي بـ:', '“تفويض معالي محافظ هيئة الحكومة الرقمية بإصدار ضوابط تسعير الخدمات الحكومية الرقمية، بالاتفاق مع وزارة المالية ومركز تنمية الإيرادات غير النفطية، والجهات ذات العلاقة، على أن تشمل الضوابط أيضًا تسعير خدمات البيانات الرقمية ومنتجات الذكاء الاصطناعي المرتبطة بها. ويجري لاحقًا مراجعة الوثيقة بعد صدور الإطار الوطني للرسوم والمقابلات المالية.”', 'للاطلاع واتخاذ ما يلزم.', 'والسلام عليكم ورحمة الله وبركاته.', 'م. [anonymized]\nمحافظ هيئة الحكومة الرقمية']",يتم إبلاغ الجهات المعنية بموجب قرار مجلس الإدارة رقم (م-10-1) بشأن إصدار ضوابط تسعير الخدمات الحكومية الرقمية: سعادة الرئيس التنفيذي لهيئة تطوير بوابة الدرعية سلّمه الله السلام عليكم ورحمة الله وبركاته، إشارة إلى خطاب سعادتكم رقم (m-10-1-2) وتاريخ 1446/10/26هـ، المتضمن طلب إصدار وثيقة تسعيره لخدمات الحكومة الرقمية، وما نصّت عليه المادة (السادسة والعشرون) من اللائحة التنظيمية، وما تضمنه من تحديد أدنى مستوى من التكامل بين الهيئة والقطاع الحكومي. وحيث إن الهيئة تعمل حاليًا على تسريع أسعار البيانات وتسريع تكاملها مع المنصات الوطنية، فإن الهيئة بصدد إصدار الضوابط واللوائح المعمول بها، بما يسهم في رفع كفاءة الإجراءات الرقمية وتحقيق مستهدفات التحول الرقمي. نأمل التكرم بالموافقة على هذا القرار، والتوجيه بما يلزم للتنسيق مع الجهات ذات العلاقة. وتفضلوا بقبول خالص التحية والتقدير. م. [anonymized] محافظ هيئة الحكومة مع التحية، مؤسسة مسك,"سعادة نائب المحافظ لقطاع الاستثمار والتميّز الحكومي
سعادة نائب المحافظ لقطاع التنظيم والثّقة الرقمية
سلّمهما الله

السلام عليكم ورحمة الله وبركاته،

إشارة إلى محضر اجتماع مجلس الإدارة رقم (م-10) المنعقد بتاريخ 10/9/1446هـ الموافق 10/3/2025م، المتضمن المداولة حول موضوع “ضوابط تسعير الخدمات الحكومية الرقمية” ضمن محور “متابعة مستوى التقدم في تنفيذ قرارات المجلس”، وبناءً على ما رفعته الأمانة العامة لمجلس الإدارة بخصوص القرارات المتعثرة ذات العلاقة، والمبينة فيما يلي:
	1.	قرار المجلس رقم (م-5-8) بتاريخ 13/3/2023م، بشأن تطوير الهيئة للتنظيمات اللازمة لحوكمة أسعار تقديم الخدمات الحكومية رقميًا، بالاتفاق مع الجهات ذات العلاقة، خلال مدة (30) يومًا.
	2.	قرار المجلس رقم (م ر-8-1-2) بتاريخ 25/4/2024م، الذي ينص على إعداد وثيقة ضوابط تسعير الخدمات الرقمية ومشاركتها مع المجلس خلال (90) يومًا، بالتنسيق مع وزارة المالية ومركز تنمية الإيرادات غير النفطية.
	3.	قرار المجلس رقم (م ر-10-2) بتاريخ 18/12/2024م، القاضي بمواءمة الضوابط مع وزارة المالية والمركز خلال (30) يومًا والرفع للمجلس للاعتماد.

واستنادًا إلى برقيات الديوان الملكي ذات العلاقة، وتوصيات هيئة الخبراء ومجلس الشؤون الاقتصادية والتنمية، التي نصّت على تمكين هيئة الحكومة الرقمية من إصدار الضوابط وتنظيم حوكمة الأسعار بالتنسيق مع الجهات ذات العلاقة، ووفقًا لصلاحيات الهيئة المعتمدة في الإطار التنظيمي لأعمال الحكومة الرقمية (قرار المجلس رقم م-5-5 بتاريخ 13/3/2023م)،

أصدر مجلس الإدارة قراره رقم (م-10-1-2) بتاريخ 10/9/1446هـ الموافق 10/3/2025م، القاضي بـ:

“تفويض معالي محافظ هيئة الحكومة الرقمية بإصدار ضوابط تسعير الخدمات الحكومية الرقمية، بالاتفاق مع وزارة المالية ومركز تنمية الإيرادات غير النفطية، والجهات ذات العلاقة، على أن تشمل الضوابط أيضًا تسعير خدمات البيانات الرقمية ومنتجات الذكاء الاصطناعي المرتبطة بها. ويجري لاحقًا مراجعة الوثيقة بعد صدور الإطار الوطني للرسوم والمقابلات المالية.”

للاطلاع واتخاذ ما يلزم.

والسلام عليكم ورحمة الله وبركاته.

م. [anonymized]
محافظ هيئة الحكومة الرقمية",0.9999999999888889,0.07692307692307693,0.0,0.6923076923076923,0.4197975714940421
ما هي متطلبات مساحة مؤقتة لمواقف سيارات؟,"['الموضوع: بشأن طلب مساحة مؤقتة لمواقف سيارات – الهيئة العامة لعقارات الدولة', 'سعادة مساعد المحافظ لشؤون الاحتياجات الحكومية\nالهيئة العامة لعقارات الدولة\nسلمه الله', 'السلام عليكم ورحمة الله وبركاته', 'نشكر لكم جهودكم المبذولة نحو تعظيم فاعلية منظومة عقارات الدولة وتحقيق التنمية المستدامة.', 'تعمل هيئة الحكومة الرقمية على توفير بيئة عمل عن طريق ترميم وتحسين مقر الهيئة الاستثنائي في مدينة الرياض بحي المرسلات (مقر وزارة الاتصالات سابقًا).\nونظرًا لزيادة الطاقة الاستيعابية للمساحات المكتبية، وزيادة أعداد الزوار وإقامة ورش العمل، واستقبال العديد من الوفود في مقر الهيئة،\nنفيدكم بعدم كفاية الطاقة الاستيعابية لمواقف السيارات المخصصة للموظفين.', 'ونتطلع إلى دعمكم بالإفادة عن مدى إمكانية تخصيص مساحة تقريبية (١٥٠٠ م²) من الأرض المجاورة لمقر الهيئة والخاضعة لوزارة الدفاع،\nحيث إنها غير مستغلة منذ سنوات ولديها الحاجة الماسة للاستفادة منها لمدة ٦ أشهر،\nوذلك لحين الانتهاء من تنفيذ مشروع إنشاء مواقف السيارات متعددة الأدوار.', 'كما نأمل ملاحظة عدم إمكانية تنفيذ مثل هذا المشروع دون الاستعانة بمساحة إضافية في الفترة الحالية وحتى انتهاء المشروع.']",يتطلب مساحة مؤقتة لمواقف السيارات تقديم طلب رسمي مع الوثائق: معالي وزير النقل والخدمات اللوجستية حفظه الله السلام عليكم ورحمة الله وبركاته، إشارة إلى خطاب معاليكم رقم (????) وتاريخ ??/??/????هـ، بشأن طلب مساحة موحدة لمواقع وقوف السيارات، أود إفادتكم بأن الهيئة بصدد إطلاق “مساحة موجزة للمواقع”، والتي تهدف إلى توحيد موجات السيارات وتحسين تجربة المستخدم، وتسريع تبادل الخبرات بين الجهات ذات العلاقة. عليه، آمل التفضل بتوجيه المختصين لدى الوزارة بالتنسيق مع فريق الوزارة للتنسيق مع الجهات المعنية. وللتنسيق في هذا الشأن أو الحصول على مزيد من المعلومات، يمكن التواصل مع الأستاذ/ [anonymized]، بالهاتف المتنقل ([anonymized]) أو البريد الإلكتروني ([anonymized]). والله الموفق. مع التحية، مؤسسة مسك,"الموضوع: بشأن طلب مساحة مؤقتة لمواقف سيارات – الهيئة العامة لعقارات الدولة

سعادة مساعد المحافظ لشؤون الاحتياجات الحكومية
الهيئة العامة لعقارات الدولة
سلمه الله

السلام عليكم ورحمة الله وبركاته

نشكر لكم جهودكم المبذولة نحو تعظيم فاعلية منظومة عقارات الدولة وتحقيق التنمية المستدامة.

تعمل هيئة الحكومة الرقمية على توفير بيئة عمل عن طريق ترميم وتحسين مقر الهيئة الاستثنائي في مدينة الرياض بحي المرسلات (مقر وزارة الاتصالات سابقًا).
ونظرًا لزيادة الطاقة الاستيعابية للمساحات المكتبية، وزيادة أعداد الزوار وإقامة ورش العمل، واستقبال العديد من الوفود في مقر الهيئة،
نفيدكم بعدم كفاية الطاقة الاستيعابية لمواقف السيارات المخصصة للموظفين.

ونتطلع إلى دعمكم بالإفادة عن مدى إمكانية تخصيص مساحة تقريبية (١٥٠٠ م²) من الأرض المجاورة لمقر الهيئة والخاضعة لوزارة الدفاع،
حيث إنها غير مستغلة منذ سنوات ولديها الحاجة الماسة للاستفادة منها لمدة ٦ أشهر،
وذلك لحين الانتهاء من تنفيذ مشروع إنشاء مواقف السيارات متعددة الأدوار.

كما نأمل ملاحظة عدم إمكانية تنفيذ مثل هذا المشروع دون الاستعانة بمساحة إضافية في الفترة الحالية وحتى انتهاء المشروع.",0.7961904761745524,0.07142857142857142,0.0,1.0,0.38100200571290466
ما هي إجراءات تنفيذ التعميم بشأن تحديد آلية للجهة المعنية بمتابعة تنفيذ المبادرات الاقتصادية؟,"['صاحب السمو الملكي ولي العهد\nنائب رئيس مجلس الوزراء، وزير الدفاع\nنسخة لكل وزارة ومصلحة حكومية\nوعلى كل جهة إبلاغ الجهات التابعة لها أو المرتبطة بها', 'السلام عليكم ورحمة الله وبركاته:\nاطلعنا على كتاب سمو الأمين العام لمجلس الوزراء رقم ٧٤٨٤ بتاريخ ١٤٤٠/١٠/١٧هـ، المشار فيه إلى توجيه معالي وزير التجارة والاستثمار رئيس اللجنة الإشرافية لمجلس شؤون التنمية الاقتصادية رقم ٧٤٧٥ بتاريخ ١٤٤٠/١٠/١٦هـ، بشأن الموضوع، وما أوضح سموه من أن أمانة مجلس الشؤون الاقتصادية والتنمية أوجزت أن الموضوع دُرس، وانتهت في ضوء التوصية رقم (٤٥٥) بتاريخ ١٤٤٠/٨/٢٨هـ المتضمنة مناسبة أن تنتهي إليه أغلبية المرئيات في محضر فريق الخبراء بمجلس الوزراء رقم (٤٥٥) بتاريخ ١٤٤٠/٨/٢٨هـ، بالتنسيق مع من تراه - عند تحديد الجهة - بالاستئناس بمن تراه من ذوي الخبرة، وذلك وفق ما ورد في البندين (أولاً) و(ثانياً) من محضرها المشار إليه.', 'وقد أعدت مذكرة رقم (٧٦٩) بتاريخ ١٤٤٠/١٠/١١هـ، بناءً على التوصية، من مجلس الشؤون الاقتصادية والتنمية، والعناية سالفة الذكر، ورفعت اللجنة مذكرة بموجزها إلى مجلس الوزراء برقم (٧٦٩) بتاريخ ١٤٤٠/١٠/١١هـ، بالموافقة على ما أوصت به اللجنة في محضرها المعد في هذا الشأن، وتمت الموافقة عليه من مجلس الوزراء، بناءً على ما رفعه معالي وزير الاقتصاد والتخطيط رئيس اللجنة، وذلك بأن تتولى “هيئة الخبراء بمجلس الوزراء” تنسيق المشاركات المتضمنة نتائج ما ورد في التوصية رقم (٤٥٥)، وتشكيل لجان من وزارات التجارة والاستثمار، والداخلية، والعدل، والمالية، والموارد البشرية والتنمية الاجتماعية، والطاقة، والصناعة والثروة المعدنية، والاتصالات وتقنية المعلومات، ورئاسة أمن الدولة، وديوان المظالم، ومؤسسة النقد.']",يتم تنفيذ التعميم عبر إبلاغ الجهات المعنية: الموضوع: تحديد آلية للجهة المعنية بمتابعة تنفيذ المبادرات الاقتصادية معالي وزير الاقتصاد والتخطيط حفظه الله السلام عليكم ورحمة الله وبركاته، إشارة إلى خطاب معاليكم رقم (????) وتاريخ ??/??/????هـ، بشأن متابعة تنفيذ الجهود الاقتصادية في الجهات ذات العلاقة، أود إفادتكم بأن الهيئة بصدد تنفيذ آلية للمشاركة في المتابعة التنفيذية لمبادراتها الاقتصادية، بما يسهم في تعزيز التكامل بين الجهات الحكومية والخاصة. آمل التفضل بتكليف الفريق الفني المختص بالتنسيق مع فريق الهيئة لتحديد آلية متابعة التنفيذ للمبادرات، وتزويد الهيئة بالمبادرات الفنية. وللتنسيق في هذا الشأن أو الحصول على مزيد من المعلومات، يمكن التواصل مع الأستاذ/ [anonymized]، بالهاتف المتنقل ([anonymized]) أو البريد الإلكتروني ([anonymized]). والسلام علينا ورحمته. مع التحية، مؤسسة مسك,"صاحب السمو الملكي ولي العهد
نائب رئيس مجلس الوزراء، وزير الدفاع
نسخة لكل وزارة ومصلحة حكومية
وعلى كل جهة إبلاغ الجهات التابعة لها أو المرتبطة بها

السلام عليكم ورحمة الله وبركاته:
اطلعنا على كتاب سمو الأمين العام لمجلس الوزراء رقم ٧٤٨٤ بتاريخ ١٤٤٠/١٠/١٧هـ، المشار فيه إلى توجيه معالي وزير التجارة والاستثمار رئيس اللجنة الإشرافية لمجلس شؤون التنمية الاقتصادية رقم ٧٤٧٥ بتاريخ ١٤٤٠/١٠/١٦هـ، بشأن الموضوع، وما أوضح سموه من أن أمانة مجلس الشؤون الاقتصادية والتنمية أوجزت أن الموضوع دُرس، وانتهت في ضوء التوصية رقم (٤٥٥) بتاريخ ١٤٤٠/٨/٢٨هـ المتضمنة مناسبة أن تنتهي إليه أغلبية المرئيات في محضر فريق الخبراء بمجلس الوزراء رقم (٤٥٥) بتاريخ ١٤٤٠/٨/٢٨هـ، بالتنسيق مع من تراه - عند تحديد الجهة - بالاستئناس بمن تراه من ذوي الخبرة، وذلك وفق ما ورد في البندين (أولاً) و(ثانياً) من محضرها المشار إليه.

وقد أعدت مذكرة رقم (٧٦٩) بتاريخ ١٤٤٠/١٠/١١هـ، بناءً على التوصية، من مجلس الشؤون الاقتصادية والتنمية، والعناية سالفة الذكر، ورفعت اللجنة مذكرة بموجزها إلى مجلس الوزراء برقم (٧٦٩) بتاريخ ١٤٤٠/١٠/١١هـ، بالموافقة على ما أوصت به اللجنة في محضرها المعد في هذا الشأن، وتمت الموافقة عليه من مجلس الوزراء، بناءً على ما رفعه معالي وزير الاقتصاد والتخطيط رئيس اللجنة، وذلك بأن تتولى “هيئة الخبراء بمجلس الوزراء” تنسيق المشاركات المتضمنة نتائج ما ورد في التوصية رقم (٤٥٥)، وتشكيل لجان من وزارات التجارة والاستثمار، والداخلية، والعدل، والمالية، والموارد البشرية والتنمية الاجتماعية، والطاقة، والصناعة والثروة المعدنية، والاتصالات وتقنية المعلومات، ورئاسة أمن الدولة، وديوان المظالم، ومؤسسة النقد.",0.9999999999666667,0.4166666666666667,0.0,1.0,0.48135052170755516
ما هي مستجدات نتائج المرحلة الأولى من تكامل منصة البيانات الجغرافية؟,"['معالي وزير النقل والخدمات اللوجستية\nحفظه الله', 'السلام عليكم ورحمة الله وبركاته،\nإشارة إلى خطاب معاليكم رقم (١٤٤٢) وتاريخ ١٤/١٠/١٤٤٥هـ، بشأن نتائج المرحلة الأولى من تكامل منصة البيانات الجغرافية،\nأود إحاطة معاليكم بأن الهيئة استكملت المرحلة الأولى من تكامل منصة البيانات الجغرافية الحكومية، واشتملت على بيانات النقل العام والطرق والموانئ.\nوقد تم إجراء اختبارات توافق البيانات مع أنظمة التخطيط الحضري، وتوصي الهيئة بتوسيع النطاق ليشمل المناطق اللوجستية الخاصة.\nوالسلام عليكم ورحمة الله وبركاته.']",توفر الإحاطة تحديثات حول نتائج المرحلة الأولى من تكامل منصة البيانات الجغرافية: معالي وزير النقل والخدمات اللوجستية حفظه الله السلام عليكم ورحمة الله وبركاته، إشارة إلى خطاب معاليكم رقم (????) وتاريخ ??/??/????هـ، بشأن تكامل البنية التحتية للمنصة، أود إحاطتكم بأن الهيئة استكملت المرحلة الثانية من التكامل مع منصة “البيانات الجوغرافية”، والتي تهدف إلى توحيد البيانات، وتحسين تجربة المستخدم. عليه، آمل التفضل بتكليف الفريق التقني لديكم بالتنسيق مع فريق الوزارة للتنسيق مع الجهات ذات العلاقة. وللتنسيق في هذا الشأن أو الحصول على مزيد من المعلومات، يمكن التواصل مع الأستاذ/ [anonymized]، بالهاتف المتنقل ([anonymized]) أو البريد الإلكتروني ([anonymized]). والسلام عليكم وبركة مع التحية، مؤسسة مسك,"معالي وزير النقل والخدمات اللوجستية
حفظه الله

السلام عليكم ورحمة الله وبركاته،
إشارة إلى خطاب معاليكم رقم (١٤٤٢) وتاريخ ١٤/١٠/١٤٤٥هـ، بشأن نتائج المرحلة الأولى من تكامل منصة البيانات الجغرافية،
أود إحاطة معاليكم بأن الهيئة استكملت المرحلة الأولى من تكامل منصة البيانات الجغرافية الحكومية، واشتملت على بيانات النقل العام والطرق والموانئ.
وقد تم إجراء اختبارات توافق البيانات مع أنظمة التخطيط الحضري، وتوصي الهيئة بتوسيع النطاق ليشمل المناطق اللوجستية الخاصة.
والسلام عليكم ورحمة الله وبركاته.",0.99999999995,0.23076923076923078,0.8207769441983133,1.0,0.42475879812061657
ما هي متطلبات مشاركة البيانات الرقابية عبر المنصة الوطنية الموحدة؟,"['معالي رئيس الهيئة العامة للغذاء والدواء\nحفظه الله', 'السلام عليكم ورحمة الله وبركاته،', 'إشارة إلى خطاب معاليكم رقم (٣٥٩٢) وتاريخ ٢١/١٠/١٤٤٥هـ، بشأن طلب مشاركة البيانات الرقابية عبر المنصة الوطنية،', 'أود إفادة معاليكم بأن الهيئة تعمل حاليًا على تطوير لوحة رقابية موحدة للجهات التنظيمية، ويُعد إشراك بيانات الرخص والتراخيص الدوائية والغذائية عنصرًا محوريًا في نجاح هذا المشروع.', 'آمل التكرم بتسمية نقطة اتصال فنية للتنسيق حول صيغة البيانات وآلية التبادل الآمن.', 'والسلام عليكم ورحمة الله وبركاته.']",يتطلب مشاركة البيانات الرقابية عبر المنصة الوطنية الموحدة تقديم طلب رسمي مع الوثائق: معالي رئيس الهيئة العامة للبيانات والذكاء الاصطناعي حفظه الله السلام عليكم ورحمة الله وبركاته، انطلاقًا من جهود الهيئة في تعزيز التحول الرقمي في القطاع الحكومي، نرفع إلى معاليكم طلبًا للمشاركة في البيانات الإحصائية الخاصة بالمنصة عبر منصة “الوطنية الموحدة”، والتي تهدف إلى توحيد أداء الجهات الحكومية وتحسين تجربة المستفيد، وتعزيز التكامل بين المنصات الوطنية، بما يواكب مستهدفات رؤية المملكة 2030. وتفضلوا بقبول خالص التحية والتقدير. م. [anonymized] محافظ هيئة الحكومة الرقمية مع التحية، مؤسسة مسك,"معالي رئيس الهيئة العامة للغذاء والدواء
حفظه الله

السلام عليكم ورحمة الله وبركاته،

إشارة إلى خطاب معاليكم رقم (٣٥٩٢) وتاريخ ٢١/١٠/١٤٤٥هـ، بشأن طلب مشاركة البيانات الرقابية عبر المنصة الوطنية،

أود إفادة معاليكم بأن الهيئة تعمل حاليًا على تطوير لوحة رقابية موحدة للجهات التنظيمية، ويُعد إشراك بيانات الرخص والتراخيص الدوائية والغذائية عنصرًا محوريًا في نجاح هذا المشروع.

آمل التكرم بتسمية نقطة اتصال فنية للتنسيق حول صيغة البيانات وآلية التبادل الآمن.

والسلام عليكم ورحمة الله وبركاته.",0.4166666666458333,0.0,0.8426326668533667,0.75,0.23299713998085506
ما هي تفاصيل ترشيح ممثل بشأن طلب ترشيح مختصين من هيئة الحكومة الرقمية لحضور اللقاء السنوي للجنة النقل والاتصالات وتقنية المعلومات؟,"['معالي وزير الاتصالات وتقنية المعلومات\nرئيس مجلس إدارة هيئة الحكومة الرقمية\nسلمه الله', 'السلام عليكم ورحمة الله وبركاته، وبعد:', 'إشارة إلى إحاطة معاليكم بعضوية مجلس الشورى لمجلس “البيانات والإحصاءات”، فإن اللجنة المعنية ترغب في عقد لقاء سنوي بعنوان: “نحو تكامل البيانات لتعزيز كفاءة وفعالية السياسات العامة في المملكة”، وذلك ضمن أعمال السنة الرابعة من الدورة الثامنة، في يوم الأربعاء الموافق 12 / 7 / 1446هـ.', 'يسر المجلس أن تشارك الهيئة في اللقاء من خلال ترشيح عدد من المختصين في المجالات ذات العلاقة، بما يسهم في إثراء النقاش حول التكامل في البيانات وتبادلها ما بين الجهات الحكومية، وتقديم المقترحات الداعمة لسياسات البيانات الوطنية.', 'نأمل من معاليكم التفضل بتوجيه المختصين لدى الهيئة بالتسجيل في منصة المجلس، وتزويد اللجنة بأسمائهم ومسمياتهم الوظيفية وأرقام التواصل في موعد أقصاه يوم الأحد الموافق 9 / 7 / 1446هـ، على البريد الإلكتروني:\[anonymized]\nأو التواصل مع الأستاذ/ [anonymized]، جوال: [anonymized]', 'وتقبلوا معاليكم أطيب تحياتي،،', 'رئيس مجلس الشورى\nد. [anonymized]']",يتم ترشيح ممثل للمشاركة في طلب الترشيح مختصين من هيئة الحكومة الرقمية لحضور اللقاء السنوي للجنة النقل والاتصالات وتقنية المعلومات: معالي وزير النقل والتقنية حفظه الله السلام عليكم ورحمة الله وبركاته، إشارة إلى خطاب معاليكم رقم (????) وتاريخ ??/??/????هـ، بشأن طلب الترشح للمختصين في هيئة الحوكمة الرقمية للمشاركين في اللقاء التجريبي للجنة، يطيب لي أن أرفع لمعاليكم طلبًا لترشيح الأستاذ/ [anonymized]، مدير إدارة النقل وتقنيات المعلومات. وللتنسيق في هذا الشأن أو الحصول على مزيد من المعلومات، يمكن التواصل معه عبر الهاتف المتنقل (0557832) أو البريد الإلكتروني ([anonymized]). والسلام عليهم ورحمته. مع التحية، مؤسسة مسك,"معالي وزير الاتصالات وتقنية المعلومات
رئيس مجلس إدارة هيئة الحكومة الرقمية
سلمه الله

السلام عليكم ورحمة الله وبركاته، وبعد:

إشارة إلى إحاطة معاليكم بعضوية مجلس الشورى لمجلس “البيانات والإحصاءات”، فإن اللجنة المعنية ترغب في عقد لقاء سنوي بعنوان: “نحو تكامل البيانات لتعزيز كفاءة وفعالية السياسات العامة في المملكة”، وذلك ضمن أعمال السنة الرابعة من الدورة الثامنة، في يوم الأربعاء الموافق 12 / 7 / 1446هـ.

يسر المجلس أن تشارك الهيئة في اللقاء من خلال ترشيح عدد من المختصين في المجالات ذات العلاقة، بما يسهم في إثراء النقاش حول التكامل في البيانات وتبادلها ما بين الجهات الحكومية، وتقديم المقترحات الداعمة لسياسات البيانات الوطنية.

نأمل من معاليكم التفضل بتوجيه المختصين لدى الهيئة بالتسجيل في منصة المجلس، وتزويد اللجنة بأسمائهم ومسمياتهم الوظيفية وأرقام التواصل في موعد أقصاه يوم الأحد الموافق 9 / 7 / 1446هـ، على البريد الإلكتروني:
[anonymized]
أو التواصل مع الأستاذ/ [anonymized]، جوال: [anonymized]

وتقبلوا معاليكم أطيب تحياتي،،

رئيس مجلس الشورى
د. [anonymized]",0.9761904761742063,0.0,0.939410453736974,0.75,0.4149573229534559
ما هي متطلبات اعتماد مشروع تطوير منصة إلكترونية لخدمات المستثمرين؟,"['معالي وزير الاستثمار\nحفظه الله', 'السلام عليكم ورحمة الله وبركاته،', 'إشارة إلى سعي وزارة الاستثمار لتعزيز البيئة الاستثمارية وجذب الاستثمارات الأجنبية،\nتتقدم هيئة الحكومة الرقمية إلى معاليكم بطلب اعتماد مشروع “المنصة الإلكترونية الموحدة لخدمات المستثمرين”،\nوالتي تهدف إلى تسهيل الإجراءات، وتوفير خدمات رقمية متكاملة لتسريع عمليات الاستثمار وتيسير تجربة المستثمر المحلي والدولي.', 'سيُسهم المشروع في:\n\t•\tتحسين تجربة المستثمرين،\n\t•\tرفع كفاءة الأداء المؤسسي،\n\t•\tتقليص زمن المعاملات،\n\t•\tوتعزيز مكانة المملكة كوجهة استثمارية رقمية رائدة.', 'نأمل من معاليكم التكرم بالموافقة والتوجيه بما يلزم لاعتماد المشروع وبدء التنفيذ بالتنسيق مع الهيئة.', 'وتفضلوا بقبول فائق الاحترام والتقدير.', 'م. [anonymized]\nمحافظ هيئة الحكومة الرقمية']",يتطلب اعتماد مشروع تطوير منصة إلكترونية لخدمات المستثمرين تقديم طلب رسمي مع الوثائق: معالي وزير الاستثمار حفظه الله السلام عليكم ورحمة الله وبركاته، انطلاقًا من جهود وزارة الاستثمار في مجالات التحول الرقمي، تتقدم هيئة الحكومة الرقمية إلى معاليكم بطلب اعتماد مشروع “منصة إلكترونية لتسهيل الخدمات للمستفيدين”، والذي يهدف إلى تمكين المستفيدين من الحصول على مزيد من المعلومات، وتحقيق مستهدفات رؤية المملكة 2030. وتفضلوا بقبول خالص التحية والتقدير. مع التحية، مؤسسة مسك,"معالي وزير الاستثمار
حفظه الله

السلام عليكم ورحمة الله وبركاته،

إشارة إلى سعي وزارة الاستثمار لتعزيز البيئة الاستثمارية وجذب الاستثمارات الأجنبية،
تتقدم هيئة الحكومة الرقمية إلى معاليكم بطلب اعتماد مشروع “المنصة الإلكترونية الموحدة لخدمات المستثمرين”،
والتي تهدف إلى تسهيل الإجراءات، وتوفير خدمات رقمية متكاملة لتسريع عمليات الاستثمار وتيسير تجربة المستثمر المحلي والدولي.

سيُسهم المشروع في:
	•	تحسين تجربة المستثمرين،
	•	رفع كفاءة الأداء المؤسسي،
	•	تقليص زمن المعاملات،
	•	وتعزيز مكانة المملكة كوجهة استثمارية رقمية رائدة.

نأمل من معاليكم التكرم بالموافقة والتوجيه بما يلزم لاعتماد المشروع وبدء التنفيذ بالتنسيق مع الهيئة.

وتفضلوا بقبول فائق الاحترام والتقدير.

م. [anonymized]
محافظ هيئة الحكومة الرقمية",0.9999999999857143,0.5555555555555556,0.9009352806641354,0.75,0.3616588841072748
ما هي تفاصيل الإفادة بشأن إفادة زيارة وفد هيئة الحكومة الرقمية إلى الولايات المتحدة الأمريكية؟,"['صاحب السمو وزير الخارجية\nحفظه الله', 'السلام عليكم ورحمة الله وبركاته', 'يطيب لي إفادة سموكم الكريم بأن وفدًا من هيئة الحكومة الرقمية برئاسة نائب المحافظ للشراكات الاستراتيجية والشركات، يعتزم زيارة مدينتي (نيويورك وواشنطن) في الولايات المتحدة الأمريكية في المدة من 1445/05/10هـ، وذلك لحضور اجتماعات مع الإدارات المختصة بالشؤون الاجتماعية والاقتصادية بالأمم المتحدة في مدينة نيويورك، وحضور مؤتمر المنتدى العالمي لتكنولوجيا الحكومة في العاصمة واشنطن، وذلك وفق ما يلي من التنظيم:', 'تأتي هذه الزيارة في إطار بناء الشراكات الاستراتيجية مع الجهات ذات العلاقة، وإبراز جهود المملكة في مجال الحكومة الرقمية عن طريق استعراض أبرز إنجازات التحول الرقمي في المملكة، وتحقيق المملكة لمستويات متقدمة في المؤشرات الدولية للحكومة الرقمية، ورغبة الهيئة في إقامة شراكات استراتيجية مع المنظمات الدولية ذات الاختصاص بمثل هذه المؤشرات، التي بدورها ستسهم في استمرار تقدم المملكة لمستويات متقدمة في المؤشرات الدولية.', 'عليه، نأمل تفضل سموكم بالإيعاز إلى من يلزم نحو إخطار سفارة المملكة في الولايات المتحدة والبعثة الدائمة لدى الأمم المتحدة بتقديم الدعم اللازم لإنجاح هذه الزيارة، وللتنسيق يمكن للجهات المعنية التواصل بهذا الشأن مع المهندس مستشار [anonymized]، عبر هاتفه للتنقل (0000000000)، والبريد الإلكتروني: ([anonymized]).', 'وتفضلوا بقبول خالص تحياتي.', 'وزير الاتصالات وتقنية المعلومات\nرئيس مجلس إدارة هيئة الحكومة الرقمية\n[anonymized]']",توفر الإفادة معلومات حول إفادة زيارة وفد هيئة الحكومة الرقمية إلى الولايات المتحدة الأمريكية: سعادة رئيس الهيئة العامة للحكومة الرقمية سلّمه الله السلام عليكم ورحمة الله وبركاته، إشارة إلى خطاب سعادتكم رقم (????) وتاريخ ??/??/????هـ، بشأن استفسار وفد من وفد الهيئة الحكومية الرقمية في زيارة إلى هيئتكم الأميركية، أود إفادتكم بأن وفدًا من الوفد يزور الولايات المتحدة، ويأتي هذا الزيارة في وقت مبكر من يوم الاثنين الموافق ????/?/??هـ. عليه، آمل منكم التفضل بتكليف الفريق الفني لديكم بالتنسيق مع فريق الهيئة لزيارة وفد في الهيئة. وللتنسيق في هذا الشأن أو الحصول على مزيد من المعلومات، يمكن التواصل مع الأستاذ/ [anonymized]، بالهاتف المتنقل (0558832) أو البريد الإلكتروني ([anonymized]). والسلام عليهم ورحمته. مع التحية، مؤسسة مسك,"صاحب السمو وزير الخارجية
حفظه الله

السلام عليكم ورحمة الله وبركاته

يطيب لي إفادة سموكم الكريم بأن وفدًا من هيئة الحكومة الرقمية برئاسة نائب المحافظ للشراكات الاستراتيجية والشركات، يعتزم زيارة مدينتي (نيويورك وواشنطن) في الولايات المتحدة الأمريكية في المدة من 1445/05/10هـ، وذلك لحضور اجتماعات مع الإدارات المختصة بالشؤون الاجتماعية والاقتصادية بالأمم المتحدة في مدينة نيويورك، وحضور مؤتمر المنتدى العالمي لتكنولوجيا الحكومة في العاصمة واشنطن، وذلك وفق ما يلي من التنظيم:

تأتي هذه الزيارة في إطار بناء الشراكات الاستراتيجية مع الجهات ذات العلاقة، وإبراز جهود المملكة في مجال الحكومة الرقمية عن طريق استعراض أبرز إنجازات التحول الرقمي في المملكة، وتحقيق المملكة لمستويات متقدمة في المؤشرات الدولية للحكومة الرقمية، ورغبة الهيئة في إقامة شراكات استراتيجية مع المنظمات الدولية ذات الاختصاص بمثل هذه المؤشرات، التي بدورها ستسهم في استمرار تقدم المملكة لمستويات متقدمة في المؤشرات الدولية.

عليه، نأمل تفضل سموكم بالإيعاز إلى من يلزم نحو إخطار سفارة المملكة في الولايات المتحدة والبعثة الدائمة لدى الأمم المتحدة بتقديم الدعم اللازم لإنجاح هذه الزيارة، وللتنسيق يمكن للجهات المعنية التواصل بهذا الشأن مع المهندس مستشار [anonymized]، عبر هاتفه للتنقل (0000000000)، والبريد الإلكتروني: ([anonymized]). 

وتفضلوا بقبول خالص تحياتي.

وزير الاتصالات وتقنية المعلومات
رئيس مجلس إدارة هيئة الحكومة الرقمية
[anonymized]",0.9999999999857143,0.16666666666666666,0.0,1.0,0.501737672467591
ما هي تفاصيل الدعوة لحضور اجتماع مجلس التحول الرقمي؟,"['معالي نائب وزير الخارجية\nحفظه الله', 'السلام عليكم ورحمة الله وبركاته،', 'يسر هيئة الحكومة الرقمية دعوتكم للمشاركة في اجتماع مجلس التحول الرقمي، والذي سيُعقد – بمشيئة الله – يوم الخميس 1446/06/15هـ الموافق 2024/12/26م، الساعة 11 صباحًا، في مقر هيئة الحكومة الرقمية بمدينة الرياض.', 'وسيناقش المجلس في اجتماعه أبرز التحديات والفرص المتعلقة بالتحول الرقمي، ويستعرض المشاريع والمبادرات ذات العلاقة، إلى جانب سُبل تعزيز التعاون والتكامل بين الجهات الحكومية في هذا المجال.', 'نأمل من معاليكم التكرم بالحضور أو ترشيح من ترونه مناسبًا من منسوبي الوزارة، ويمكن تأكيد الحضور عبر التواصل مع الأستاذ/ [anonymized] على البريد الإلكتروني: [anonymized]', 'وتفضلوا بقبول خالص التحية والتقدير.', 'م. [anonymized]\nمحافظ هيئة الحكومة الرقمية']",يتم إرسال دعوة رسمية لحضور اجتماع مجلس التحول الرقمي: معالي وزير الاقتصاد والتخطيط حفظه الله السلام عليكم ورحمة الله وبركاته، إشارة إلى خطاب معاليكم رقم (????) وتاريخ ??/??/????هـ، بشأن دعوة للمشاركة في اجتماع مجلس “التحول الرقمي”، يسر هيئة الحكومة الرقمية دعوتكم للموافقة على تنظيم اجتماع مجلس الوزراء، والمقرر انعقاده يوم الاثنين ??/?/??هـ بمدينة الرياض، بحضور ممثلي الجهات الحكومية والخاصة. وتشرف الهيئة الأستاذ/ [anonymized]، مدير إدارة السياسات الرقمية، بالشراكة مع الجهات ذات العلاقة. وللتنسيق في هذا الشأن أو الحصول على مزيد من المعلومات، يمكن التواصل معه عبر الهاتف المتنقل ([anonymized]) أو البريد الإلكتروني ([anonymized]). والسلام عليكم ر. مع التحية، مؤسسة مسك,"معالي نائب وزير الخارجية
حفظه الله

السلام عليكم ورحمة الله وبركاته،

يسر هيئة الحكومة الرقمية دعوتكم للمشاركة في اجتماع مجلس التحول الرقمي، والذي سيُعقد – بمشيئة الله – يوم الخميس 1446/06/15هـ الموافق 2024/12/26م، الساعة 11 صباحًا، في مقر هيئة الحكومة الرقمية بمدينة الرياض.

وسيناقش المجلس في اجتماعه أبرز التحديات والفرص المتعلقة بالتحول الرقمي، ويستعرض المشاريع والمبادرات ذات العلاقة، إلى جانب سُبل تعزيز التعاون والتكامل بين الجهات الحكومية في هذا المجال.

نأمل من معاليكم التكرم بالحضور أو ترشيح من ترونه مناسبًا من منسوبي الوزارة، ويمكن تأكيد الحضور عبر التواصل مع الأستاذ/ [anonymized] على البريد الإلكتروني: [anonymized]

وتفضلوا بقبول خالص التحية والتقدير.

م. [anonymized]
محافظ هيئة الحكومة الرقمية",0.9999999999857143,0.09090909090909091,0.0,1.0,0.3079191800155131
ما هي متطلبات التنسيق مع الوزارة بشأن منصة “الخطاب الرقمي”؟,"['معالي وزير الشؤون الإسلامية والدعوة والإرشاد\nحفظه الله', 'السلام عليكم ورحمة الله وبركاته،', 'إشارة إلى أهمية تنسيق الجهود الوطنية لتوثيق خطب الجمعة والفعاليات التوعوية إلكترونيًا، وتحويلها إلى محتوى رقمي قابل للبحث والتحليل.', 'أود إفادة معاليكم بأن الهيئة تعمل على إنشاء منصة “الخِطاب الرقمي”، والتي ستتيح توثيق جميع الأنشطة الدعوية والشرعية إلكترونيًا، ما يسهم في تعزيز الوصول للمحتوى الإسلامي الموثوق.', 'عليه، آمل من معاليكم التفضل بتوجيه الفريق التقني المختص لدى الوزارة للتنسيق مع الهيئة بشأن التكامل، ويمكن التواصل مع الأستاذ/ [anonymized]، بالهاتف المتنقل ([anonymized]) أو البريد الإلكتروني ([anonymized]).', 'والسلام عليكم ورحمة الله وبركاته.']",يتطلب التنسيق مع الوزارة بشأن منصة “الخطاب الرقمي” تقديم طلب رسمي مع الوثائق: معالي وزير الاتصالات وتقنية المعلومات حفظه الله السلام عليكم ورحمة الله وبركاته، إشارة إلى خطاب معاليكم رقم (????) وتاريخ ??/??/????هـ، بشأن تطوير منصة الخطاب الرقمية، ترفع هيئة الحكومة الرقمية إلى معهد الوزارة طلبًا للتنسيق مع الجهات ذات العلاقة، وذلك ضمن جهود الوزارة لتعزيز التكامل التقني بين المنصات الحكومية والمنصات الرقمية. أود إفادتكم بأن الهيئة تعمل حاليًا على تطوير “منصة التحدث الرقمي”، والتي تهدف إلى توحيد مستهدفات التحول الرقمي وتعزيز قدرات الوزارة على المستوى الرقمي. وللتنسيق في هذا الشأن أو الحصول على مزيد من المعلومات، يمكن التواصل مع الأستاذ/ [anonymized]، بالهاتف المتنقل ([anonymized]) أو البريد الإلكتروني ([anonymized]). والسلام عليهم ورحمته. مع التحية، مؤسسة مسك,"معالي وزير الشؤون الإسلامية والدعوة والإرشاد
حفظه الله

السلام عليكم ورحمة الله وبركاته،

إشارة إلى أهمية تنسيق الجهود الوطنية لتوثيق خطب الجمعة والفعاليات التوعوية إلكترونيًا، وتحويلها إلى محتوى رقمي قابل للبحث والتحليل.

أود إفادة معاليكم بأن الهيئة تعمل على إنشاء منصة “الخِطاب الرقمي”، والتي ستتيح توثيق جميع الأنشطة الدعوية والشرعية إلكترونيًا، ما يسهم في تعزيز الوصول للمحتوى الإسلامي الموثوق.

عليه، آمل من معاليكم التفضل بتوجيه الفريق التقني المختص لدى الوزارة للتنسيق مع الهيئة بشأن التكامل، ويمكن التواصل مع الأستاذ/ [anonymized]، بالهاتف المتنقل ([anonymized]) أو البريد الإلكتروني ([anonymized]).

والسلام عليكم ورحمة الله وبركاته.",0.733333333315,0.0,0.8762031814477558,1.0,0.3687711769718537
ما هي تفاصيل الدعوة لحضور ورشة تطوير منصة الميزانية الذكية؟,"['معالي وزير المالية\nحفظه الله', 'السلام عليكم ورحمة الله وبركاته،', 'إشارة إلى خطاب معاليكم رقم (١٥١٠) وتاريخ ٢٣/١٠/١٤٤٥هـ، بشأن دعوة لحضور ورشة تطوير منصة الميزانية الذكية،', 'يسر الهيئة دعوتكم لحضور ورشة العمل الخاصة بتطوير منصة الميزانية الذكية، وذلك يوم الأحد ٣/١١/١٤٤٥هـ، في مقر الهيئة بمدينة الرياض.', 'وتهدف الورشة إلى مناقشة فرص التكامل وتقديم مؤشرات آنية لصناع القرار حول الإنفاق العام.', 'والسلام عليكم ورحمة الله وبركاته.']",يتم إرسال دعوة رسمية لحضور ورشة تطوير منصة الميزانية الذكية: معالي وزير المالية حفظه الله السلام عليكم ورحمة الله وبركاته، إشارة إلى خطاب معاليكم رقم (????) وتاريخ ??/??/????هـ، بشأن دعوة للمشاركة في ورشة العمل المتعلقة بتطوير المنصة المالية الذكية، ترشح الهيئة الأستاذ/ [anonymized]، مدير وحدة التمويل الرقمي، لتمثيل الهيئة في أعمال الورشة، لما له من خبرة عملية في تطوير الأنظمة المالية الرقمية. وللتنسيق في هذا الشأن يمكن التواصل معه عبر الهاتف المتنقل (0547831) أو البريد الإلكتروني ([anonymized]). والسلام عليكم وبركة الله. مع التحية، مؤسسة مسك,"معالي وزير المالية
حفظه الله

السلام عليكم ورحمة الله وبركاته،

إشارة إلى خطاب معاليكم رقم (١٥١٠) وتاريخ ٢٣/١٠/١٤٤٥هـ، بشأن دعوة لحضور ورشة تطوير منصة الميزانية الذكية،

يسر الهيئة دعوتكم لحضور ورشة العمل الخاصة بتطوير منصة الميزانية الذكية، وذلك يوم الأحد ٣/١١/١٤٤٥هـ، في مقر الهيئة بمدينة الرياض.

وتهدف الورشة إلى مناقشة فرص التكامل وتقديم مؤشرات آنية لصناع القرار حول الإنفاق العام.

والسلام عليكم ورحمة الله وبركاته.",0.9999999999833333,0.2727272727272727,0.873108319394579,0.75,0.42666796917467886
ما هي تفاصيل ترشيح ممثل بشأن للمشاركة في المنتدى الخليجي للتحول الرقمي؟,"['معالي نائب وزير الخارجية\nحفظه الله', 'السلام عليكم ورحمة الله وبركاته،', 'إشارة إلى الدعوة الواردة من الأمانة العامة لمجلس التعاون لدول الخليج العربية بشأن المنتدى الخليجي للتحول الرقمي،', 'يسر الهيئة العامة للإعلام المرئي والمسموع ترشيح الأستاذ/ X لتمثيل المملكة في المنتدى.', 'نأمل من معاليكم التكرم بالموافقة والتوجيه بما يلزم لاعتماد الترشيح واستكمال الإجراءات.', 'وتفضلوا بقبول خالص التحية والتقدير.', 'الهيئة العامة للإعلام المرئي والمسموع']",يتم ترشيح ممثل للمشاركة في للانضمام إلى المنتدى الخليجي للتحول الرقمي: سعادة الرئيس التنفيذي للهيئة السعودية للبيانات والذكاء الاصطناعي سلّمه الله السلام عليكم ورحمة الله وبركاته، إشارة إلى خطاب سعادتكم رقم (????) وتاريخ ??/??/????هـ، بشأن مشاركة الهيئة في المنتدى الخليجى للالتحول الرقمي، ترشح الهيئة الأستاذ/ [anonymized]، مدير إدارة السياسات الرقمية، لتمثيل الهيئة ضمن المنتدى، لما له من خبرة عملية في بناء الحلول الرقمية. وللتنسيق في هذا الشأن يمكن التواصل معه عبر الهاتف المتنقل ([anonymized]) أو البريد الإلكتروني ([anonymized]). والسلام عليهم ورحمته. مع التحية، مؤسسة مسك,"معالي نائب وزير الخارجية
حفظه الله

السلام عليكم ورحمة الله وبركاته،

إشارة إلى الدعوة الواردة من الأمانة العامة لمجلس التعاون لدول الخليج العربية بشأن المنتدى الخليجي للتحول الرقمي،

يسر الهيئة العامة للإعلام المرئي والمسموع ترشيح الأستاذ/ X لتمثيل المملكة في المنتدى.

نأمل من معاليكم التكرم بالموافقة والتوجيه بما يلزم لاعتماد الترشيح واستكمال الإجراءات.

وتفضلوا بقبول خالص التحية والتقدير.

الهيئة العامة للإعلام المرئي والمسموع",0.9999999999857143,0.2,0.8344647887240423,1.0,0.42984995119086106
كيف يتم التعبير عن الشكر بشأن على التعاون في تكامل أنظمة الشكاوى مع المنصة الوطنية؟,"['معالي محافظ هيئة تنظيم المياه والكهرباء\nحفظه الله', 'السلام عليكم ورحمة الله وبركاته،', 'إشارة إلى خطاب معاليكم رقم (٢٢٢٥) وتاريخ ١/١١/١٤٤٥هـ، بشأن شكر على التعاون في تكامل أنظمة الشكاوى،', 'تتقدم الهيئة بجزيل الشكر لمعاليكم على جهودكم في دعم تكامل أنظمة الشكاوى مع المنصة الوطنية الموحدة، الأمر الذي ساهم في تحسين تجربة المستفيد ورفع مستوى الشفافية.', 'ونتطلع إلى استمرار هذا التعاون المثمر في باقي مراحل المشروع.', 'والسلام عليكم ورحمة الله وبركاته']",يتم التعبير عن الشكر عبر خطاب رسمي يُشيد بالإنجازات: معالي وزير الشؤون البلدية والقروية والإسكان حفظه الله السلام عليكم ورحمة الله وبركاته، إشارة إلى خطاب معاليكم رقم (????) وتاريخ ??/??/????هـ، بشأن التعاون في تكامل أنظمة الشكاوى مع المنصة الوطنية، تتقدم الهيئة بخالص الشكر والتقدير لسعادتكم على التعاون المثمر بين الهيئة ومدينتكم في هذا المجال. ونتطلع إلى استمرار هذا التعاون البناء المشترك في تطوير الأنظمة الرقمية لضمان الشفافية والشفافية، بما يسهم في رفع كفاءة الشراكة مع الجهات الحكومية، وتحقيق مستهدفات رقمية متقدمة. وتفضلوا بقبول خالص التحية والسلامة. مع التحية، مؤسسة مسك,"معالي محافظ هيئة تنظيم المياه والكهرباء
حفظه الله

السلام عليكم ورحمة الله وبركاته،

إشارة إلى خطاب معاليكم رقم (٢٢٢٥) وتاريخ ١/١١/١٤٤٥هـ، بشأن شكر على التعاون في تكامل أنظمة الشكاوى،

تتقدم الهيئة بجزيل الشكر لمعاليكم على جهودكم في دعم تكامل أنظمة الشكاوى مع المنصة الوطنية الموحدة، الأمر الذي ساهم في تحسين تجربة المستفيد ورفع مستوى الشفافية.

ونتطلع إلى استمرار هذا التعاون المثمر في باقي مراحل المشروع.

والسلام عليكم ورحمة الله وبركاته",0.99999999998,0.23076923076923078,0.9158252076198505,0.75,0.5446424060662244
ما هي إجراءات تنسيق زيارة الولايات المتحدة الأمريكية؟,"['الموضوع: اعتزام وفد من الهيئة زيارة الولايات المتحدة الأمريكية', 'معالي نائب وزير الخارجية\nحفظه الله\nالسلام عليكم ورحمة الله وبركاته', 'رغبة من هيئة الحكومة الرقمية في بناء الشراكات الاستراتيجية مع الجهات ذات الاختصاص بعمالها، التي بدورها تساهم في استمرار تحقيق المملكة لمستويات متقدمة في المؤشرات الدولية، وسعيًا إلى إبراز جهود المملكة في مجال الحكومة الرقمية عن طريق استعراض أبرز إنجازاتها في التحول،', 'يطيب لي إفادة معاليكم بأن وفدًا من هذه الهيئة برئاسة نائب المحافظ يعتزم زيارة الولايات المتحدة الأمريكية في المدة من تاريخ 1445/9/15هـ إلى 1445/9/24هـ (مرفق قائمة بأسمائهم)، لحضور قمة أهداف التنمية المستدامة بالأمم المتحدة، ولقاء عدد من الجهات النظيرة والمؤسسات المعنية بالحكومة الرقمية والمنظمات الدولية التي تتخذ الولايات المتحدة مقرًا لها.', 'عليه، آمل دعم معاليكم بالإيعاز إلى من يلزم لتسهيل إجراءات إصدار التأشيرة للوفد المرافق، وإخطار بعثات المملكة بالولايات المتحدة لتسهيل مهمة الوفد، وللتنسيق يمكن للمختصين لديكم التواصل في هذا الشأن مع المهندس/ [anonymized]، بالهاتف المتنقل (0000000000)\nوالبريد الإلكتروني: [anonymized]', 'وتفضلوا معاليكم بقبول خالص تحياتي،', 'م. [anonymized]\nمحافظ هيئة الحكومة الرقمية']",يتطلب تنسيق زيارة الولايات المتحدة الأمريكية التواصل مع الجهات: سعادة الرئيس التنفيذي للهيئة العامة للبيانات سلّمه الله السلام عليكم ورحمة الله وبركاته، إشارة إلى خطاب سعادتكم رقم (????) وتاريخ ??/??/????هـ، بشأن تنظيم زيارة إلى الولايات المتحدة الأميركية، أود إفادة سعادتنا بأن الهيئة تعمل حاليًا على تنظيم “زيارة للولايات المتحدة”، والتي تهدف إلى تمكين الجهات الحكومية من الاستفادة من أحدث التقنيات والتقنيات في مجال البيانات والذكاء الاصطناعي. وللتنسيق في هذا الشأن، يمكن التواصل مع الأستاذ/ [anonymized]، بالهاتف المتنقل (0557832) أو البريد الإلكتروني ([anonymized]). والسلام عليهم ورحمته. مع التحية، مؤسسة مسك,"الموضوع: اعتزام وفد من الهيئة زيارة الولايات المتحدة الأمريكية

معالي نائب وزير الخارجية
حفظه الله
السلام عليكم ورحمة الله وبركاته

رغبة من هيئة الحكومة الرقمية في بناء الشراكات الاستراتيجية مع الجهات ذات الاختصاص بعمالها، التي بدورها تساهم في استمرار تحقيق المملكة لمستويات متقدمة في المؤشرات الدولية، وسعيًا إلى إبراز جهود المملكة في مجال الحكومة الرقمية عن طريق استعراض أبرز إنجازاتها في التحول،

يطيب لي إفادة معاليكم بأن وفدًا من هذه الهيئة برئاسة نائب المحافظ يعتزم زيارة الولايات المتحدة الأمريكية في المدة من تاريخ 1445/9/15هـ إلى 1445/9/24هـ (مرفق قائمة بأسمائهم)، لحضور قمة أهداف التنمية المستدامة بالأمم المتحدة، ولقاء عدد من الجهات النظيرة والمؤسسات المعنية بالحكومة الرقمية والمنظمات الدولية التي تتخذ الولايات المتحدة مقرًا لها.

عليه، آمل دعم معاليكم بالإيعاز إلى من يلزم لتسهيل إجراءات إصدار التأشيرة للوفد المرافق، وإخطار بعثات المملكة بالولايات المتحدة لتسهيل مهمة الوفد، وللتنسيق يمكن للمختصين لديكم التواصل في هذا الشأن مع المهندس/ [anonymized]، بالهاتف المتنقل (0000000000)
والبريد الإلكتروني: [anonymized] 

وتفضلوا معاليكم بقبول خالص تحياتي،

م. [anonymized]
محافظ هيئة الحكومة الرقمية",0.9999999999857143,0.14285714285714285,0.8568635611485297,1.0,0.34416871159691403
ما هي متطلبات بشأن تأخر الإفصاح عن مؤشرات الأداء الرقمي؟,['معالي رئيس هيئة الرقابة ومكافحة الفساد حفظه الله\nالسلام عليكم ورحمة الله وبركاته،\nإشارة إلى متابعة الهيئة لمدى التزام الجهات الحكومية بمتطلبات الإفصاح الرقمي، وبناءً على ما ورد في تقارير منصة قياس التحول الحكومي.\nأود إفادة معاليكم بأن عددًا من الجهات لم تقم بتحديث مؤشرات أدائها الرقمي للأشهر الثلاثة الماضية، مما يؤثر على الشفافية وتحقيق الأهداف الوطنية للتحول.\nآمل من معاليكم التفضل باتخاذ ما يلزم من الإجراءات لضمان الالتزام، وموافاتنا بتقارير المعالجة خلال مدة أقصاها ١٥ يومًا.\nوالسلام عليكم ورحمة الله وبركاته.'],يتطلب بشأن تأخير الإفصاح عن مؤشرات الأداء الرقمي تقديم طلب رسمي مع الوثائق: معالي وزير النقل والخدمات اللوجستية حفظه الله السلام عليكم ورحمة الله وبركاته، إشارة إلى خطاب معاليكم رقم (????) وتاريخ ??/??/????هـ، بشأن متابعة إفادة معالي المحافظ لمؤشرات أداء البيانات الرقمية، أود إفادتكم بأن الهيئة بصدد إجراء تحديثات متعلقة بالمؤشرات الأساسية للتحول الرقمي، بما يسهم في تحسين تجربة المستخدم، وضمان استمرارية التكامل بين المنصات الرقمية. عليه، آمل من المعاليكم التفضل بتوجيه المختصين لديكم للتنسيق مع الجهات ذات العلاقة لتحديد موعد بديل في الوقت المناسب. وللتنسيق في هذا الشأن أو الحصول على مزيد من المعلومات، يمكن التواصل مع الأستاذ/ [anonymized]، بالهاتف المتنقل ([anonymized]) أو البريد الإلكتروني ([anonymized]). والسلام عليكم وبركة مع التحية، مؤسسة مسك,"معالي رئيس هيئة الرقابة ومكافحة الفساد حفظه الله
السلام عليكم ورحمة الله وبركاته،
إشارة إلى متابعة الهيئة لمدى التزام الجهات الحكومية بمتطلبات الإفصاح الرقمي، وبناءً على ما ورد في تقارير منصة قياس التحول الحكومي.
أود إفادة معاليكم بأن عددًا من الجهات لم تقم بتحديث مؤشرات أدائها الرقمي للأشهر الثلاثة الماضية، مما يؤثر على الشفافية وتحقيق الأهداف الوطنية للتحول.
آمل من معاليكم التفضل باتخاذ ما يلزم من الإجراءات لضمان الالتزام، وموافاتنا بتقارير المعالجة خلال مدة أقصاها ١٥ يومًا.
والسلام عليكم ورحمة الله وبركاته.",0.9999999999,0.0,0.0,0.75,0.22839182354018683
ما هي تفاصيل تجديد قرار تفويض المهندس/ [anonymized] اتفاقيات عدم الإفصاح؟,"['إنَّ محافظ هيئة الحكومة الرقمية، وبناءً على الصلاحيات الممنوحة له نظامًا، وبعد الاطلاع على تنظيم هيئة الحكومة الرقمية الصادر بقرار مجلس الوزراء رقم (418) وتاريخ 1442/7/25هـ، والقرار الإداري رقم (25) وتاريخ 1445/8/19هـ، ولما تقتضيه مصلحة العمل وحُسن سيره وانتظامه، يُقرّر ما يأتي:', 'أولًا: استمرار العمل بالنموذج الموحّد لاتفاقية المحافظة على سرية المعلومات وعدم الإفصاح.\nثانيًا: تفويض المهندس/ [anonymized] – نائب المحافظ لقطاع الخدمات المشتركة – بتوقيع اتفاقيات المحافظة على سرية المعلومات وعدم الإفصاح بين الهيئة والجهات الأخرى.\nثالثًا: التفويض الوارد في البند (ثانيًا) غير قابل لإعادة التفويض لأيّ مستوى وظيفي آخر.\nرابعًا: لا يُعفي التفويض من المسؤولية الناشئة عن مُمارسة هذه الصلاحية.\nخامسًا: لا يُنشئ التفويض أيّ صلاحيات مالية، ويكون وفقًا لأحكام الأنظمة واللوائح والتعليمات.\nسادسًا: يُبلّغ هذا القرار من يلزم، ويُعمل به من تاريخه ولمدّة (عام).', 'والله الموفق.', 'م. [anonymized]\nمحافظ هيئة الحكومة الرقمية']",توفر الإحاطة تحديثًا لقرار تفويض المهندس/ [anonymized] اتفاقيات عدم الإفصاح: سعادة الرئيس التنفيذي لهيئة الحكومة الرقمية سلّمه الله السلام عليكم ورحمة الله وبركاته، إشارة إلى خطاب سعادتكم رقم (????) وتاريخ ??/?/????هـ، بشأن قرار مجلس الوزراء رقم (418) وتاريخ ????/?/??هـ بشأن الموافقة على توقيع اتفاقية “عدم الإفصة”، أود إحاطتكم بأن الهيئة أنهت قرارًا جديدًا بتاريخ ????/??/??م بشأن تعميم وثيقة الاتفاقية، وتفويضه بالتنسيق مع الجهات ذات العلاقة. عليه، آمل التكرم بتسمية من ترونه مناسبًا للتنسيق مع الهيئة، وتزويدكم بالموافقة، والتوجيه بما يلزم للتوقيع عليه. وللتنسيق في هذا الشأن أو الحصول على مزيد من المعلومات، يمكن التواصل مع الأستاذ/ [anonymized]، بالهاتف المتنقل ([anonymized]) أو البريد الإلكتروني ([anonymized]). والسلام عليهم ورحمته. مع التحية، مؤسسة مسك,"إنَّ محافظ هيئة الحكومة الرقمية، وبناءً على الصلاحيات الممنوحة له نظامًا، وبعد الاطلاع على تنظيم هيئة الحكومة الرقمية الصادر بقرار مجلس الوزراء رقم (418) وتاريخ 1442/7/25هـ، والقرار الإداري رقم (25) وتاريخ 1445/8/19هـ، ولما تقتضيه مصلحة العمل وحُسن سيره وانتظامه، يُقرّر ما يأتي:

أولًا: استمرار العمل بالنموذج الموحّد لاتفاقية المحافظة على سرية المعلومات وعدم الإفصاح.
ثانيًا: تفويض المهندس/ [anonymized] – نائب المحافظ لقطاع الخدمات المشتركة – بتوقيع اتفاقيات المحافظة على سرية المعلومات وعدم الإفصاح بين الهيئة والجهات الأخرى.
ثالثًا: التفويض الوارد في البند (ثانيًا) غير قابل لإعادة التفويض لأيّ مستوى وظيفي آخر.
رابعًا: لا يُعفي التفويض من المسؤولية الناشئة عن مُمارسة هذه الصلاحية.
خامسًا: لا يُنشئ التفويض أيّ صلاحيات مالية، ويكون وفقًا لأحكام الأنظمة واللوائح والتعليمات.
سادسًا: يُبلّغ هذا القرار من يلزم، ويُعمل به من تاريخه ولمدّة (عام).

والله الموفق.

م. [anonymized]
محافظ هيئة الحكومة الرقمية",0.999999999975,0.13333333333333333,0.0,0.7777777777777778,0.37719163006438755
ما هي مستجدات  رفض اعتراف وزارة العدل بخدمات الثقة الرقمية والتواقيع الرقمية؟,"['سعادة نائب الرئيس التنفيذي لشركة بُعد للاتصالات السلكية واللاسلكية\nسلّمه الله', 'السلام عليكم ورحمة الله وبركاته،', 'إشارة إلى خطاب سعادتكم رقم (٠٦٤/ع/أ/٢٠٢٥) وتاريخ 1446/7/20هـ، وخطابكم الإلحاقي رقم (٠٦٨/ع/أ/٢٠٢٥) وتاريخ 1446/10/10هـ، بشأن استمرار تلقيكم العديد من الشكاوى من بعض عملائكم المرتبطين بخدمة التوقيع الرقمي (إمضاء)، ورفض اعتراف وزارة العدل بخدمات الثقة الرقمية والتوقيع الرقمي، وطلبكم تسريع إجراءات معالجة هذه المشكلة والتنسيق مع وزارة العدل.', 'أفيدكم بأن الهيئة قد عقدت عدة اجتماعات مع المختصين في وزارة العدل لمناقشة أسباب رفض محاكم التنفيذ للسندات التنفيذية الموقعة رقميًا، وبأن العمل جارٍ على معالجة التحديات الحالية التي تواجه خدمات التصديق الرقمي واقتراح الحلول، وموافاتكم بما يُتوصل إليه في هذا الشأن.', 'وفي حال وجود أي استفسارات، يمكن للمختصين لديكم التواصل مع الأستاذة/ ×××× ×××××× المطاوع، عبر الهاتف المتنقل ([anonymized]) أو البريد الإلكتروني ([anonymized]).', 'والسلام عليكم ورحمة الله وبركاته.', 'م. [anonymized]\nمحافظ هيئة الحكومة الرقمية']",توفر الإحاطة تحديثات حول رفض الاعتراف بوزارة العدل بخدمات الثقة الرقمية والتوقيع الرقمي: معالي وزير العدل حفظه الله السلام عليكم ورحمة الله وبركاته، إشارة إلى خطاب معاليكم رقم (????) وتاريخ ??/??/????هـ، بشأن رغبة وزارة العدل في الاعتراف بخدماتها الممنوحة على ثقتها الرقمية والموافقة عليها، أود إحاطتكم بأن الهيئة ترحب بإعادة الاعتراف بالخدمات المقدمة من الوزارة، كما ترحب بتكليف ممثلي الوزارة للمشاركة في أعمال التحول الرقمي، بما يسهم في رفع كفاءة الإجراءات، وتحقيق التكامل مع المنصات الرقمية. وللتنسيق في هذا الشأن أو الحصول على مزيد من المعلومات، يمكن التواصل مع الأستاذ/ [anonymized]، بالهاتف المتنقل ([anonymized]) أو البريد الإلكتروني ([anonymized]). والسلام عليهم ورحمته. مع التحية، مؤسسة مسك,"سعادة نائب الرئيس التنفيذي لشركة بُعد للاتصالات السلكية واللاسلكية
سلّمه الله

السلام عليكم ورحمة الله وبركاته،

إشارة إلى خطاب سعادتكم رقم (٠٦٤/ع/أ/٢٠٢٥) وتاريخ 1446/7/20هـ، وخطابكم الإلحاقي رقم (٠٦٨/ع/أ/٢٠٢٥) وتاريخ 1446/10/10هـ، بشأن استمرار تلقيكم العديد من الشكاوى من بعض عملائكم المرتبطين بخدمة التوقيع الرقمي (إمضاء)، ورفض اعتراف وزارة العدل بخدمات الثقة الرقمية والتوقيع الرقمي، وطلبكم تسريع إجراءات معالجة هذه المشكلة والتنسيق مع وزارة العدل.

أفيدكم بأن الهيئة قد عقدت عدة اجتماعات مع المختصين في وزارة العدل لمناقشة أسباب رفض محاكم التنفيذ للسندات التنفيذية الموقعة رقميًا، وبأن العمل جارٍ على معالجة التحديات الحالية التي تواجه خدمات التصديق الرقمي واقتراح الحلول، وموافاتكم بما يُتوصل إليه في هذا الشأن.

وفي حال وجود أي استفسارات، يمكن للمختصين لديكم التواصل مع الأستاذة/ ×××× ×××××× المطاوع، عبر الهاتف المتنقل ([anonymized]) أو البريد الإلكتروني ([anonymized]).

والسلام عليكم ورحمة الله وبركاته.

م. [anonymized]
محافظ هيئة الحكومة الرقمية",0.9999999999857143,0.15384615384615385,0.0,1.0,0.30024498325150295
ما هي تفاصيل الدعوة لحضور ملتقى رقمنة المناطق؟,"['صاحب السمو الملكي الأمير [anonymized]\nأمير منطقة تبوك\nحفظه الله', 'السلام عليكم ورحمة الله وبركاته،', 'إشارة إلى جهود إمارة منطقة تبوك في تمكين التحول الرقمي وتعزيز البنية التحتية التقنية في المحافظات، أود إفادة سموكم بأن الهيئة بصدد تنظيم الملتقى الوطني “رقمنة المناطق” الذي سيعقد بمدينة الرياض يوم الثلاثاء ١٠/١١/١٤٤٦هـ، بمشاركة أصحاب السمو والمعالي وعدد من الجهات الحكومية والخاصة.', 'عليه، آمل من سموكم التفضل بالموافقة على مشاركة الإمارة في أعمال الملتقى، وتسمية من ترونه مناسبًا من القيادات التقنية لدى الإمارة لتقديم عرض حول أبرز المبادرات الرقمية في المنطقة.\nوللتنسيق في هذا الشأن أو الحصول على مزيد من المعلومات، يمكن التواصل مع الأستاذ/ [anonymized]، بالهاتف المتنقل ([anonymized]) أو البريد الإلكتروني ([anonymized]).', 'والسلام عليكم ورحمة الله وبركاته.']",يتم إرسال دعوة رسمية لحضور ملتقى رقمنة المناطق: معالي وزير البيئة والمياه والزراعة حفظه الله السلام عليكم ورحمة الله وبركاته، إشارة إلى خطاب معاليكم رقم (????) وتاريخ ??/??/????هـ، بشأن دعوة للمشاركة في ملتقى الرقمنة في المناطق، يسر الهيئة دعوتكم للموافقة على تنظيم “ملتقى الرقم القياسي للمناطق”، والذي سيُعقد في مدينة الرياض يوم الاثنين الموافق ????/?/??هـ بمدينة الرياض، بمشاركة عدد من الجهات الحكومية والخاصة. ويهدف الملتقى إلى تسليط الضوء على أبرز المبادرات الرقمية في مجال البيانات والذكاء الاصطناعي، بما يسهم في تحسين تجربة المستفيدين من البيانات، وتحقيق مستهدفات رؤية المملكة 2030. نأمل منكم التكرم بالحضور، والتوجيه بما يلزم للتنسيق مع الجهات ذات العلاقة لتقديم عرض من الوزارة حول البيانات والأدوات البيئية الرقمية. وتفضلوا بقبول خالص التحية والتقدير. م. [anonymized] محافظ هيئة الحكومة الرقمية مع التحية، مؤسسة مسك,"صاحب السمو الملكي الأمير [anonymized]
أمير منطقة تبوك
حفظه الله

السلام عليكم ورحمة الله وبركاته،

إشارة إلى جهود إمارة منطقة تبوك في تمكين التحول الرقمي وتعزيز البنية التحتية التقنية في المحافظات، أود إفادة سموكم بأن الهيئة بصدد تنظيم الملتقى الوطني “رقمنة المناطق” الذي سيعقد بمدينة الرياض يوم الثلاثاء ١٠/١١/١٤٤٦هـ، بمشاركة أصحاب السمو والمعالي وعدد من الجهات الحكومية والخاصة.

عليه، آمل من سموكم التفضل بالموافقة على مشاركة الإمارة في أعمال الملتقى، وتسمية من ترونه مناسبًا من القيادات التقنية لدى الإمارة لتقديم عرض حول أبرز المبادرات الرقمية في المنطقة.
وللتنسيق في هذا الشأن أو الحصول على مزيد من المعلومات، يمكن التواصل مع الأستاذ/ [anonymized]، بالهاتف المتنقل ([anonymized]) أو البريد الإلكتروني ([anonymized]).

والسلام عليكم ورحمة الله وبركاته.",0.99999999998,0.07142857142857142,0.0,0.6666666666666666,0.47797170241183984
ما هي متطلبات إنتاج محتوى توعوي حول الهوية الرقمية؟,"['معالي رئيس الهيئة العامة للإعلام المرئي والمسموع\nحفظه الله', 'السلام عليكم ورحمة الله وبركاته،\nإشارة إلى خطاب معاليكم رقم (٣٣٥٠) وتاريخ ١٣/١٠/١٤٤٥هـ، بشأن الموافقة على إنتاج محتوى توعوي حول الهوية الرقمية،\nأود إفادة معاليكم بأن الهيئة تعتزم تنفيذ حملة وطنية لتوعية الجمهور باستخدامات الهوية الرقمية، ضمن مشروع رفع الوعي بالتحول الرقمي.\nآمل من معاليكم التفضل بالموافقة على إنتاج محتوى مرئي مخصص للبث الإعلامي، والتنسيق مع الهيئة لضمان اتساق الرسائل التوعوية مع الإطار الوطني.\nوالسلام عليكم ورحمة الله وبركاته.']",يتطلب إنتاج محتوى توعوي حول الهوية الرقمية تقديم طلب رسمي مع الوثائق: معالي وزير النقل والخدمات اللوجستية حفظه الله السلام عليكم ورحمة الله وبركاته، إشارة إلى خطاب معاليكم رقم (????) وتاريخ ??/??/????هـ، بشأن طلب توعية لإنتاج المحتوى الرقمي الخاص بالهاتف المتنقل، أود إفادة معالي المختصين في الهيئة بأن الهيئة تعمل حاليًا على تطوير خدمات توعية موجهة إلى الجهات الحكومية، بما يسهم في تحسين تجربة المستخدم، وتسريع استخدام المنصات الرقمية، وتحقيق التكامل بين الجهات ذات العلاقة. عليه، آمل التفضل بتكليف الفريق التقني لديكم بالتنسيق مع فريق الوزارة لتقديم المحتوى التوافق مع الجهات المعنية. وللتنسيق في هذا الشأن أو الحصول على مزيد من المعلومات، يمكن التواصل مع الأستاذ/ [anonymized]، عبر البريد الإلكتروني ([anonymized]) للتنسيق مع الفريق الفني المشترك. والله الموفق. مع التحية، مؤسسة مسك,"معالي رئيس الهيئة العامة للإعلام المرئي والمسموع
حفظه الله

السلام عليكم ورحمة الله وبركاته،
إشارة إلى خطاب معاليكم رقم (٣٣٥٠) وتاريخ ١٣/١٠/١٤٤٥هـ، بشأن الموافقة على إنتاج محتوى توعوي حول الهوية الرقمية،
أود إفادة معاليكم بأن الهيئة تعتزم تنفيذ حملة وطنية لتوعية الجمهور باستخدامات الهوية الرقمية، ضمن مشروع رفع الوعي بالتحول الرقمي.
آمل من معاليكم التفضل بالموافقة على إنتاج محتوى مرئي مخصص للبث الإعلامي، والتنسيق مع الهيئة لضمان اتساق الرسائل التوعوية مع الإطار الوطني.
والسلام عليكم ورحمة الله وبركاته.",0.49999999995,0.14285714285714285,0.0,1.0,0.40995152568050497
ما هي تفاصيل الدعوة لحضور عنوان غير محدد؟,['السلام عليكم ورحمة الله وبركاته،\nإشارة إلى مبادرة الهيئة لإطلاق شبكة وطنية للمراكز الرقمية الحكومية، والتي تهدف إلى تعزيز التكامل وتبادل الخبرات بين الجهات والمناطق.\nيسرنا دعوة مركزكم للانضمام إلى هذه الشبكة ضمن المرحلة الأولى، والتي ستشهد ورش عمل وتدريبات مشتركة بين الفرق التنفيذية، بهدف مواءمة الأداء وتوحيد مؤشرات القياس.\nوللتنسيق يمكن التواصل مع الأستاذ/ [anonymized]، بالهاتف المتنقل ([anonymized]) أو البريد الإلكتروني ([anonymized]).\nوالسلام عليكم ورحمة الله وبركاته.'],يتم إرسال دعوة رسمية لحضور عنوان غير محدد: معالي رئيس الهيئة العامة للمنشآت الصغيرة والمتوسطة حفظه الله السلام عليكم ورحمة الله وبركاته، إشارة إلى خطاب معاليكم رقم (????) وتاريخ ??/??/????هـ، بشأن دعوة للمشاركة في العنوان غير المحدد، ترشح الهيئة الأستاذ/ [anonymized]، مدير إدارة الخدمات الرقمية، لتمثيل الهيئة في المنظومة الوطنية للبيانات والذكاء الاصطناعي، لما يتمتع به من خبرة عملية في تقديم الخدمات الإلكترونية للمستفيدين. وللتنسيق في هذا الشأن يمكن التواصل معه عبر الهاتف المتنقل ([anonymized]) أو البريد الإلكتروني ([anonymized]). والسلام عليكم وبركة مع التحية، مؤسسة مسك,"السلام عليكم ورحمة الله وبركاته،
إشارة إلى مبادرة الهيئة لإطلاق شبكة وطنية للمراكز الرقمية الحكومية، والتي تهدف إلى تعزيز التكامل وتبادل الخبرات بين الجهات والمناطق.
يسرنا دعوة مركزكم للانضمام إلى هذه الشبكة ضمن المرحلة الأولى، والتي ستشهد ورش عمل وتدريبات مشتركة بين الفرق التنفيذية، بهدف مواءمة الأداء وتوحيد مؤشرات القياس.
وللتنسيق يمكن التواصل مع الأستاذ/ [anonymized]، بالهاتف المتنقل ([anonymized]) أو البريد الإلكتروني ([anonymized]).
والسلام عليكم ورحمة الله وبركاته.",0.9999999999,0.08333333333333333,0.0,1.0,0.22909698991109884
ما هي مستجدات بنتائج منصة تكامل الرعاية الافتراضية؟,"['معالي وزير الصحة\nحفظه الله', 'السلام عليكم ورحمة الله وبركاته،', 'إشارة إلى خطاب معاليكم رقم (٢٥٥٠) وتاريخ ١٣/١١/١٤٤٥هـ، بشأن إحاطة حول نتائج منصة تكامل الرعاية الافتراضية،', 'أود إحاطة معاليكم بأن الهيئة استكملت مراجعة أداء منصة تكامل الرعاية الافتراضية، بالتعاون مع عدد من المنشآت الصحية، وقد أظهرت النتائج ارتفاع مؤشرات كفاءة تقديم الخدمة وجودة تجربة المستخدم.', 'ونوصي بضم المزيد من مراكز الرعاية في المناطق الطرفية خلال المرحلة القادمة.', 'والسلام عليكم ورحمة الله وبركاته.']",توفر الإحاطة تحديثات حول بنتائج منصة تكامل الرعاية الافتراضية: معالي وزير البيئة والمياه والزراعة حفظه الله السلام عليكم ورحمة الله وبركاته، إشارة إلى خطاب معاليكم رقم (????) وتاريخ ??/??/????هـ، بشأن نتائج منصة “تكامل العلاج الافتراضي”، أود إحاطتكم بأن الهيئة استكملت المرحلة الأولى من التكامل مع المنصة، وأظهرت النتائج أن عددًا من المختصين لديهم القدرات اللازمة للتنسيق مع الأنظمة الرقمية، بما يسهم في تسريع الوصول إلى خدمات الرعاية الرقمية. نأمل التكرم بتكليف الفريق التقني لديكم بالتنسيق مع فريق الهيئة لاستكمال الربط الفني مع المنصات المرتبطة بالرعاية. وللتنسيق في هذا الشأن أو الحصول على مزيد من المعلومات، يمكن التواصل مع الأستاذ/ [anonymized]، بالهاتف المتنقل ([anonymized]) أو البريد الإلكتروني ([anonymized]). والسلام عليكم وبركة مع التحية، مؤسسة مسك,"معالي وزير الصحة
حفظه الله

السلام عليكم ورحمة الله وبركاته،

إشارة إلى خطاب معاليكم رقم (٢٥٥٠) وتاريخ ١٣/١١/١٤٤٥هـ، بشأن إحاطة حول نتائج منصة تكامل الرعاية الافتراضية،

أود إحاطة معاليكم بأن الهيئة استكملت مراجعة أداء منصة تكامل الرعاية الافتراضية، بالتعاون مع عدد من المنشآت الصحية، وقد أظهرت النتائج ارتفاع مؤشرات كفاءة تقديم الخدمة وجودة تجربة المستخدم.

ونوصي بضم المزيد من مراكز الرعاية في المناطق الطرفية خلال المرحلة القادمة.

والسلام عليكم ورحمة الله وبركاته.",0.8041666666465626,0.15384615384615385,0.8134500037589553,0.75,0.48050999734847305
ما هي تفاصيل الدعوة لحضور ملتقى حوكمة الأنظمة الرقمية في القطاعات المالية؟,"['سعادة محافظ الهيئة العامة للزكاة والضريبة والجمارك\nسلّمه الله', 'السلام عليكم ورحمة الله وبركاته،', 'إشارة إلى ما توليه هيئتكم الموقرة من عناية بتطوير الحلول الرقمية وتكامل الأنظمة الجمركية والضريبية، يسر هيئة الحكومة الرقمية دعوتكم للمشاركة في ملتقى “حوكمة الأنظمة الرقمية في القطاعات المالية”، والذي سيُعقد يوم الاثنين ٨/١٢/١٤٤٦هـ في مدينة الرياض، بمشاركة نخبة من الجهات الرقابية والتنفيذية.', 'وتود الهيئة أن تتفضل هيئتكم بالمشاركة بعرض حول تجربتها في دمج الأنظمة وتعزيز الامتثال الرقمي.\nوللتنسيق في هذا الشأن أو تقديم التفاصيل التنظيمية، يمكن التواصل مع الأستاذ/ [anonymized]، بالهاتف المتنقل ([anonymized]) أو البريد الإلكتروني ([anonymized]).', 'والسلام عليكم ورحمة الله وبركاته.']",يتم إرسال دعوة رسمية لحضور ملتقى حوكمة الأنظمة الرقمية في القطاعات المالية: معالي محافظ هيئة الحكومة الرقمية حفظه الله السلام عليكم ورحمة الله وبركاته، إشارة إلى خطاب معاليكم رقم (????) وتاريخ ??/??/????هـ، بشأن دعوة للمشاركة في ملتقى الحوكمة الرقمية للقطاعات المالية، يسر الهيئة دعوتكم للموافقة على الحضور، والمقرر انعقاده يوم الاثنين ??/?/??هـ في مقر الهيئة بمدينة الرياض، بمشاركة عدد من الجهات الحكومية والخاصة. يطيب لي أن أتقدم لمعاليكم بالشكر الجزيل على هذه المبادرة، وأفيدكم بقبول خالص التحية والتقدير. مع التحية، مؤسسة مسك,"سعادة محافظ الهيئة العامة للزكاة والضريبة والجمارك
سلّمه الله

السلام عليكم ورحمة الله وبركاته،

إشارة إلى ما توليه هيئتكم الموقرة من عناية بتطوير الحلول الرقمية وتكامل الأنظمة الجمركية والضريبية، يسر هيئة الحكومة الرقمية دعوتكم للمشاركة في ملتقى “حوكمة الأنظمة الرقمية في القطاعات المالية”، والذي سيُعقد يوم الاثنين ٨/١٢/١٤٤٦هـ في مدينة الرياض، بمشاركة نخبة من الجهات الرقابية والتنفيذية.

وتود الهيئة أن تتفضل هيئتكم بالمشاركة بعرض حول تجربتها في دمج الأنظمة وتعزيز الامتثال الرقمي.
وللتنسيق في هذا الشأن أو تقديم التفاصيل التنظيمية، يمكن التواصل مع الأستاذ/ [anonymized]، بالهاتف المتنقل ([anonymized]) أو البريد الإلكتروني ([anonymized]).

والسلام عليكم ورحمة الله وبركاته.",0.99999999998,0.36363636363636365,0.9944634299882008,1.0,0.4590789839206547
ما هي متطلبات تسليم خطاب شكر موجه من مدير مكتب تنمية الاتصالات إلى الاتحاد الدولي للاتصالات؟,"['صاحب السمو وزير الخارجية\nحفظه الله', 'السلام عليكم ورحمة الله وبركاته،', 'إشارة إلى برقية سموكم الكريم رقم (٢٢٦٩١٦-٤٤-٠٠١) وتاريخ 1444/8/24هـ، بشأن إفادتكم بتلقي الوزارة برقية من الوفد الدائم للمملكة في جنيف، مرفقًا بطيها نسخة من الخطاب الموجّه من سعادة مدير مكتب تنمية الاتصالات بالاتحاد الدولي للاتصالات.', 'عليه؛ آمل من سموكم التكرم بالإيعاز إلى من يلزم بتسليم الخطاب بالطرق الدبلوماسية المتّبعة،\nويمكن للمختصين لديكم التواصل في هذا الشأن مع المهندس/ X عبر الهاتف المتنقل: 0000000000 أو البريد الإلكتروني: [anonymized]', 'وتفضلوا سموكم بقبول خالص تحياتي.\nم. [anonymized]\nمحافظ هيئة الحكومة الرقمية']",يتطلب تسليم خطاب شكر موجه من مدير مكتب تنمية الاتصالات إلى الاتحاد الدولي للاتصالات تقديم طلب رسمي مع الوثائق: معالي وزير الاتصالات وتقنية المعلومات حفظه الله السلام عليكم ورحمة الله وبركاته، إشارة إلى خطاب معاليكم رقم (????) وتاريخ ??/??/????هـ، بشأن طلب تسليط الضوء على خطاب الشكر المرفق من المدير التنفيذي لمكتب تنمو الاتصالات في الهيئة، أود إفادتكم بأن الهيئة تعمل حاليًا على تسليم الشكر والتقدير لسعادتكم، وذلك لما يمتلكه من خبرة عملية في تطوير البرامج والأنظمة الرقمية. عليه، آمل التفضل بتسمية من ترونه مناسبًا، ويمكن التواصل معه عبر الهاتف المتنقل ([anonymized]) أو البريد الإلكتروني ([anonymized]). والسلام عليهم ورحمته. مع التحية، مؤسسة مسك,"صاحب السمو وزير الخارجية
حفظه الله

السلام عليكم ورحمة الله وبركاته،

إشارة إلى برقية سموكم الكريم رقم (٢٢٦٩١٦-٤٤-٠٠١) وتاريخ 1444/8/24هـ، بشأن إفادتكم بتلقي الوزارة برقية من الوفد الدائم للمملكة في جنيف، مرفقًا بطيها نسخة من الخطاب الموجّه من سعادة مدير مكتب تنمية الاتصالات بالاتحاد الدولي للاتصالات.

عليه؛ آمل من سموكم التكرم بالإيعاز إلى من يلزم بتسليم الخطاب بالطرق الدبلوماسية المتّبعة،
ويمكن للمختصين لديكم التواصل في هذا الشأن مع المهندس/ X عبر الهاتف المتنقل: 0000000000 أو البريد الإلكتروني: [anonymized]

وتفضلوا سموكم بقبول خالص تحياتي.
م. [anonymized]
محافظ هيئة الحكومة الرقمية",0.4166666666458333,0.0,0.0,1.0,0.305150258228418
ما هي متطلبات  تأسيس خطوط هاتف وفاكس لمتطلبات تمرين صمود-؟,"['معالي وزير الاتصالات وتقنية المعلومات\nحفظه الله', 'السلام عليكم ورحمة الله وبركاته،', 'إشارةً إلى برقية معاليكم رقم (٨٩٢/٤٤/٠١) وتاريخ 1444/2/22هـ، القاضية بتنفيذ توصيات خطاب معالي المشرف العام على الأمانة العامة لمجلس المخاطر الوطنية رقم (٢٠٢٢٠٩١٦١) وتاريخ 1444/2/21هـ، المتضمنة “الموافقة على تنفيذ تمرين (صمود-1) لاختبار منظومة الاتصال والتواصل بين مركز إدارة الكوارث والأزمات والمراكز في الجهات ذات العلاقة، والرفع بنتائجه لمجلس المخاطر الوطنية”،\nوإلى التوجيه الكريم المبلّغ ببرقية معالي رئيس الديوان الملكي رقم (٦٦٠٩٢) وتاريخ 1443/10/23هـ، بالتعاون والتنسيق مع مركز إدارة الكوارث والأزمات،\nوإلى محضر الاجتماع العاشر لمجلس المخاطر الوطنية المؤرخ في 1443/12/25هـ،\nوإلى محضر الاجتماع الثلاثين للجنة التنفيذية للجنة الدفاع المدني المكلفة المؤرخ في 1442/11/21هـ،\nوما ورد في المهمة رقم (4) بشأن توفير متطلبات مراكز الأزمات لجميع جهات منظومة الاتصالات وتقنية المعلومات بتاريخ 2024/2/8م.', 'عليه، تود هذه الهيئة التكرم بالموافقة على توفير الآتي:\nهاتف متنقل باقة 80 برقم خاص منفصل،\nخط هاتف ثابت برقم خاص منفصل،\nخط هاتف مشفر برقم خاص منفصل،\nخط ساخن برقم خاص منفصل،\nخط فاكس برقم خاص منفصل،\nخط فاكس مشفر برقم خاص منفصل.', 'آمل تفضل معاليكم بالاطلاع وتوجيه من يلزم بإصدار خطوط الهواتف والفاكس المطلوبة أعلاه؛\nلتتمكن هيئة الحكومة الرقمية من الالتزام بمتطلبات مجلس المخاطر الوطنية وتوصياته.', 'وتفضلوا معاليكم بقبول خالص تحياتي وتقديري.\nم. [anonymized]\nمحافظ هيئة الحكومة الرقمية']",يتطلب تأسيس خطوط هاتف وافكس لمتطلبات تمرين صمود- تقديم طلب رسمي مع الوثائق: معالي وزير الصحة حفظه الله السلام عليكم ورحمة الله وبركاته، إشارة إلى جهود وزارة الصحة في تعزيز التكامل بين الجهات الحكومية في مجالات التحول الرقمي. أود إفادة معاليكم بأن الهيئة تعمل حاليًا على تطوير خطوط اتصال وواكس متكاملة لتنفيذ التراخيص، بما يسهم في تسريع الإجراءات، وتحسين تجربة المستخدم، وتسريع تفعيل المنصات، بما يواكب مستهدفات رؤية المملكة 2030. وتفضلوا بقبول خالص التحية والتقدير. م. [anonymized] محافظ هيئة الحكومة الرقمية مع التحية، مؤسسة مسك,"معالي وزير الاتصالات وتقنية المعلومات
حفظه الله

السلام عليكم ورحمة الله وبركاته،

إشارةً إلى برقية معاليكم رقم (٨٩٢/٤٤/٠١) وتاريخ 1444/2/22هـ، القاضية بتنفيذ توصيات خطاب معالي المشرف العام على الأمانة العامة لمجلس المخاطر الوطنية رقم (٢٠٢٢٠٩١٦١) وتاريخ 1444/2/21هـ، المتضمنة “الموافقة على تنفيذ تمرين (صمود-1) لاختبار منظومة الاتصال والتواصل بين مركز إدارة الكوارث والأزمات والمراكز في الجهات ذات العلاقة، والرفع بنتائجه لمجلس المخاطر الوطنية”،
وإلى التوجيه الكريم المبلّغ ببرقية معالي رئيس الديوان الملكي رقم (٦٦٠٩٢) وتاريخ 1443/10/23هـ، بالتعاون والتنسيق مع مركز إدارة الكوارث والأزمات،
وإلى محضر الاجتماع العاشر لمجلس المخاطر الوطنية المؤرخ في 1443/12/25هـ،
وإلى محضر الاجتماع الثلاثين للجنة التنفيذية للجنة الدفاع المدني المكلفة المؤرخ في 1442/11/21هـ،
وما ورد في المهمة رقم (4) بشأن توفير متطلبات مراكز الأزمات لجميع جهات منظومة الاتصالات وتقنية المعلومات بتاريخ 2024/2/8م.

عليه، تود هذه الهيئة التكرم بالموافقة على توفير الآتي:
هاتف متنقل باقة 80 برقم خاص منفصل،
خط هاتف ثابت برقم خاص منفصل،
خط هاتف مشفر برقم خاص منفصل،
خط ساخن برقم خاص منفصل،
خط فاكس برقم خاص منفصل،
خط فاكس مشفر برقم خاص منفصل.

آمل تفضل معاليكم بالاطلاع وتوجيه من يلزم بإصدار خطوط الهواتف والفاكس المطلوبة أعلاه؛
لتتمكن هيئة الحكومة الرقمية من الالتزام بمتطلبات مجلس المخاطر الوطنية وتوصياته.

وتفضلوا معاليكم بقبول خالص تحياتي وتقديري.
م. [anonymized]
محافظ هيئة الحكومة الرقمية",0.9999999999833333,0.1,0.0,0.75,0.4000468932511419
ما هي متطلبات إلغاء تقرير صادر عن برنامج يسر؟,"['معالي وزير الاتصالات وتقنية المعلومات\nسلمه الله', 'السلام عليكم ورحمة الله وبركاته،', 'ورد إلى معاليكم خطاب بشأن طلب إلغاء تقرير صادر عن برنامج التعاملات الإلكترونية (يسر) متضمناً معلومات غير صحيحة ومضللة أضرت بسمعة شركة كينونة لتقنية المعلومات.', 'نفيد معاليكم بأن الشركة تنفي صحة البيانات الواردة في التقرير، وتؤكد أن مشروعها مع جامعة الملك سعود تم تنفيذه وفق المعايير والضوابط المتفق عليها مع الجهات المعنية. كما تؤكد الشركة تعاونها الكامل مع الجامعة في تنفيذ مشروع التحول الرقمي والتحقق من الالتزامات المطلوبة. وتجدر الإشارة إلى أن المعلومات المرفقة بالتقرير بنيت على اجتهادات فردية غير دقيقة، دون الرجوع إلى مصادرها الرسمية أو استقاء المعلومات من الأطراف المعنية.', 'ونظراً لما تسبب فيه التقرير من أضرار جسيمة على سمعة الشركة، نأمل من معاليكم توجيه الجهات المختصة بإلغاء التقرير المذكور وإصدار بيان رسمي بتصحيح المعلومات المضللة وضمان عدم استخدامها لاحقًا.', 'وتفضلوا بقبول فائق الاحترام والتقدير.', 'والسلام عليكم ورحمة الله وبركاته.']",يتطلب إلغاء تقرير صادر عن برنامج يسر تقديم طلب رسمي مع الوثائق: معالي رئيس الهيئة السعودية للبيانات والذكاء الاصطناعي حفظه الله السلام عليكم ورحمة الله وبركاته، إشارة إلى خطاب معاليكم رقم (????) وتاريخ ??/?/????هـ، بشأن رغبة وزارة الشؤون البلدية والتنمية الاجتماعية في رفع كفاءة الخدمات البلدية، أود إفادة معاليهم بأن الهيئة تعمل حاليًا على تطوير تقارير إلكترونية تعتمد على تقنيات رقمية متكاملة، تُعنى بتلقي التقرير بالتنسيق مع الجهات ذات العلاقة، بما يسهم في تسريع الإجراءات، وتحسين تجربة المستفيد. عليه، آمل التفضل بتسمية من ترونه مناسبًا من الوزارة للتنسيق في هذا الشأن. وللتنسيق، يمكن التواصل مع الأستاذ/ [anonymized]، بالهاتف المتنقل ([anonymized]) أو البريد الإلكتروني ([anonymized]). والسلام عليكم وبركة مع التحية، مؤسسة مسك,"معالي وزير الاتصالات وتقنية المعلومات
سلمه الله

السلام عليكم ورحمة الله وبركاته،

ورد إلى معاليكم خطاب بشأن طلب إلغاء تقرير صادر عن برنامج التعاملات الإلكترونية (يسر) متضمناً معلومات غير صحيحة ومضللة أضرت بسمعة شركة كينونة لتقنية المعلومات.

نفيد معاليكم بأن الشركة تنفي صحة البيانات الواردة في التقرير، وتؤكد أن مشروعها مع جامعة الملك سعود تم تنفيذه وفق المعايير والضوابط المتفق عليها مع الجهات المعنية. كما تؤكد الشركة تعاونها الكامل مع الجامعة في تنفيذ مشروع التحول الرقمي والتحقق من الالتزامات المطلوبة. وتجدر الإشارة إلى أن المعلومات المرفقة بالتقرير بنيت على اجتهادات فردية غير دقيقة، دون الرجوع إلى مصادرها الرسمية أو استقاء المعلومات من الأطراف المعنية.

ونظراً لما تسبب فيه التقرير من أضرار جسيمة على سمعة الشركة، نأمل من معاليكم توجيه الجهات المختصة بإلغاء التقرير المذكور وإصدار بيان رسمي بتصحيح المعلومات المضللة وضمان عدم استخدامها لاحقًا.

وتفضلوا بقبول فائق الاحترام والتقدير.

والسلام عليكم ورحمة الله وبركاته.",0.9999999999857143,0.0,0.0,1.0,0.23176998877776256
ما هي متطلبات إقرار مشروع “تحسين تجربة المستخدم”؟,"['معالي وزير الاتصالات وتقنية المعلومات – حفظه الله', 'السلام عليكم ورحمة الله وبركاته،', 'حرصًا على تحسين تجربة المستخدم في التعامل مع الخدمات الحكومية الرقمية، نرفع إلى معاليكم طلبًا لإقرار مشروع “تحسين تجربة المستخدم”، والذي يهدف إلى تطوير واجهات الخدمات الإلكترونية وجعلها أكثر سهولة ومرونة، مع الاعتماد على ملاحظات وتقييمات المستفيدين في تحسين جودة الخدمة باستمرار.', 'نأمل من معاليكم التوجيه بما يلزم لاعتماد المشروع وتنفيذه بالتعاون مع الجهات المعنية.', 'وتفضلوا بقبول خالص تحياتي.']",يتطلب اعتماد مشروع “تحسين تجربة المستخدم” تقديم طلب رسمي مع الوثائق: معالي رئيس الهيئة العامة للمنشآت الصغيرة والمتوسطة حفظه الله السلام عليكم ورحمة الله وبركاته، إشارة إلى مشروع “تطوير تجربة مستخدم” المنعقد بتاريخ ??/??/????هـ، بشأن طلب الموافقة على المشروع، أود إفادة معاليكم بأن الهيئة بصدد إطلاق “تجربة مستخدمية متقدمة”، والتي تهدف إلى توحيد أداء المستخدمين وتحقيق مستهدفات رؤية المملكة 2030. نأمل التكرم بالموافقة، والتوجيه بما يلزم لاعتماد المشروع على النطاق التجريبي المشترك. وتفضلوا بقبول خالص التحية والتقدير. مع التحية، مؤسسة مسك,"معالي وزير الاتصالات وتقنية المعلومات – حفظه الله

السلام عليكم ورحمة الله وبركاته،

حرصًا على تحسين تجربة المستخدم في التعامل مع الخدمات الحكومية الرقمية، نرفع إلى معاليكم طلبًا لإقرار مشروع “تحسين تجربة المستخدم”، والذي يهدف إلى تطوير واجهات الخدمات الإلكترونية وجعلها أكثر سهولة ومرونة، مع الاعتماد على ملاحظات وتقييمات المستفيدين في تحسين جودة الخدمة باستمرار.

نأمل من معاليكم التوجيه بما يلزم لاعتماد المشروع وتنفيذه بالتعاون مع الجهات المعنية.

وتفضلوا بقبول خالص تحياتي.",0.8055555555287036,0.2727272727272727,0.0,1.0,0.3969898924308019
ما هي تفاصيل الدعوة لحضور منتدى “التميز الرقمي في المناطق”؟,"['صاحب السمو الملكي أمير منطقة حائل\nحفظه الله', 'السلام عليكم ورحمة الله وبركاته،', 'إشارة إلى ما تضمنته خطة الإمارة في برنامج “التحول الرقمي للمحافظات”، والنتائج المتميزة في رقمنة الخدمات البلدية والصحية.', 'يسر الهيئة دعوتكم للمشاركة في منتدى “التميز الرقمي في المناطق” المزمع عقده بتاريخ ١/٣/١٤٤٨هـ بمدينة الرياض. ويشمل المنتدى حلقات نقاش وعروضًا من الجهات الرائدة.', 'نأمل من سموكم التفضل بتسمية من تراه الإمارة لعرض تجربتها في المنتدى. للتنسيق، يمكن التواصل مع الأستاذ/ [anonymized]، على الهاتف المتنقل ([anonymized]) أو البريد الإلكتروني ([anonymized]).', 'والسلام عليكم ورحمة الله وبركاته.']",يتم إرسال دعوة رسمية لحضور منتدى “التميز الرقمي في المناطق”: معالي محافظ هيئة الحكومة الرقمية حفظه الله السلام عليكم ورحمة الله وبركاته، إشارة إلى خطاب معاليكم رقم (????) وتاريخ ??/??/????هـ، بشأن دعوة للمشاركة في “منتدى التمييز الرقمي للقطاع الرقمي”، يسر الهيئة دعوتكم للموافقة على تنظيم المنتدى، والمقرر انعقاده يوم الأحد 1446/9/1446هـ في مدينة الرياض، بمشاركة عدد من الجهات الحكومية والخاصة. عليه، آمل من معلميكم التفضل بتسمية من ترونه مناسبًا للمشاركين في هذا المنتدى، وللتنسيق يمكن التواصل معه عبر الهاتف المتنقل ([anonymized]) أو البريد الإلكتروني ([anonymized]). والله الموفق. مع التحية، مؤسسة مسك,"صاحب السمو الملكي أمير منطقة حائل
حفظه الله

السلام عليكم ورحمة الله وبركاته،

إشارة إلى ما تضمنته خطة الإمارة في برنامج “التحول الرقمي للمحافظات”، والنتائج المتميزة في رقمنة الخدمات البلدية والصحية.

يسر الهيئة دعوتكم للمشاركة في منتدى “التميز الرقمي في المناطق” المزمع عقده بتاريخ ١/٣/١٤٤٨هـ بمدينة الرياض. ويشمل المنتدى حلقات نقاش وعروضًا من الجهات الرائدة.

نأمل من سموكم التفضل بتسمية من تراه الإمارة لعرض تجربتها في المنتدى. للتنسيق، يمكن التواصل مع الأستاذ/ [anonymized]، على الهاتف المتنقل ([anonymized]) أو البريد الإلكتروني ([anonymized]).

والسلام عليكم ورحمة الله وبركاته.",0.9999999999833333,0.0,0.9861674839302795,1.0,0.48084562866428077
ما هي إجراءات تنفيذ التعميم بشأن تنفيذ المسوح الإحصائية لعام 2025؟,"['برقية عاجلة', 'صاحب السمو الملكي وزير الطاقة – سلمه الله\nصاحب السمو الملكي وزير الداخلية – سلمه الله\n(وبقية أصحاب المعالي والجهات حسب القائمة الواردة في الخطاب)', 'السلام عليكم ورحمة الله وبركاته', 'إشارة إلى قرار مجلس الوزراء رقم (11) وتاريخ 1437/1/13هـ، القاضي بالموافقة على تنظيم الهيئة العامة للإحصاء، والمتضمن في المادة (الرابعة) أن الهيئة هي الجهة المعنية بالإحصاء، وأنها المرجع الرسمي الوحيد لتنفيذ العمل الإحصائي والمشرف الفني والمنظم له، ولها في سبيل تحقيق أهدافها جمع البيانات والمعلومات التي تغطي جميع جوانب الحياة في المملكة من مصادرها المختلفة وتبويبها وتصنيفها، وجمع البيانات والمعلومات الإدارية في الأجهزة العامة والمنشآت الخاصة، وتبويبها وتحليلها ونشرها.', 'تعتزم الهيئة –بمشيئة الله– تنفيذ عدد من المسوح الإحصائية الميدانية (السكانية، والاقتصادية، والاجتماعية) خلال عام 2025م، حيث سيقوم فرق من موظفي الهيئة ومندوبيها بجمع بيانات ميدانية في جميع مناطق المملكة بهدف تحديث قواعد البيانات والمؤشرات الإحصائية، وتوفيرها لمتخذي القرار.', 'نأمل التعميم على منسوبيكم والجهات التابعة لكم في كافة مناطق المملكة بالتعاون مع موظفي الهيئة، وتقديم كافة التسهيلات الممكنة لهم، علمًا بأن جميع العاملين سيحملون بطاقات رسمية من الهيئة تُثبت انتسابهم ومهمتهم.', 'للتنسيق، يمكن التواصل مع الأستاذ/ [anonymized]، مدير إدارة شركات القطاع العام:\n\t•\tالجوال: 0000000000\n\t•\tالبريد الإلكتروني: [anonymized]', 'وتفضلوا بقبول خالص تحياتي.', 'وزير الاقتصاد والتخطيط\nرئيس مجلس إدارة الهيئة العامة للإحصاء\n[anonymized]']",يتم تنفيذ التعميم عبر إبلاغ الجهات المعنية: الموضوع: تنفيذ المسوح الإحصائي لعام 2025 معالي وزير البيئة والمياه والزراعة حفظه الله السلام عليكم ورحمة الله وبركاته، إشارة إلى خطاب معاليكم رقم (????) وتاريخ ??/??/????هـ، بشأن إجراء المسوح والإحصائي المقرر عقده يوم الاثنين 1446/10/26هـ الموافق 2025/11/26م، أود إفادتكم بأن الهيئة استكملت المرحلة الأولى من المسوح، وتم إجراء هذه المرحلة بالتعاون مع الجهات ذات العلاقة، بما يسهم في رفع كفاءة الإحصاء وتحقيق التكامل بين الجهات الحكومية. عليه، آمل التفضل بتكليف الفريق الفني المختص بالتنسيق مع فريق الهيئة لتنفيذ المسوح للإحصاء لعام 2025م. وللتنسيق في هذا الشأن أو الحصول على مزيد من المعلومات، يمكن التواصل مع الأستاذ/ [anonymized]، بالهاتف المتنقل ([anonymized]) أو البريد الإلكتروني ([anonymized]). والسلام عليكم وبركة مع التحية، مؤسسة مسك,"برقية عاجلة

صاحب السمو الملكي وزير الطاقة – سلمه الله
صاحب السمو الملكي وزير الداخلية – سلمه الله
(وبقية أصحاب المعالي والجهات حسب القائمة الواردة في الخطاب)

السلام عليكم ورحمة الله وبركاته

إشارة إلى قرار مجلس الوزراء رقم (11) وتاريخ 1437/1/13هـ، القاضي بالموافقة على تنظيم الهيئة العامة للإحصاء، والمتضمن في المادة (الرابعة) أن الهيئة هي الجهة المعنية بالإحصاء، وأنها المرجع الرسمي الوحيد لتنفيذ العمل الإحصائي والمشرف الفني والمنظم له، ولها في سبيل تحقيق أهدافها جمع البيانات والمعلومات التي تغطي جميع جوانب الحياة في المملكة من مصادرها المختلفة وتبويبها وتصنيفها، وجمع البيانات والمعلومات الإدارية في الأجهزة العامة والمنشآت الخاصة، وتبويبها وتحليلها ونشرها.

تعتزم الهيئة –بمشيئة الله– تنفيذ عدد من المسوح الإحصائية الميدانية (السكانية، والاقتصادية، والاجتماعية) خلال عام 2025م، حيث سيقوم فرق من موظفي الهيئة ومندوبيها بجمع بيانات ميدانية في جميع مناطق المملكة بهدف تحديث قواعد البيانات والمؤشرات الإحصائية، وتوفيرها لمتخذي القرار.

نأمل التعميم على منسوبيكم والجهات التابعة لكم في كافة مناطق المملكة بالتعاون مع موظفي الهيئة، وتقديم كافة التسهيلات الممكنة لهم، علمًا بأن جميع العاملين سيحملون بطاقات رسمية من الهيئة تُثبت انتسابهم ومهمتهم.

للتنسيق، يمكن التواصل مع الأستاذ/ [anonymized]، مدير إدارة شركات القطاع العام:
	•	الجوال: 0000000000
	•	البريد الإلكتروني: [anonymized] 

وتفضلوا بقبول خالص تحياتي.

وزير الاقتصاد والتخطيط
رئيس مجلس إدارة الهيئة العامة للإحصاء
[anonymized]",0.9087301587171768,0.23076923076923078,0.0,1.0,0.49595554034622197
ما هي تفاصيل الدعوة لحضور حفل تدشين مركز TECHXAGON للتحول الرقمي؟,"['معالي المهندس / [anonymized]\nمحافظ هيئة الحكومة الرقمية\nالموقر\nالسلام عليكم ورحمة الله وبركاته،', 'برعاية كريمة من معالي نائب وزير الاتصالات وتقنية المعلومات المهندس/ [anonymized]، تتشرف الشركة السعودية للحاسبات الإلكترونية (SBM) بدعوتكم لحفل افتتاح وتدشين مركز التحول الرقمي والابتكار والتطوير (TECHXAGON)، وذلك بمقر شركة (SBM)، يوم الاثنين 6 مايو 2024م، الموافق 27 ذو القعدة 1445هـ، في تمام الساعة 10:30 صباحًا، في مقر الشركة داخل المدينة الرقمية بالرياض.', 'تم تصميم وتنفيذ مركز TECHXAGON وفق أعلى وأحدث المعايير العالمية في مجال تقنية المعلومات، حيث يضم المركز:\n\t1.\tقسم البيانات والحوسبة السحابية (Data Center and Cloud Computing)\n\t2.\tقسم البحوث والتطوير (Research and Development - R&D)\n\t3.\tمركز الابتكار والتميز التقني (Innovation & Technology Center of Excellence)\n\t4.\tقسم مركز أمن التحديات السيبرانية (SOC) وقسم عمليات مراقبة الشبكات (NOC)\n\t5.\tقسم التقنيات الناشئة (Emerging Technologies)\n\t6.\tقسم حلول التقنيات المتكاملة (Architected Integrated Technology Solutions)\n\t7.\tمركز لخدمة العملاء والإعلام (Customer Care Center) وقسمًا للتحكم والسيطرة (Command & Control Center)', 'وبهذه المناسبة، فإنه من دواعي سرورنا دعوة معاليكم الموقر لحضور حفل الافتتاح وتدشين مركز التحول الرقمي والابتكار TECHXAGON، والذي سيشهد نخبة من ممثلي الجهات الحكومية والشركات العالمية في قطاع الاتصالات وتقنية المعلومات.', 'نأمل تأكيد حضور معاليكم في أقرب وقت ممكن لتيسير عمل الترتيبات اللازمة.\nولمزيد من المعلومات أو تأكيد الحضور، يرجى التواصل مع:\n\t•\tالأستاذ/ [anonymized]\n\t•\tالبريد الإلكتروني: [anonymized]\n\t•\tالجوال: 05xxxxxxx4', 'وتقبلوا خالص تحياتي وتقديري،\n[anonymized]\nالرئيس التنفيذي – الشركة السعودية للحاسبات الإلكترونية (SBM)']",يتم إرسال دعوة رسمية لحضور حفل تدشين مركز TECHXAGON للتحول الرقمي: معالي وزير الاتصالات وتقنية المعلومات حفظه الله السلام عليكم ورحمة الله وبركاته، إشارة إلى خطاب معاليكم رقم (????) وتاريخ ??/??/????هـ، بشأن دعوة للمشاركة في حفل التدشين، يسر الهيئة دعوتكم للموافقة على تنظيم “مركز تكنولوجيا المعلومات للتحول الرقمي”، والمقرر انعقاده يوم الاثنين ??/?/??هـ في مقر الهيئة بمدينة الرياض، بمشاركة عدد من الجهات الحكومية والخاصة. يطيب لي أن أتقدّم لمعاليكم بالشكر الجزيل على الدعوة، وأفيدكم بقبول خالص التحية والتقدير. مع التحية، مؤسسة مسك,"معالي المهندس / [anonymized]
محافظ هيئة الحكومة الرقمية
الموقر
السلام عليكم ورحمة الله وبركاته،

برعاية كريمة من معالي نائب وزير الاتصالات وتقنية المعلومات المهندس/ [anonymized]، تتشرف الشركة السعودية للحاسبات الإلكترونية (SBM) بدعوتكم لحفل افتتاح وتدشين مركز التحول الرقمي والابتكار والتطوير (TECHXAGON)، وذلك بمقر شركة (SBM)، يوم الاثنين 6 مايو 2024م، الموافق 27 ذو القعدة 1445هـ، في تمام الساعة 10:30 صباحًا، في مقر الشركة داخل المدينة الرقمية بالرياض.

تم تصميم وتنفيذ مركز TECHXAGON وفق أعلى وأحدث المعايير العالمية في مجال تقنية المعلومات، حيث يضم المركز:
	1.	قسم البيانات والحوسبة السحابية (Data Center and Cloud Computing)
	2.	قسم البحوث والتطوير (Research and Development - R&D)
	3.	مركز الابتكار والتميز التقني (Innovation & Technology Center of Excellence)
	4.	قسم مركز أمن التحديات السيبرانية (SOC) وقسم عمليات مراقبة الشبكات (NOC)
	5.	قسم التقنيات الناشئة (Emerging Technologies)
	6.	قسم حلول التقنيات المتكاملة (Architected Integrated Technology Solutions)
	7.	مركز لخدمة العملاء والإعلام (Customer Care Center) وقسمًا للتحكم والسيطرة (Command & Control Center)

وبهذه المناسبة، فإنه من دواعي سرورنا دعوة معاليكم الموقر لحضور حفل الافتتاح وتدشين مركز التحول الرقمي والابتكار TECHXAGON، والذي سيشهد نخبة من ممثلي الجهات الحكومية والشركات العالمية في قطاع الاتصالات وتقنية المعلومات.

نأمل تأكيد حضور معاليكم في أقرب وقت ممكن لتيسير عمل الترتيبات اللازمة.
ولمزيد من المعلومات أو تأكيد الحضور، يرجى التواصل مع:
	•	الأستاذ/ [anonymized]
	•	البريد الإلكتروني: [anonymized]
	•	الجوال: 05xxxxxxx4

وتقبلوا خالص تحياتي وتقديري،
[anonymized]
الرئيس التنفيذي – الشركة السعودية للحاسبات الإلكترونية (SBM)",0.9999999999833333,0.4,0.9941113831740916,1.0,0.40527795646009246
ما هي تفاصيل الدعوة لحضور دعوة الهيئة الملكية لمدينة الرياض للمشاركة في منتدى دافوس 2024؟,"['(عاجل جدًا)\nالموضوع: بشأن مشاركة السعودية الرقمية في منتدى دافوس 2024م\nمعالي الرئيس التنفيذي للهيئة الملكية لمدينة الرياض\nحفظه الله', 'السلام عليكم ورحمة الله وبركاته،', 'إشارة إلى برقية معالي رئيس الديوان الملكي التعميمية رقم (39175) وتاريخ 1444/6/4هـ، المبلّغة للجهات بشأن “أن تكون مشاركة الجهات الحكومية في الفعاليات والمؤتمرات والمعارض ذات العلاقة بالحكومة الرقمية والتحول الرقمي – بالتنسيق مع هيئة الحكومة الرقمية – من خلال برنامج (السعودية الرقمية)”.', 'ولأهمية مشاركة الجهات الحكومية السعودية في الفعاليات ذات العلاقة بالحكومة الرقمية والتحول الرقمي بهوية موحدة، تعزز صورة المملكة العربية السعودية ومكانتها عالميًا، وتسهم في تحقيق مستهدفات رؤية المملكة 2030؛', 'وإذ يُعد المنتدى الاقتصادي العالمي (دافوس 2024م) من أبرز هذه الفعاليات التي تحرص الهيئة على تمثيل المملكة فيها بهوية وطنية موحدة تعكس تقدمها الرقمي، وتفعّل أدوار التوعية والتمكين على الصعيدين المحلي والدولي؛', 'يسرّنا دعوة جهتكم الموقّرة للمشاركة في جناح السعودية الرقمية في المنتدى، المزمع إقامته في مدينة دافوس – سويسرا، خلال الفترة من 15 إلى 19 يناير 2024م.', 'عليه، آمل تفضل معاليكم بتوجيه من ترونه مناسبًا للتنسيق مع فريق برنامج السعودية الرقمية حيال المشاركة،\nويمكن للمختصين لديكم التواصل في هذا الشأن مع الأستاذ/ [anonymized]. العودان، عبر الهاتف المتنقل: 0000000000 أو البريد الإلكتروني: [anonymized]', 'وتفضلوا معاليكم بقبول خالص تحياتي،\nم. [anonymized]\nمحافظ هيئة الحكومة الرقمية']",يتم إرسال دعوة رسمية لحضور دعوة الهيئة الملكية لمدينة الرياض للمشاركة في منتدى دافوس 2024: معالي محافظ هيئة الحكومة الرقمية حفظه الله السلام عليكم ورحمة الله وبركاته، إشارة إلى خطاب معاليكم رقم (????) وتاريخ ??/??/????هـ، بشأن دعوة للهيئة الوطنية للمنطقة الملكية للمدينة والمقرر إقامته في مدينة الرياض، يسر الهيئة دعوتكم للموافقة على مشاركة الهيئة في المنتدى “دافوس 2025” بمشاركة الجهات الحكومية والخاصة. وللتنسيق في هذا الشأن أو الحصول على مزيد من المعلومات، يمكن التواصل مع الأستاذ/ [anonymized]، بالهاتف المتنقل ([anonymized]) أو البريد الإلكتروني ([anonymized]). والسلام عليهم ورحمته. مع التحية، مؤسسة مسك,"(عاجل جدًا)
الموضوع: بشأن مشاركة السعودية الرقمية في منتدى دافوس 2024م
معالي الرئيس التنفيذي للهيئة الملكية لمدينة الرياض
حفظه الله

السلام عليكم ورحمة الله وبركاته،

إشارة إلى برقية معالي رئيس الديوان الملكي التعميمية رقم (39175) وتاريخ 1444/6/4هـ، المبلّغة للجهات بشأن “أن تكون مشاركة الجهات الحكومية في الفعاليات والمؤتمرات والمعارض ذات العلاقة بالحكومة الرقمية والتحول الرقمي – بالتنسيق مع هيئة الحكومة الرقمية – من خلال برنامج (السعودية الرقمية)”.

ولأهمية مشاركة الجهات الحكومية السعودية في الفعاليات ذات العلاقة بالحكومة الرقمية والتحول الرقمي بهوية موحدة، تعزز صورة المملكة العربية السعودية ومكانتها عالميًا، وتسهم في تحقيق مستهدفات رؤية المملكة 2030؛

وإذ يُعد المنتدى الاقتصادي العالمي (دافوس 2024م) من أبرز هذه الفعاليات التي تحرص الهيئة على تمثيل المملكة فيها بهوية وطنية موحدة تعكس تقدمها الرقمي، وتفعّل أدوار التوعية والتمكين على الصعيدين المحلي والدولي؛

يسرّنا دعوة جهتكم الموقّرة للمشاركة في جناح السعودية الرقمية في المنتدى، المزمع إقامته في مدينة دافوس – سويسرا، خلال الفترة من 15 إلى 19 يناير 2024م.

عليه، آمل تفضل معاليكم بتوجيه من ترونه مناسبًا للتنسيق مع فريق برنامج السعودية الرقمية حيال المشاركة،
ويمكن للمختصين لديكم التواصل في هذا الشأن مع الأستاذ/ [anonymized]. العودان، عبر الهاتف المتنقل: 0000000000 أو البريد الإلكتروني: [anonymized]

وتفضلوا معاليكم بقبول خالص تحياتي،
م. [anonymized]
محافظ هيئة الحكومة الرقمية",0.9999999999875,0.0,0.9783750483008892,1.0,0.5032543643402593
ما هي تفاصيل ترشيح ممثل بشأن طلب للمشاركة في فريق عمل استضافة منتدى حوكمة الإنترنت؟,"['(عاجل جدًا)\nالموضوع: طلب مرشح للمشاركة في فريق العمل – استضافة “منتدى حوكمة الإنترنت”.\nمعالي وزير الاتصالات وتقنية المعلومات\nحفظه الله', 'السلام عليكم ورحمة الله وبركاته،', 'إشارةً إلى برقية معالي رئيس الديوان الملكي رقم (39180) وتاريخ 1444/6/4هـ، المبلّغ بها الموافقة الكريمة على ما وجه به مجلس الوزراء في جلسته المنعقدة بتاريخ 1444/6/3هـ، القاضي في (أولًا): بقيام هيئة الحكومة الرقمية بما يلزم لاستضافة منتدى حوكمة الإنترنت التابع لمنظمة الأمم المتحدة،\nوإلى برقية سعادة وكيل وزارة الخارجية للشؤون الدولية المتعددة رقم (046735-45-001) وتاريخ 1445/2/18هـ، المرفق بها خطاب وكيل الأمين العام للأمم المتحدة للشؤون الاقتصادية والاجتماعية السيد/ [anonymized]، المتضمن الموافقة على استضافة المملكة العربية السعودية للمنتدى – المشار إليه أعلاه – وتأكيد موعد انعقاده في المدة من 17 إلى 21 نوفمبر 2024م، وذلك في مركز الملك عبدالعزيز الدولي للمؤتمرات بالرياض.', 'ونظرًا إلى أهمية التحضير والتعاون بين الجهات الحكومية ذات العلاقة لاستضافة المنتدى في العام (2024م)،\nفإن هذه الهيئة تسعى إلى تشكيل فريق عمل للتنسيق والتحضير لجميع الأعمال المتعلقة بالاستضافة، بالإضافة إلى تحضير فريق العمل لزيارة دولة اليابان للاطلاع والاستفادة من تجربتها في استضافة “منتدى حوكمة الإنترنت” للعام (2023م)، والذي سيُعقد في مدينة كيوتو خلال الفترة من 8 إلى 12 أكتوبر 2023م، وذلك تمهيدًا للتحضير والإعداد لاستضافته بمدينة الرياض في الربع الرابع من العام 2024م.', 'عليه، آمل من معاليكم التكرم بالاطلاع، وتسمية من ترونه مناسبًا للمشاركة في فريق العمل المذكور آنفًا.\nويمكن للمختصين بوزارتكم الموقرة التواصل بهذا الشأن مع الأستاذ/ [anonymized] عبر:\n\t•\tالهاتف المتنقل: 0000000000\n\t•\tالبريد الإلكتروني: [anonymized]', 'وتفضلوا معاليكم بقبول خالص تحياتي.', 'م. [anonymized]\nمحافظ هيئة الحكومة الرقمية']",يتم ترشيح ممثل للمشاركة في طلب المشاركة في فريق عمل استضافة منتدى حوكمة الإنترنت: معالي رئيس الهيئة العامة للمنشآت الصغيرة والمتوسطة حفظه الله السلام عليكم ورحمة الله وبركاته، إشارة إلى خطاب معاليكم رقم (????) وتاريخ ??/?/????هـ، المتضمن طلب الترشيح لمشاركة فريق العمل الاستضافة للمنتدى، يسر الهيئة إحاطة سموكم بأن الهيئة ترشح الأستاذ/ [anonymized]، مدير وحدة الاستضافة، لتمثيلها في فريق العمل المشترك، لما له من خبرة عملية في استضافة المنتدى. وللتنسيق في هذا الشأن يمكن التواصل معه عبر الهاتف المتنقل ([anonymized]) أو البريد الإلكتروني ([anonymized]). والسلام عليكم وبركة مع التحية، مؤسسة مسك,"(عاجل جدًا)
الموضوع: طلب مرشح للمشاركة في فريق العمل – استضافة “منتدى حوكمة الإنترنت”.
معالي وزير الاتصالات وتقنية المعلومات
حفظه الله

السلام عليكم ورحمة الله وبركاته،

إشارةً إلى برقية معالي رئيس الديوان الملكي رقم (39180) وتاريخ 1444/6/4هـ، المبلّغ بها الموافقة الكريمة على ما وجه به مجلس الوزراء في جلسته المنعقدة بتاريخ 1444/6/3هـ، القاضي في (أولًا): بقيام هيئة الحكومة الرقمية بما يلزم لاستضافة منتدى حوكمة الإنترنت التابع لمنظمة الأمم المتحدة،
وإلى برقية سعادة وكيل وزارة الخارجية للشؤون الدولية المتعددة رقم (046735-45-001) وتاريخ 1445/2/18هـ، المرفق بها خطاب وكيل الأمين العام للأمم المتحدة للشؤون الاقتصادية والاجتماعية السيد/ [anonymized]، المتضمن الموافقة على استضافة المملكة العربية السعودية للمنتدى – المشار إليه أعلاه – وتأكيد موعد انعقاده في المدة من 17 إلى 21 نوفمبر 2024م، وذلك في مركز الملك عبدالعزيز الدولي للمؤتمرات بالرياض.

ونظرًا إلى أهمية التحضير والتعاون بين الجهات الحكومية ذات العلاقة لاستضافة المنتدى في العام (2024م)،
فإن هذه الهيئة تسعى إلى تشكيل فريق عمل للتنسيق والتحضير لجميع الأعمال المتعلقة بالاستضافة، بالإضافة إلى تحضير فريق العمل لزيارة دولة اليابان للاطلاع والاستفادة من تجربتها في استضافة “منتدى حوكمة الإنترنت” للعام (2023م)، والذي سيُعقد في مدينة كيوتو خلال الفترة من 8 إلى 12 أكتوبر 2023م، وذلك تمهيدًا للتحضير والإعداد لاستضافته بمدينة الرياض في الربع الرابع من العام 2024م.

عليه، آمل من معاليكم التكرم بالاطلاع، وتسمية من ترونه مناسبًا للمشاركة في فريق العمل المذكور آنفًا.
ويمكن للمختصين بوزارتكم الموقرة التواصل بهذا الشأن مع الأستاذ/ [anonymized] عبر:
	•	الهاتف المتنقل: 0000000000
	•	البريد الإلكتروني: [anonymized]

وتفضلوا معاليكم بقبول خالص تحياتي.

م. [anonymized]
محافظ هيئة الحكومة الرقمية",0.9999999999857143,0.18181818181818182,0.8574443033845657,0.5,0.4486028123228314
كيف يتم التعبير عن الشكر بشأن لمدير جامعة الملك عبدالعزيز الاعتراف الأكاديمي لكلية الخدمات الطبية؟,"['معالي د. [anonymized] طيب\nمدير جامعة الملك عبدالعزيز\nسلمه الله', 'السلام عليكم ورحمة الله وبركاته', 'إشارة إلى خطاب معاليكم رقم ٨٢/٣٠/٢ وتاريخ 1430/3/30هـ، بشأن حصول المستشفى الجامعي على الاعتراف الأكاديمي لكلية الخدمات الطبية.', 'يطيب لنا أن نهنئكم على هذا الإنجاز العلمي، ونشارككم فرحة المزيد. كما نشكر معاليكم على هذه الجهود الكبيرة المبذولة من قبل منسوبيكم للوصول لهذا المستوى المشرف.', 'متمنين لكم مزيدًا من النجاح والتوفيق والسداد،\nوتقبلوا تحياتنا،،،', 'محافظ جدة\n[anonymized]']",يتم التعبير عن الشكر عبر خطاب رسمي يُشيد بالإنجازات: سعادة المدير العام لجامعة الملك عبدالعزيز الاعتراف الأكاديمي لكلية الخدمات الطبية سلّمه الله السلام عليكم ورحمة الله وبركاته، إشارة إلى خطاب سعادتكم رقم (????) وتاريخ ??/?/????هـ، بشأن الشكر والتقدير لسعادتكم على ما قدمته الجامعة من اعتراف أكاديمي وجامعة الملك عبد العزيز بالكلية الطبية بالجامعة، تتقدم الهيئة بخالص الشكر وتقديرها لمعاليكم، ونتطلع إلى استمرار هذا التعاون البناء في مجالات التحول الطبيعي، بما يسهم في تحسين تجربة المستشفى، وتحقيق التوافق مع مستهدفات رؤية المملكة 2030. وتقبلوا خالص تحياتي. م. [anonymized] محافظ هيئة الحكومة الرقمية مع التحية، مؤسسة مسك,"معالي د. [anonymized] طيب
مدير جامعة الملك عبدالعزيز
سلمه الله

السلام عليكم ورحمة الله وبركاته

إشارة إلى خطاب معاليكم رقم ٨٢/٣٠/٢ وتاريخ 1430/3/30هـ، بشأن حصول المستشفى الجامعي على الاعتراف الأكاديمي لكلية الخدمات الطبية.

يطيب لنا أن نهنئكم على هذا الإنجاز العلمي، ونشارككم فرحة المزيد. كما نشكر معاليكم على هذه الجهود الكبيرة المبذولة من قبل منسوبيكم للوصول لهذا المستوى المشرف.

متمنين لكم مزيدًا من النجاح والتوفيق والسداد،
وتقبلوا تحياتنا،،،

محافظ جدة
[anonymized]",0.99999999998,0.5,0.9622584332115013,0.625,0.5480441733622766
ما هي تفاصيل الدعوة لحضور ملتقى التحول الرقمي في المدن؟,"['صاحب السمو الملكي الأمير [anonymized]\nمحافظ الطائف\nحفظه الله', 'السلام عليكم ورحمة الله وبركاته،', 'إشارة إلى خطاب سموكم رقم (٣١٠٢) وتاريخ ٢٥/٩/١٤٤٥هـ، المتضمن رغبة إمارة محافظة الطائف في استعراض فرص التحول الرقمي في الخدمات البلدية، أود إفادة سموكم بأن الهيئة تنظم “ملتقى التحول الرقمي في المدن” خلال الفترة من ١٥ إلى ١٧ من شهر ذو القعدة المقبل، بمدينة جدة، تحت رعاية معالي وزير الاتصالات وتقنية المعلومات، رئيس مجلس إدارة الهيئة.', 'عليه، آمل من سموكم التفضل بالموافقة على مشاركة الإمارة في الملتقى، وتسمية من ترونه مناسبًا من المختصين لتقديم عرض حول جهود المحافظة، والاستفادة من جلسات الملتقى وورش العمل المصاحبة.\nوللتنسيق في هذا الشأن أو الحصول على مزيد من المعلومات، يمكن التواصل مع الأستاذ/ [anonymized]، بالهاتف المتنقل ([anonymized]) أو البريد الإلكتروني ([anonymized]).', 'والسلام عليكم ورحمة الله وبركاته.']",يتم إرسال دعوة رسمية لحضور ملتقى التحول الرقمي في المدن: معالي وزير الموارد البشرية والتنمية الاجتماعية حفظه الله السلام عليكم ورحمة الله وبركاته، إشارة إلى خطاب معاليكم رقم (????) وتاريخ ??/??/????هـ، بشأن دعوة للمشاركة في ملتقى “التحول الرقمي بين المدن والمدن”، يهدف الملتقى إلى استعراض أحدث التقنيات التقنية في المناطق الحضرية، وتعزيز التكامل التقني بين البلديات والبلديات، بما يسهم في رفع كفاءة الخدمات الرقمية، وتحقيق مستهدفات رؤية المملكة 2030. وتفضلوا بقبول خالص التحية والتقدير. م. [anonymized] محافظ هيئة الحكومة الرقمية مع التحية، مؤسسة مسك,"صاحب السمو الملكي الأمير [anonymized]
محافظ الطائف
حفظه الله

السلام عليكم ورحمة الله وبركاته،

إشارة إلى خطاب سموكم رقم (٣١٠٢) وتاريخ ٢٥/٩/١٤٤٥هـ، المتضمن رغبة إمارة محافظة الطائف في استعراض فرص التحول الرقمي في الخدمات البلدية، أود إفادة سموكم بأن الهيئة تنظم “ملتقى التحول الرقمي في المدن” خلال الفترة من ١٥ إلى ١٧ من شهر ذو القعدة المقبل، بمدينة جدة، تحت رعاية معالي وزير الاتصالات وتقنية المعلومات، رئيس مجلس إدارة الهيئة.

عليه، آمل من سموكم التفضل بالموافقة على مشاركة الإمارة في الملتقى، وتسمية من ترونه مناسبًا من المختصين لتقديم عرض حول جهود المحافظة، والاستفادة من جلسات الملتقى وورش العمل المصاحبة.
وللتنسيق في هذا الشأن أو الحصول على مزيد من المعلومات، يمكن التواصل مع الأستاذ/ [anonymized]، بالهاتف المتنقل ([anonymized]) أو البريد الإلكتروني ([anonymized]).

والسلام عليكم ورحمة الله وبركاته.",0.99999999998,0.16666666666666666,0.9346178632405705,0.6666666666666666,0.4686962190557963
ما هي تفاصيل الدعوة لحضور ملتقى التحول الرقمي بالمنطقة الشرقية؟,"['معالي محافظ هيئة الحكومة الرقمية  \nالسلام عليكم ورحمة الله وبركاته،  \nتعتزم وزارة الموارد البشرية والتنمية الاجتماعية إقامة ملتقى التحول الرقمي بالمنطقة الشرقية برعاية صاحب السمو الملكي الأمير [anonymized] أمير المنطقة الشرقية، وحضور معالي وزير الموارد البشرية والتنمية الاجتماعية، ويهدف الملتقى إلى اطلاع عملاء الوزارة من الجهات الحكومية والقطاع غير الربحي وقطاع خاص على مسار التحول الرقمي بالوزارة والتعريف بالمنتجات الرقمية.', 'يتضمن أجندة الملتقى جلستين حواريتين:  \n- الأولى بعنوان ""توظيف الذكاء الاصطناعي في المهام الوظيفية الحكومية""،  \n- والثانية بعنوان ""دور المنصات الرقمية في تحسين الكفاءة التشغيلية ورفع جودة الخدمات الحكومية المقدمة"".', 'نأمل من معاليكم تسمية مرشحين من هيئة الحكومة الرقمية للمشاركة في الجلستين، وذلك في الملتقى الذي سيُقام في مدينة الدمام يومي الأربعاء والخميس الموافق 14-15 مايو 2025م، في فندق الكوتورون.', 'نأمل التكرم بتسمية المرشحين في موعد أقصاه 22/10/1446هـ، ويمكن التنسيق في ذلك مع الأستاذة [anonymized]، جوال: ([anonymized]) بريد إلكتروني: [anonymized].', 'وتقبلوا أطيب تحياتي.', 'م. [anonymized]  \nوزير الموارد البشرية والتنمية الاجتماعية']",يتم إرسال دعوة رسمية لحضور ملتقى التحول الرقمي بالمنطقة الشرقية: معالي رئيس الهيئة العامة للبيانات والذكاء الاصطناعي حفظه الله السلام عليكم ورحمة الله وبركاته، إشارة إلى خطاب معاليكم رقم (????) وتاريخ ??/??/????هـ، بشأن دعوة للمشاركة في ملتقى “التحول الرقمي في المنطقة الشرقية”، والمقرر انعقاده في مدينة الرياض يوم الاثنين الموافق ????/?/??هـ بمدينة الرياض، بحضور ممثلي الجهات الحكومية والخاصة. يطيب لي أن أرفع لمعاليكم دعوة موجهة للمشاركين في أعمال الملتقى، وتفضلوا بقبول خالص التحية والتقدير. مع التحية، مؤسسة مسك,"معالي محافظ هيئة الحكومة الرقمية  
السلام عليكم ورحمة الله وبركاته،  
تعتزم وزارة الموارد البشرية والتنمية الاجتماعية إقامة ملتقى التحول الرقمي بالمنطقة الشرقية برعاية صاحب السمو الملكي الأمير [anonymized] أمير المنطقة الشرقية، وحضور معالي وزير الموارد البشرية والتنمية الاجتماعية، ويهدف الملتقى إلى اطلاع عملاء الوزارة من الجهات الحكومية والقطاع غير الربحي وقطاع خاص على مسار التحول الرقمي بالوزارة والتعريف بالمنتجات الرقمية.

يتضمن أجندة الملتقى جلستين حواريتين:  
- الأولى بعنوان ""توظيف الذكاء الاصطناعي في المهام الوظيفية الحكومية""،  
- والثانية بعنوان ""دور المنصات الرقمية في تحسين الكفاءة التشغيلية ورفع جودة الخدمات الحكومية المقدمة"".

نأمل من معاليكم تسمية مرشحين من هيئة الحكومة الرقمية للمشاركة في الجلستين، وذلك في الملتقى الذي سيُقام في مدينة الدمام يومي الأربعاء والخميس الموافق 14-15 مايو 2025م، في فندق الكوتورون.

نأمل التكرم بتسمية المرشحين في موعد أقصاه 22/10/1446هـ، ويمكن التنسيق في ذلك مع الأستاذة [anonymized]، جوال: ([anonymized]) بريد إلكتروني: [anonymized].

وتقبلوا أطيب تحياتي.

م. [anonymized]  
وزير الموارد البشرية والتنمية الاجتماعية",0.9999999999833333,0.5,0.9951809255138527,1.0,0.3972684959211123
ما هي تفاصيل الدعوة لحضور ورشة “التحول الرقمي في قطاع الثقافة”؟,"['معالي وزير الثقافة\nحفظه الله', 'السلام عليكم ورحمة الله وبركاته،', 'إشارة إلى خطاب معاليكم رقم (٣٠٣٠) وتاريخ ٧/١٠/١٤٤٥هـ، بشأن المشاركة في ورشة تطوير الخدمات الرقمية الثقافية،', 'يسر الهيئة دعوتكم لحضور ورشة العمل الوطنية بعنوان “التحول الرقمي في قطاع الثقافة”، وذلك يوم الثلاثاء الموافق ١٥/١٠/١٤٤٥هـ بمدينة الرياض.', 'وتهدف الورشة إلى مناقشة فرص التكامل الرقمي، ورفع جودة تقديم الخدمات الثقافية عبر المنصات الذكية.', 'والسلام عليكم ورحمة الله وبركاته.']","يتم إرسال دعوة رسمية لحضور ورشة “التحول الرقمي في قطاع الثقافة"": معالي وزير الثقافة حفظه الله السلام عليكم ورحمة الله وبركاته، إشارة إلى خطاب معاليكم رقم (????) وتاريخ ??/??/????هـ، بشأن دعوة للمشاركة في ورشة العمل المزمعة بعنوان “التحول الرقمي للقطاع الثقافي”، والتي ستعقد بمدينة الرياض يوم الاثنين الموافق ????/?/??م، بمشاركة ممثلي الجهات الحكومية والخاصة في مجالات الحوكمة الرقمية، ومشاركة عدد من الجهات ذات العلاقة. يطيب لي أن أتقدم لمعاليكم بالشكر الجزيل على هذه الورشة، وللتنسيق في هذا الشأن أو الحصول على مزيد من التفاصيل، يمكن التواصل مع الأستاذ/ [anonymized]، بالهاتف المتنقل ([anonymized]) أو البريد الإلكتروني ([anonymized]). والسلام عليهم ورحمته. مع التحية، مؤسسة مسك","معالي وزير الثقافة
حفظه الله

السلام عليكم ورحمة الله وبركاته،

إشارة إلى خطاب معاليكم رقم (٣٠٣٠) وتاريخ ٧/١٠/١٤٤٥هـ، بشأن المشاركة في ورشة تطوير الخدمات الرقمية الثقافية،

يسر الهيئة دعوتكم لحضور ورشة العمل الوطنية بعنوان “التحول الرقمي في قطاع الثقافة”، وذلك يوم الثلاثاء الموافق ١٥/١٠/١٤٤٥هـ بمدينة الرياض.

وتهدف الورشة إلى مناقشة فرص التكامل الرقمي، ورفع جودة تقديم الخدمات الثقافية عبر المنصات الذكية.

والسلام عليكم ورحمة الله وبركاته.",0.9666666666473333,0.42857142857142855,0.0,1.0,0.5286216886552922
ما هي متطلبات تنظيم ورشة عمل حول التحول الرقمي؟,"['معالي رئيس الهيئة السعودية للبيانات والذكاء الاصطناعي حفظه الله', 'السلام عليكم ورحمة الله وبركاته،', 'في إطار الجهود المستمرة لتعزيز التحول الرقمي في القطاعات الحكومية، وتماشيًا مع رؤية المملكة 2030،\nيطيب لنا أن نطلب موافقة معاليكم على تنظيم ورشة عمل بعنوان ""استراتيجيات التحول الرقمي"" بالتعاون مع الجهات ذات العلاقة.', 'تهدف الورشة إلى تبادل المعرفة والخبرات، واستعراض أفضل الممارسات الدولية في هذا المجال، بالإضافة إلى تطوير مهارات العاملين في الجهات الحكومية فيما يتعلق بالتحول الرقمي.', 'نأمل من معاليكم التكرم بالموافقة على عقد الورشة، والتوجيه بما يلزم للتنسيق مع الجهات المختصة.', 'والسلام عليكم ورحمة الله وبركاته.']",يتطلب تنظيم ورشة عمل حول التحول الرقمي تقديم طلب رسمي مع الوثائق: معالي رئيس الهيئة العامة للبيانات والذكاء الاصطناعي حفظه الله السلام عليكم ورحمة الله وبركاته، حرصًا على تعزيز التكامل الرقمي بين الجهات الحكومية، تتقدم هيئة الحكومة الرقمية إلى معاليكم بطلب الموافقة على تنظيم “ورشة عمل بعنوان “التحول الرقمي”، والتي ستعقد في مدينة الرياض يوم الثلاثاء ??/?/????هـ، بمشاركة عدد من الجهات ذات العلاقة، وتسهم في رفع كفاءة الإنتاج الرقمي وتحقيق مستهدفات رؤية المملكة 2030. نأمل التكرم بالموافقة والتوجيه بما يلزم لتنظيم الورشة، والتنسيق مع الجهات المعنية بالتنسيق مع الهيئة لتقديم أفضل الممارسات التقنية في هذا المجال. وللتنسيق في هذا الشأن أو الحصول على مزيد من المعلومات، يمكن التواصل مع الأستاذ/ [anonymized]، بالهاتف المتنقل ([anonymized]) أو البريد الإلكتروني ([anonymized]). والسلام عليكم وبركة مع التحية، مؤسسة مسك,"معالي رئيس الهيئة السعودية للبيانات والذكاء الاصطناعي حفظه الله

السلام عليكم ورحمة الله وبركاته،

في إطار الجهود المستمرة لتعزيز التحول الرقمي في القطاعات الحكومية، وتماشيًا مع رؤية المملكة 2030،
يطيب لنا أن نطلب موافقة معاليكم على تنظيم ورشة عمل بعنوان ""استراتيجيات التحول الرقمي"" بالتعاون مع الجهات ذات العلاقة.

تهدف الورشة إلى تبادل المعرفة والخبرات، واستعراض أفضل الممارسات الدولية في هذا المجال، بالإضافة إلى تطوير مهارات العاملين في الجهات الحكومية فيما يتعلق بالتحول الرقمي.

نأمل من معاليكم التكرم بالموافقة على عقد الورشة، والتوجيه بما يلزم للتنسيق مع الجهات المختصة.

والسلام عليكم ورحمة الله وبركاته.",0.47777777776185176,0.3333333333333333,0.8295851480725805,1.0,0.4703139811565552
ما هي مستجدات أمر التغيير رقم (3) لمشروع تقديم خدمات فنية وتشغيلية للمنظومة الوطنية للتعاملات الإلكترونية الحكومية؟,"['الموضوع: أمر التغيير رقم (3)\nالرقم: 318/8\nالتاريخ: 1445/03/21هـ', 'إشارة إلى العقد المبرم بين وزارة الاتصالات وتقنية المعلومات وشركة العربية لخدمات الإنترنت والاتصالات رقم (2021/07/2021/1442) بتاريخ 1442/11/13هـ، بشأن مشروع “تقديم خدمات فنية وتشغيلية لدعم إدارة وتشغيل المنظومة الوطنية للتعاملات الإلكترونية الحكومية”.', 'وبالإشارة إلى طلب إصدار أمر التغيير رقم (3) بتاريخ 1445/03/21هـ، والمتضمن:\n\t1.\tتمديد مدة المشروع لمدة “6 أشهر ميلادية” من تاريخ إنذار البدء الجديد، وبمبلغ إجمالي قدره (X ريال) فقط، شاملة الضريبة.\n\t2.\tتعديل جدول كميات العقد بزيادة كميات محددة حسب جدول التغييرات المرفق.\n\t3.\tاعتماد التعديل وفقًا للمادة (36/1) من نظام المنافسات والمشتريات الحكومية والمادة (19) من العقد.', 'وبناءً عليه، تقرر ما يلي:', 'أولًا: زيادة قيمة العقد بمبلغ (X ريال) شامل ضريبة القيمة المضافة.\nثانيًا: يصبح إجمالي قيمة العقد بعد الزيادة (X ريال).\nثالثًا: تمديد فترة التنفيذ للمشروع لمدة 6 أشهر ميلادية.\nرابعًا: تبقى جميع مواد العقد كما هي.', 'يتم توقيع أمر التغيير من نسختين، تحفظ نسخة للجهة المعنية، ونسخة للإدارة المختصة بالمحاسبة، ونسخة لإدارة العقود والموردين.', 'عن الهيئة\nمحافظ الهيئة\n[anonymized]', 'عن المتعاقد\nمفوض الشركة\nم. [anonymized]']",توفر الإحاطة تحديثات حول أمر التغيير رقم (3) لمشروع تقديم الخدمات الفنية والتشغيلية للمنظومة الوطنية للتعاملات الإلكترونية الحكومية: معالي وزير الاتصالات وتقنية المعلومات حفظه الله السلام عليكم ورحمة الله وبركاته، إشارة إلى خطاب معاليكم رقم (????) وتاريخ ??/??/????هـ، بشأن مشروع تقديم خدمات فنية وشاملة للمنظمة الوطنية للترافقات الإلكترونية الحكومية، أود إحاطتكم بأن الهيئة استكملت إعداد مشروع “خدمات فنية تشغيلية للخدمات الحكومية”، والذي يهدف إلى تمكين الجهات من تبادل الخبرات والخدمات، وتحسين تجربة المستخدم. عليه، آمل التفضل بتوجيه المختصين لديكم للتنسيق مع فريق الوزارة لتقديم الخدمات التقنية والتكاملية اللازمة. وللتنسيق في هذا الشأن أو الحصول على مزيد من المعلومات، يمكن التواصل مع الأستاذ/ [anonymized]، بالهاتف المتنقل (057831) أو البريد الإلكتروني ([anonymized]). والسلام عليكم وبركة مع التحية، مؤسسة مسك,"الموضوع: أمر التغيير رقم (3)
الرقم: 318/8
التاريخ: 1445/03/21هـ

إشارة إلى العقد المبرم بين وزارة الاتصالات وتقنية المعلومات وشركة العربية لخدمات الإنترنت والاتصالات رقم (2021/07/2021/1442) بتاريخ 1442/11/13هـ، بشأن مشروع “تقديم خدمات فنية وتشغيلية لدعم إدارة وتشغيل المنظومة الوطنية للتعاملات الإلكترونية الحكومية”.

وبالإشارة إلى طلب إصدار أمر التغيير رقم (3) بتاريخ 1445/03/21هـ، والمتضمن:
	1.	تمديد مدة المشروع لمدة “6 أشهر ميلادية” من تاريخ إنذار البدء الجديد، وبمبلغ إجمالي قدره (X ريال) فقط، شاملة الضريبة.
	2.	تعديل جدول كميات العقد بزيادة كميات محددة حسب جدول التغييرات المرفق.
	3.	اعتماد التعديل وفقًا للمادة (36/1) من نظام المنافسات والمشتريات الحكومية والمادة (19) من العقد.

وبناءً عليه، تقرر ما يلي:

أولًا: زيادة قيمة العقد بمبلغ (X ريال) شامل ضريبة القيمة المضافة.
ثانيًا: يصبح إجمالي قيمة العقد بعد الزيادة (X ريال).
ثالثًا: تمديد فترة التنفيذ للمشروع لمدة 6 أشهر ميلادية.
رابعًا: تبقى جميع مواد العقد كما هي.

يتم توقيع أمر التغيير من نسختين، تحفظ نسخة للجهة المعنية، ونسخة للإدارة المختصة بالمحاسبة، ونسخة لإدارة العقود والموردين.

عن الهيئة
محافظ الهيئة
[anonymized]

عن المتعاقد
مفوض الشركة
م. [anonymized]",0.9999999999875,0.18181818181818182,0.8591707527490994,1.0,0.39295490217215623
ما هي تفاصيل التهنئة بشأن شكر على المساهمة في تحقيق المملكة المركز الأول في مؤشر نضج الخدمات الحكومية الإلكترونية والنقالة؟,"['الموضوع: شكر وتقدير لمساهمتكم في مؤشر نضج الخدمات الإلكترونية والنقالة – الإسكوا', 'معالي [جهات متعددة: الزكاة، التأمينات، سدايا، هيئة الخبراء، النقل، الإحصاء، الغذاء والدواء، السياحة، الكهرباء، سابتكو، سار، المركز الوطني لنظم الموارد الحكومية، شركة المياه الوطنية]\nحفظهم الله', 'السلام عليكم ورحمة الله وبركاته', 'إشارة إلى برقية معالي رئيس الديوان الملكي رقم (39180) وتاريخ 1444/6/4هـ، وخطاب الأمانة العامة رقم (8148) وتاريخ 1444/6/3هـ، بشأن سرعة الاستجابة لطلبات هيئة الحكومة الرقمية في ما يخص الاستبانات الدولية، وتنفيذ المتطلبات الخاصة بمؤشر نضج الخدمات الحكومية الإلكترونية والنقالة الصادر عن لجنة الإسكوا.', 'يسرني أن أُفيد معاليكم أن المملكة العربية السعودية حققت المركز الأول في مؤشر نضج الخدمات الإلكترونية والنقالة لعام 2023م بنسبة نضج بلغت 93%.', 'ويُقيس المؤشر مدى نضج الخدمات المقدمة عبر البوابات الإلكترونية والتطبيقات الذكية، عبر ثلاث مؤشرات فرعية هي:\n\t•\tتوفر الخدمة وتطورها\n\t•\tاستخدام الخدمة ورضا المستخدم\n\t•\tالوصول إلى الجمهور', 'هذا الإنجاز يعكس جهود الجهات الحكومية، واهتمام القيادة الرشيدة بدفع عجلة التحول الرقمي تحقيقًا لرؤية المملكة 2030.', 'أبارك لكم هذا الإنجاز، وأتقدم لكم ولفرقكم بالشكر والتقدير على إسهاماتكم، متطلعين إلى مزيد من النجاحات لتعزيز الصدارة الإقليمية والدولية للمملكة.', 'وتقبلوا خالص تحياتي.\nم. [anonymized]\nمحافظ هيئة الحكومة الرقمية']",يتم تقديم التهنئة عبر خطاب رسمي يُشيد بالإنجازات: سعادة الرئيس التنفيذي لهيئة تطوير بوابة الدرعية سلّمه الله السلام عليكم ورحمة الله وبركاته، إشارة إلى خطاب سعادتكم رقم (????) وتاريخ ??/?/????هـ، بشأن مساهمتكم في تحقيق المملكة المركز الأول في مؤشر نضج الخدمات الحكومية الإلكترونية والنقلية، أشير إلى مشاركة الهيئة ضمن مؤشر النضج الوطني لخدمات الحكومة الرقمية، والذي يهدف إلى تسهيل التحول الرقمي وتحقيق مستهدفات رؤية المملكة 2030. نأمل التكرم بالشكر والتقدير لسعادتكم على ما قدمتموه من مساهمة المملكة في تحقيق المركز الأول، والذي ساهم في تسريع تبادل الخبرات وتحقيق التكامل بين الجهات ذات العلاقة. وللتنسيق في هذا الشأن أو الحصول على مزيد من المعلومات، يمكن التواصل مع الأستاذ/ [anonymized]، بالهاتف المتنقل ([anonymized]) أو البريد الإلكتروني ([anonymized]). والسلام عليكم وبركة مع التحية، مؤسسة مسك,"الموضوع: شكر وتقدير لمساهمتكم في مؤشر نضج الخدمات الإلكترونية والنقالة – الإسكوا

معالي [جهات متعددة: الزكاة، التأمينات، سدايا، هيئة الخبراء، النقل، الإحصاء، الغذاء والدواء، السياحة، الكهرباء، سابتكو، سار، المركز الوطني لنظم الموارد الحكومية، شركة المياه الوطنية]
حفظهم الله

السلام عليكم ورحمة الله وبركاته

إشارة إلى برقية معالي رئيس الديوان الملكي رقم (39180) وتاريخ 1444/6/4هـ، وخطاب الأمانة العامة رقم (8148) وتاريخ 1444/6/3هـ، بشأن سرعة الاستجابة لطلبات هيئة الحكومة الرقمية في ما يخص الاستبانات الدولية، وتنفيذ المتطلبات الخاصة بمؤشر نضج الخدمات الحكومية الإلكترونية والنقالة الصادر عن لجنة الإسكوا.

يسرني أن أُفيد معاليكم أن المملكة العربية السعودية حققت المركز الأول في مؤشر نضج الخدمات الإلكترونية والنقالة لعام 2023م بنسبة نضج بلغت 93%.

ويُقيس المؤشر مدى نضج الخدمات المقدمة عبر البوابات الإلكترونية والتطبيقات الذكية، عبر ثلاث مؤشرات فرعية هي:
	•	توفر الخدمة وتطورها
	•	استخدام الخدمة ورضا المستخدم
	•	الوصول إلى الجمهور

هذا الإنجاز يعكس جهود الجهات الحكومية، واهتمام القيادة الرشيدة بدفع عجلة التحول الرقمي تحقيقًا لرؤية المملكة 2030.

أبارك لكم هذا الإنجاز، وأتقدم لكم ولفرقكم بالشكر والتقدير على إسهاماتكم، متطلعين إلى مزيد من النجاحات لتعزيز الصدارة الإقليمية والدولية للمملكة.

وتقبلوا خالص تحياتي.
م. [anonymized]
محافظ هيئة الحكومة الرقمية",0.9999999999888889,0.3076923076923077,0.0,1.0,0.32992412091541257
ما هي مستجدات اللياقة البدنية لعدد من الضباط؟,['معالي قائد الحرس الملكي\nالسلام عليكم ورحمة الله وبركاته\nمن خلال المعلومات المتوفرة لدينا، والثابتة قطعيا، ومن خلال المعاينة الشخصية من قبلنا ومن قبل الكثيرين، فقد لوحظ بشكل كبير أن هناك أعدادا كبيرة من الضباط وضباط الصف لا يملكون اللياقة البدنية التي تمكنهم من المناورة والاستعداد الكامل أثناء المهمات وذلك يعود لعدم التدريب الدوري، وقد أدى ذلك إلى ترهل الكثير منهم فتحولوا إلى أوزان لا تليق بالمدنيين فما بالك بالعسكريين.\nوبناء على أمر سيدي خادم الحرمين الشريفين - يحفظه الله - فقد صدر أمره الكريم لنا، بأن يمنح جميع ضباط وضباط الصف بالحرس الملكي مدة 3 أشهر فقط لتعديل أوزانهم وفق النموذج المرفق، ومن لم يمتثل لذلك بعد الثلاثة أشهر، فيرفع لنا بأسمائهم، للرفع للمقام الكريم لاتخاذ أقصى العقوبات بما في ذلك تأخير الترقيات لهم. لذا اعتمدوا إبلاغ منسوبي الحرس الملكي بالتوجيهات الكريمة .......'],توفر الإحاطة تحديثات حول اللياقة البدنية لعدد من الضباط: معالي محافظ هيئة الحكومة الرقمية حفظه الله السلام عليكم ورحمة الله وبركاته، إشارة إلى خطاب معاليكم رقم (????) وتاريخ ??/??/????هـ، بشأن تطوير الخدمات اللوجستية الرقمية لدى عدد من الجهات الحكومية، أود إحاطتكم بأن الهيئة استكملت المرحلة الثانية من التكامل الجسدي مع الجهات ذات العلاقة، بما يسهم في رفع كفاءة الخدمات الرقمية، وتحسين تجربة المستخدم، وتسريع تزويد الجهات بالمهارات اللازمة، بما يواكب مستهدفات رؤية المملكة 2030. وتفضلوا بقبول خالص التحية والتقدير. مع التحية، مؤسسة مسك,"معالي قائد الحرس الملكي
السلام عليكم ورحمة الله وبركاته
من خلال المعلومات المتوفرة لدينا، والثابتة قطعيا، ومن خلال المعاينة الشخصية من قبلنا ومن قبل الكثيرين، فقد لوحظ بشكل كبير أن هناك أعدادا كبيرة من الضباط وضباط الصف لا يملكون اللياقة البدنية التي تمكنهم من المناورة والاستعداد الكامل أثناء المهمات وذلك يعود لعدم التدريب الدوري، وقد أدى ذلك إلى ترهل الكثير منهم فتحولوا إلى أوزان لا تليق بالمدنيين فما بالك بالعسكريين.
وبناء على أمر سيدي خادم الحرمين الشريفين - يحفظه الله - فقد صدر أمره الكريم لنا، بأن يمنح جميع ضباط وضباط الصف بالحرس الملكي مدة 3 أشهر فقط لتعديل أوزانهم وفق النموذج المرفق، ومن لم يمتثل لذلك بعد الثلاثة أشهر، فيرفع لنا بأسمائهم، للرفع للمقام الكريم لاتخاذ أقصى العقوبات بما في ذلك تأخير الترقيات لهم. لذا اعتمدوا إبلاغ منسوبي الحرس الملكي بالتوجيهات الكريمة .......",0.9999999999,0.1,0.0,0.6666666666666666,0.2983992477458105
كيف يتم التعبير عن الشكر بشأن على التعاون في تنفيذ منصة تراخيص الفعاليات؟,['سعادة الرئيس التنفيذي للهيئة العامة للترفيه سلّمه الله\nالسلام عليكم ورحمة الله وبركاته،\nإشارة إلى النجاح المشترك في تدشين منصة تراخيص الفعاليات الرقمية، وتكاملها مع الأنظمة الحكومية ذات العلاقة.\nتتقدم الهيئة لسعادتكم بجزيل الشكر والتقدير على التعاون المثمر في مراحل التصميم والتنفيذ، والذي انعكس على تسهيل إجراءات الترخيص ورفع مستوى الشفافية في تنظيم الفعاليات.\nونأمل استمرار هذا التكامل في المشاريع الرقمية القادمة.\nوالسلام عليكم ورحمة الله وبركاته.'],يتم التعبير عن الشكر عبر خطاب رسمي يُشيد بالإنجازات: سعادة الرئيس التنفيذي لهيئة تطوير بوابة الدرعية سلّمه الله السلام عليكم ورحمة الله وبركاته، إشارة إلى خطاب سعادتكم رقم (????) وتاريخ ??/?/????هـ، بشأن التعاون في تنفيذ منصة تراخيص الفعاليات، تتقدم الهيئة بخالص الشكر والتقدير لسعادتكم على هذا التعاون، ونتطلع إلى استمرار التعاون المثمر بين الهيئة ووزارة النقل والخدمات اللوجستية في مشاريع التحول الرقمي. ونتعاون مع الأستاذ/ [anonymized]، مع التحية، مؤسسة مسك,"سعادة الرئيس التنفيذي للهيئة العامة للترفيه سلّمه الله
السلام عليكم ورحمة الله وبركاته،
إشارة إلى النجاح المشترك في تدشين منصة تراخيص الفعاليات الرقمية، وتكاملها مع الأنظمة الحكومية ذات العلاقة.
تتقدم الهيئة لسعادتكم بجزيل الشكر والتقدير على التعاون المثمر في مراحل التصميم والتنفيذ، والذي انعكس على تسهيل إجراءات الترخيص ورفع مستوى الشفافية في تنظيم الفعاليات.
ونأمل استمرار هذا التكامل في المشاريع الرقمية القادمة.
والسلام عليكم ورحمة الله وبركاته.",0.9999999999,0.3333333333333333,0.9263878447748891,0.75,0.46005524461440495
ما هي تفاصيل الإفادة بشأن الرد على خطاب الهيئة العامة للعقار وجود خطأ في خدمة الاستعلام عن الصكوك الفرعية؟,"['سعادة الرئيس التنفيذي للهيئة العامة للعقار\nسلّمه الله', 'السلام عليكم ورحمة الله وبركاته،', 'إشارةً إلى خطاب سعادتكم رقم (٤٦٠٠٠٠٥١٤٨/١) وتاريخ 1446/6/14هـ، المتضمّن طلب إعادة تفعيل خدمات الاستعلام الرقمية لمنصة برنامج جمعيات الملاك؛ نظرًا لتوقّف خدمات التحقق من الصكوك الفرعية والصك الأساس لدى وزارة العدل.', 'أود إفادة سعادتكم بأنّه انطلاقًا من دور هيئة الحكومة الرقمية في تعزيز التكامل بين الجهات الحكومية وضمان تقديم خدمات رقمية فعالة وآمنة، فقد جرى التنسيق مع وزارة العدل لإطلاق خدمة رقمية بديلة تُتيح الاستعلام عن الصكوك الفرعية، وقد استوفت هذه الخدمة جزئيًا متطلبات الهيئة. كما أودّ الإفادة بأن المتابعة مستمرة مع فريق العمل المشترك لاستكمال المتطلبات؛ بما يُحقق درجات أعلى من الاتساق في تقديم الخدمات الرقمية ويُعزّز من كفاءتها، بالنظر إلى ما تُمثله هذه الخدمة من أهمية بالغة في دعم قطاع الأعمال العقارية.', 'عليه؛ آمل التكرم بالاطلاع والإحاطة. وفي حال وجود أي استفسارات يمكن للمختصين لدى جهتكم الموقرة التواصل في هذا الشأن مع الأستاذة/ [anonymized]، عبر الهاتف المتنقل (٠٥٦xxxxxxx) أو البريد الإلكتروني ([anonymized]).', 'والسلام عليكم ورحمة الله وبركاته.\nم. [anonymized]\nمحافظ هيئة الحكومة الرقمية']",توفر الإفادة معلومات حول الرد على خطاب الهيئة العامة للعقار وجود خطأ في خدمة الاستعلام عن الصكوك الفرعية: سعادة الرئيس التنفيذي لهيئة العقار سلّمه الله السلام عليكم ورحمة الله وبركاته، إشارة إلى خطاب سعادتكم رقم (????) وتاريخ ??/?/????هـ، بشأن استفسار الجهات الحكومية المتعلقة بالعقار، أود إفادتكم بأن الهيئة قد أظهرت خطأً في تقديم الخدمة الاستعلامية الخاصة بالصكوك الفارسية، لما له من خبرة عملية في تحسين تجربة المستثمر. آمل التفضل بتوجيه الجهات المختصة بالتنسيق مع هيئة الحكومة الرقمية للتنسيق مع الجهات ذات العلاقة لتزويدكم بالخطأ في تقديم الاستفسار، وسيتم التواصل معه عبر الهاتف المتنقل (0558821) أو البريد الإلكتروني ([anonymized]). والسلام عليهم ورحمته. مع التحية، مؤسسة مسك,"سعادة الرئيس التنفيذي للهيئة العامة للعقار
سلّمه الله

السلام عليكم ورحمة الله وبركاته،

إشارةً إلى خطاب سعادتكم رقم (٤٦٠٠٠٠٥١٤٨/١) وتاريخ 1446/6/14هـ، المتضمّن طلب إعادة تفعيل خدمات الاستعلام الرقمية لمنصة برنامج جمعيات الملاك؛ نظرًا لتوقّف خدمات التحقق من الصكوك الفرعية والصك الأساس لدى وزارة العدل.

أود إفادة سعادتكم بأنّه انطلاقًا من دور هيئة الحكومة الرقمية في تعزيز التكامل بين الجهات الحكومية وضمان تقديم خدمات رقمية فعالة وآمنة، فقد جرى التنسيق مع وزارة العدل لإطلاق خدمة رقمية بديلة تُتيح الاستعلام عن الصكوك الفرعية، وقد استوفت هذه الخدمة جزئيًا متطلبات الهيئة. كما أودّ الإفادة بأن المتابعة مستمرة مع فريق العمل المشترك لاستكمال المتطلبات؛ بما يُحقق درجات أعلى من الاتساق في تقديم الخدمات الرقمية ويُعزّز من كفاءتها، بالنظر إلى ما تُمثله هذه الخدمة من أهمية بالغة في دعم قطاع الأعمال العقارية.

عليه؛ آمل التكرم بالاطلاع والإحاطة. وفي حال وجود أي استفسارات يمكن للمختصين لدى جهتكم الموقرة التواصل في هذا الشأن مع الأستاذة/ [anonymized]، عبر الهاتف المتنقل (٠٥٦xxxxxxx) أو البريد الإلكتروني ([anonymized]).

والسلام عليكم ورحمة الله وبركاته.
م. [anonymized]
محافظ هيئة الحكومة الرقمية",0.9999999999833333,0.25,0.0,1.0,0.40164659510103906
ما هي تفاصيل الدعوة لحضور المنتدى الإقليمي للبيانات المفتوحة؟,"['صاحب السمو الملكي أمير منطقة الجوف\nحفظه الله', 'السلام عليكم ورحمة الله وبركاته،\nإشارة إلى خطاب سموكم رقم (٤١٢٥) وتاريخ ١٥/١٠/١٤٤٥هـ، بشأن المشاركة في المنتدى الإقليمي للبيانات المفتوحة،\nيسر الهيئة دعوتكم للمشاركة في المنتدى الإقليمي للبيانات المفتوحة، والمزمع عقده يوم الاثنين ٢٥/١٠/١٤٤٥هـ في مدينة سكاكا.\nويهدف المنتدى إلى تعزيز تبادل الخبرات وتوسيع نطاق نشر البيانات المفتوحة على مستوى المناطق.\nوالسلام عليكم ورحمة الله وبركاته.']",يتم إرسال دعوة رسمية لحضور المنتدى الإقليمي للبيانات المفتوحة: معالي وزير البيانات والذكاء الاصطناعي حفظه الله السلام عليكم ورحمة الله وبركاته، إشارة إلى خطاب معاليكم رقم (????) وتاريخ ??/?/????هـ، بشأن دعوة للمشاركة في المنتدى الرقمي للمنتدى الرقمي المفتوح، ترشح الهيئة الأستاذ/ [anonymized]، مدير وحدة البيانات الرقمية، للمشاركين في المنتدى، لتمثيل الجهات الحكومية في مجالات الحوكمة الرقمية. وللتنسيق في هذا الشأن يمكن التواصل معه عبر الهاتف المتنقل (0547832) أو البريد الإلكتروني ([anonymized]). والسلام عليكم وبركة الله. مع التحية، مؤسسة مسك,"صاحب السمو الملكي أمير منطقة الجوف
حفظه الله

السلام عليكم ورحمة الله وبركاته،
إشارة إلى خطاب سموكم رقم (٤١٢٥) وتاريخ ١٥/١٠/١٤٤٥هـ، بشأن المشاركة في المنتدى الإقليمي للبيانات المفتوحة،
يسر الهيئة دعوتكم للمشاركة في المنتدى الإقليمي للبيانات المفتوحة، والمزمع عقده يوم الاثنين ٢٥/١٠/١٤٤٥هـ في مدينة سكاكا.
ويهدف المنتدى إلى تعزيز تبادل الخبرات وتوسيع نطاق نشر البيانات المفتوحة على مستوى المناطق.
والسلام عليكم ورحمة الله وبركاته.",0.99999999995,0.16666666666666666,1.000000000000001,1.0,0.3077526731022426
